household_id,login_frequency_monthly,mobile_app_sessions,customer_service_calls_30d
HH_00000,11,3,1
HH_00001,8,3,3
HH_00002,18,4,0
HH_00003,18,6,0
HH_00004,8,5,3
HH_00005,8,5,0
HH_00006,16,5,0
HH_00007,12,2,0
HH_00008,17,4,1
HH_00009,11,7,1
HH_00010,14,6,3
HH_00011,24,2,0
HH_00012,9,4,0
HH_00013,12,9,1
HH_00014,8,4,0
HH_00015,12,3,0
HH_00016,5,9,0
HH_00017,8,4,0
HH_00018,11,4,0
HH_00019,9,3,0
HH_00020,21,4,1
HH_00021,15,2,1
HH_00022,21,6,0
HH_00023,12,8,0
HH_00024,9,1,2
HH_00025,6,4,0
HH_00026,12,2,2
HH_00027,8,8,0
HH_00028,13,2,0
HH_00029,11,4,0
HH_00030,13,3,0
HH_00031,12,8,2
HH_00032,12,8,2
HH_00033,9,9,4
HH_00034,11,10,1
HH_00035,13,2,0
HH_00036,12,6,4
HH_00037,18,11,0
HH_00038,11,3,1
HH_00039,10,7,2
HH_00040,14,7,0
HH_00041,10,7,3
HH_00042,10,3,1
HH_00043,14,8,1
HH_00044,12,4,1
HH_00045,9,7,0
HH_00046,4,2,2
HH_00047,14,4,0
HH_00048,9,3,0
HH_00049,11,4,0
HH_00050,10,7,0
HH_00051,9,10,0
HH_00052,12,3,5
HH_00053,13,4,0
HH_00054,8,5,2
HH_00055,12,5,0
HH_00056,14,6,0
HH_00057,13,2,0
HH_00058,12,3,2
HH_00059,12,6,1
HH_00060,17,1,0
HH_00061,11,9,0
HH_00062,11,5,0
HH_00063,9,4,3
HH_00064,12,2,0
HH_00065,13,5,1
HH_00066,17,2,0
HH_00067,10,7,2
HH_00068,12,8,1
HH_00069,14,3,1
HH_00070,6,5,1
HH_00071,10,6,2
HH_00072,15,4,1
HH_00073,6,2,0
HH_00074,14,5,2
HH_00075,9,7,1
HH_00076,16,4,1
HH_00077,14,4,1
HH_00078,12,7,0
HH_00079,9,5,2
HH_00080,14,1,2
HH_00081,10,5,2
HH_00082,16,3,1
HH_00083,15,5,2
HH_00084,11,9,2
HH_00085,20,5,0
HH_00086,14,6,2
HH_00087,11,4,1
HH_00088,10,9,0
HH_00089,10,3,1
HH_00090,17,4,1
HH_00091,14,2,3
HH_00092,9,5,1
HH_00093,10,6,1
HH_00094,13,4,0
HH_00095,10,5,0
HH_00096,9,8,2
HH_00097,10,5,0
HH_00098,11,4,2
HH_00099,15,7,2
HH_00100,13,4,0
HH_00101,10,8,0
HH_00102,12,5,2
HH_00103,10,7,0
HH_00104,15,3,2
HH_00105,17,5,2
HH_00106,16,5,2
HH_00107,12,5,0
HH_00108,9,9,0
HH_00109,12,4,1
HH_00110,7,7,1
HH_00111,13,7,1
HH_00112,10,3,2
HH_00113,13,8,1
HH_00114,11,6,2
HH_00115,12,3,1
HH_00116,8,6,2
HH_00117,7,2,2
HH_00118,17,6,0
HH_00119,20,5,2
HH_00120,8,3,2
HH_00121,11,0,0
HH_00122,21,3,4
HH_00123,16,6,1
HH_00124,4,6,0
HH_00125,17,3,0
HH_00126,15,9,0
HH_00127,9,5,1
HH_00128,14,8,2
HH_00129,7,2,0
HH_00130,7,5,1
HH_00131,16,4,2
HH_00132,17,8,2
HH_00133,11,5,1
HH_00134,13,3,2
HH_00135,12,7,0
HH_00136,14,7,2
HH_00137,15,7,2
HH_00138,10,6,1
HH_00139,13,4,0
HH_00140,14,6,0
HH_00141,14,5,1
HH_00142,12,8,1
HH_00143,8,4,3
HH_00144,8,5,0
HH_00145,9,4,0
HH_00146,13,3,2
HH_00147,17,3,2
HH_00148,12,9,1
HH_00149,18,9,2
HH_00150,10,2,1
HH_00151,13,7,0
HH_00152,15,5,1
HH_00153,12,8,2
HH_00154,16,4,3
HH_00155,16,5,1
HH_00156,19,0,2
HH_00157,7,3,0
HH_00158,11,4,2
HH_00159,12,9,0
HH_00160,10,3,2
HH_00161,18,2,0
HH_00162,16,8,4
HH_00163,13,7,2
HH_00164,12,5,0
HH_00165,6,8,0
HH_00166,13,5,1
HH_00167,15,6,0
HH_00168,12,8,1
HH_00169,11,3,2
HH_00170,14,7,4
HH_00171,17,4,4
HH_00172,10,6,1
HH_00173,9,5,1
HH_00174,12,9,3
HH_00175,8,4,3
HH_00176,9,3,1
HH_00177,12,1,1
HH_00178,7,2,0
HH_00179,16,7,1
HH_00180,11,3,0
HH_00181,15,8,1
HH_00182,13,4,1
HH_00183,11,4,0
HH_00184,16,10,0
HH_00185,11,4,1
HH_00186,10,10,0
HH_00187,16,5,1
HH_00188,17,2,3
HH_00189,12,3,0
HH_00190,11,4,0
HH_00191,16,11,2
HH_00192,7,5,0
HH_00193,13,8,0
HH_00194,13,4,1
HH_00195,11,2,0
HH_00196,14,4,1
HH_00197,9,6,0
HH_00198,9,6,0
HH_00199,11,7,1
HH_00200,13,3,1
HH_00201,16,3,1
HH_00202,9,5,0
HH_00203,10,2,1
HH_00204,7,5,3
HH_00205,13,6,1
HH_00206,15,5,1
HH_00207,11,0,2
HH_00208,15,3,2
HH_00209,17,6,2
HH_00210,15,5,1
HH_00211,8,7,0
HH_00212,11,5,2
HH_00213,12,1,0
HH_00214,8,9,2
HH_00215,8,4,1
HH_00216,7,3,1
HH_00217,13,2,2
HH_00218,9,4,1
HH_00219,9,4,2
HH_00220,9,3,1
HH_00221,8,3,1
HH_00222,13,2,1
HH_00223,22,3,2
HH_00224,8,0,2
HH_00225,12,5,0
HH_00226,14,4,1
HH_00227,14,5,0
HH_00228,8,2,1
HH_00229,7,4,0
HH_00230,14,5,0
HH_00231,17,8,1
HH_00232,13,5,3
HH_00233,12,1,0
HH_00234,5,0,0
HH_00235,24,6,1
HH_00236,11,4,0
HH_00237,10,3,2
HH_00238,19,1,2
HH_00239,9,4,1
HH_00240,12,2,0
HH_00241,24,6,2
HH_00242,4,2,1
HH_00243,22,5,0
HH_00244,9,5,1
HH_00245,7,3,0
HH_00246,10,5,1
HH_00247,13,6,2
HH_00248,14,4,0
HH_00249,8,4,1
HH_00250,16,9,1
HH_00251,14,3,0
HH_00252,11,2,2
HH_00253,9,2,1
HH_00254,18,7,0
HH_00255,5,8,0
HH_00256,13,5,1
HH_00257,15,4,1
HH_00258,9,4,0
HH_00259,19,4,0
HH_00260,7,3,1
HH_00261,6,4,0
HH_00262,8,4,1
HH_00263,13,5,1
HH_00264,16,8,1
HH_00265,8,2,1
HH_00266,10,11,0
HH_00267,12,5,1
HH_00268,18,7,1
HH_00269,7,4,1
HH_00270,8,3,2
HH_00271,10,6,0
HH_00272,12,4,1
HH_00273,10,3,1
HH_00274,13,9,2
HH_00275,6,5,0
HH_00276,9,4,0
HH_00277,8,7,1
HH_00278,12,5,0
HH_00279,14,4,0
HH_00280,11,3,0
HH_00281,5,8,0
HH_00282,8,3,0
HH_00283,3,2,0
HH_00284,11,8,1
HH_00285,15,4,0
HH_00286,12,4,0
HH_00287,10,4,1
HH_00288,9,7,1
HH_00289,13,3,1
HH_00290,13,7,0
HH_00291,14,6,1
HH_00292,13,4,0
HH_00293,13,3,1
HH_00294,9,2,0
HH_00295,12,7,0
HH_00296,19,8,1
HH_00297,8,8,2
HH_00298,7,5,0
HH_00299,14,5,0
HH_00300,15,7,1
HH_00301,12,5,3
HH_00302,17,11,3
HH_00303,17,8,0
HH_00304,8,3,3
HH_00305,8,5,0
HH_00306,9,3,3
HH_00307,12,6,0
HH_00308,16,6,2
HH_00309,19,4,2
HH_00310,19,6,1
HH_00311,17,9,0
HH_00312,18,3,1
HH_00313,10,5,1
HH_00314,14,5,0
HH_00315,16,4,0
HH_00316,13,4,1
HH_00317,3,3,2
HH_00318,13,5,1
HH_00319,13,8,0
HH_00320,15,4,2
HH_00321,13,5,2
HH_00322,8,8,1
HH_00323,14,5,1
HH_00324,12,7,1
HH_00325,15,4,0
HH_00326,12,3,1
HH_00327,18,4,0
HH_00328,15,6,1
HH_00329,7,6,0
HH_00330,15,8,0
HH_00331,14,8,1
HH_00332,8,8,1
HH_00333,11,2,2
HH_00334,11,7,1
HH_00335,14,6,0
HH_00336,10,2,0
HH_00337,9,3,2
HH_00338,13,4,0
HH_00339,8,9,0
HH_00340,8,3,1
HH_00341,15,5,1
HH_00342,7,5,0
HH_00343,7,2,2
HH_00344,12,3,0
HH_00345,12,5,1
HH_00346,13,3,1
HH_00347,11,4,1
HH_00348,11,7,1
HH_00349,12,6,0
HH_00350,17,4,2
HH_00351,6,8,3
HH_00352,4,7,2
HH_00353,12,4,1
HH_00354,14,12,2
HH_00355,16,1,1
HH_00356,14,4,0
HH_00357,9,7,0
HH_00358,11,10,0
HH_00359,14,5,1
HH_00360,13,3,0
HH_00361,16,8,1
HH_00362,11,4,1
HH_00363,13,3,0
HH_00364,18,6,2
HH_00365,11,3,1
HH_00366,15,9,1
HH_00367,7,5,1
HH_00368,22,8,1
HH_00369,13,5,4
HH_00370,11,11,1
HH_00371,6,7,2
HH_00372,21,4,1
HH_00373,10,5,0
HH_00374,14,5,2
HH_00375,13,4,0
HH_00376,15,6,2
HH_00377,11,7,1
HH_00378,11,9,2
HH_00379,19,6,2
HH_00380,15,11,4
HH_00381,20,2,0
HH_00382,11,4,1
HH_00383,9,6,0
HH_00384,13,2,0
HH_00385,13,4,0
HH_00386,10,4,1
HH_00387,12,5,1
HH_00388,6,5,2
HH_00389,12,3,0
HH_00390,8,6,0
HH_00391,15,5,2
HH_00392,12,5,1
HH_00393,12,4,1
HH_00394,16,7,1
HH_00395,14,6,3
HH_00396,10,3,0
HH_00397,9,3,1
HH_00398,6,5,1
HH_00399,10,5,2
HH_00400,6,2,1
HH_00401,12,4,1
HH_00402,9,8,0
HH_00403,12,5,1
HH_00404,6,7,2
HH_00405,12,4,0
HH_00406,16,7,0
HH_00407,14,4,1
HH_00408,16,3,1
HH_00409,11,2,0
HH_00410,18,9,2
HH_00411,8,2,1
HH_00412,10,4,0
HH_00413,10,1,3
HH_00414,12,7,1
HH_00415,9,4,2
HH_00416,14,6,1
HH_00417,18,8,0
HH_00418,15,6,0
HH_00419,11,5,1
HH_00420,12,3,2
HH_00421,12,6,0
HH_00422,10,5,0
HH_00423,12,1,0
HH_00424,3,3,0
HH_00425,10,5,1
HH_00426,5,5,1
HH_00427,12,4,0
HH_00428,9,4,2
HH_00429,15,4,0
HH_00430,11,5,1
HH_00431,14,6,1
HH_00432,13,6,0
HH_00433,12,6,1
HH_00434,15,7,1
HH_00435,11,5,3
HH_00436,8,2,1
HH_00437,9,3,1
HH_00438,17,4,0
HH_00439,14,7,3
HH_00440,12,5,1
HH_00441,11,0,1
HH_00442,10,3,2
HH_00443,14,9,0
HH_00444,17,4,2
HH_00445,12,4,2
HH_00446,20,6,2
HH_00447,17,3,2
HH_00448,15,13,1
HH_00449,11,4,2
HH_00450,20,4,0
HH_00451,11,7,0
HH_00452,16,9,1
HH_00453,8,5,1
HH_00454,9,3,0
HH_00455,12,3,2
HH_00456,9,4,1
HH_00457,11,7,1
HH_00458,15,10,0
HH_00459,14,8,0
HH_00460,12,2,0
HH_00461,11,5,1
HH_00462,19,6,0
HH_00463,17,3,2
HH_00464,12,12,2
HH_00465,17,6,2
HH_00466,13,6,2
HH_00467,13,5,1
HH_00468,10,6,0
HH_00469,9,4,1
HH_00470,14,7,1
HH_00471,10,6,0
HH_00472,10,5,0
HH_00473,9,9,1
HH_00474,15,7,0
HH_00475,10,2,0
HH_00476,9,8,2
HH_00477,10,6,0
HH_00478,8,5,1
HH_00479,14,5,1
HH_00480,11,6,1
HH_00481,11,3,3
HH_00482,11,4,1
HH_00483,16,5,1
HH_00484,6,5,2
HH_00485,5,4,1
HH_00486,16,7,0
HH_00487,20,5,2
HH_00488,8,2,1
HH_00489,15,5,0
HH_00490,10,6,1
HH_00491,12,2,0
HH_00492,12,6,2
HH_00493,13,8,3
HH_00494,18,7,1
HH_00495,15,2,1
HH_00496,15,12,1
HH_00497,9,3,0
HH_00498,13,4,1
HH_00499,17,3,1
HH_00500,9,4,1
HH_00501,9,6,1
HH_00502,19,8,0
HH_00503,13,3,1
HH_00504,7,6,1
HH_00505,13,8,2
HH_00506,12,6,0
HH_00507,4,3,0
HH_00508,18,4,3
HH_00509,12,6,0
HH_00510,18,6,0
HH_00511,9,9,1
HH_00512,8,5,1
HH_00513,13,4,2
HH_00514,10,3,1
HH_00515,17,6,1
HH_00516,16,5,2
HH_00517,12,7,1
HH_00518,7,3,0
HH_00519,14,8,1
HH_00520,10,10,1
HH_00521,14,4,1
HH_00522,6,6,1
HH_00523,18,6,0
HH_00524,6,3,1
HH_00525,12,8,4
HH_00526,18,5,1
HH_00527,11,8,3
HH_00528,13,8,1
HH_00529,9,3,1
HH_00530,11,6,3
HH_00531,15,10,0
HH_00532,10,3,0
HH_00533,12,4,2
HH_00534,14,3,2
HH_00535,19,4,0
HH_00536,10,3,0
HH_00537,10,1,0
HH_00538,14,4,1
HH_00539,11,6,0
HH_00540,15,8,0
HH_00541,9,7,1
HH_00542,19,4,0
HH_00543,6,5,0
HH_00544,17,5,2
HH_00545,17,5,1
HH_00546,12,3,0
HH_00547,12,7,1
HH_00548,13,4,0
HH_00549,12,7,1
HH_00550,13,3,0
HH_00551,14,4,0
HH_00552,11,4,0
HH_00553,11,5,2
HH_00554,11,1,3
HH_00555,13,8,0
HH_00556,9,2,0
HH_00557,19,5,0
HH_00558,8,7,1
HH_00559,7,7,0
HH_00560,14,9,2
HH_00561,9,4,0
HH_00562,14,6,2
HH_00563,8,5,0
HH_00564,13,6,0
HH_00565,12,5,3
HH_00566,10,2,1
HH_00567,12,4,1
HH_00568,13,4,3
HH_00569,15,4,1
HH_00570,19,1,2
HH_00571,11,6,1
HH_00572,14,3,2
HH_00573,8,7,0
HH_00574,22,4,2
HH_00575,10,5,2
HH_00576,10,3,1
HH_00577,9,7,0
HH_00578,11,5,0
HH_00579,9,7,0
HH_00580,9,2,1
HH_00581,16,9,1
HH_00582,13,2,0
HH_00583,13,2,1
HH_00584,6,5,1
HH_00585,6,4,3
HH_00586,18,6,0
HH_00587,8,2,1
HH_00588,11,9,2
HH_00589,7,8,0
HH_00590,10,3,0
HH_00591,13,7,0
HH_00592,5,4,0
HH_00593,18,8,1
HH_00594,17,9,3
HH_00595,21,4,1
HH_00596,14,6,4
HH_00597,16,5,0
HH_00598,6,1,1
HH_00599,21,4,0
HH_00600,21,2,0
HH_00601,12,5,0
HH_00602,13,4,0
HH_00603,9,2,1
HH_00604,13,4,1
HH_00605,11,5,0
HH_00606,12,6,1
HH_00607,13,8,3
HH_00608,7,6,1
HH_00609,14,9,0
HH_00610,8,6,0
HH_00611,11,2,0
HH_00612,17,3,2
HH_00613,11,3,0
HH_00614,17,3,1
HH_00615,5,3,0
HH_00616,13,1,0
HH_00617,9,4,1
HH_00618,10,7,1
HH_00619,9,6,2
HH_00620,16,5,0
HH_00621,12,4,1
HH_00622,15,2,1
HH_00623,8,4,1
HH_00624,12,4,3
HH_00625,10,6,1
HH_00626,10,3,1
HH_00627,12,7,1
HH_00628,16,5,1
HH_00629,10,6,0
HH_00630,10,3,0
HH_00631,15,6,3
HH_00632,8,9,0
HH_00633,12,11,0
HH_00634,14,4,0
HH_00635,9,6,1
HH_00636,9,6,3
HH_00637,14,3,1
HH_00638,16,7,0
HH_00639,11,4,0
HH_00640,11,2,1
HH_00641,18,4,0
HH_00642,12,8,1
HH_00643,5,6,2
HH_00644,9,0,2
HH_00645,10,7,0
HH_00646,17,5,1
HH_00647,13,4,1
HH_00648,12,5,0
HH_00649,10,7,1
HH_00650,6,8,0
HH_00651,21,4,3
HH_00652,18,6,0
HH_00653,9,6,1
HH_00654,11,5,1
HH_00655,6,4,3
HH_00656,12,4,0
HH_00657,14,3,0
HH_00658,10,1,1
HH_00659,11,8,0
HH_00660,15,7,0
HH_00661,13,9,0
HH_00662,14,6,0
HH_00663,12,4,1
HH_00664,9,4,3
HH_00665,13,7,0
HH_00666,12,4,0
HH_00667,13,4,1
HH_00668,10,3,3
HH_00669,7,3,1
HH_00670,14,5,1
HH_00671,11,7,2
HH_00672,16,5,1
HH_00673,15,3,1
HH_00674,13,5,2
HH_00675,19,7,1
HH_00676,13,9,1
HH_00677,15,3,0
HH_00678,13,2,0
HH_00679,7,4,0
HH_00680,12,7,0
HH_00681,9,3,2
HH_00682,8,8,2
HH_00683,8,3,0
HH_00684,12,4,0
HH_00685,14,7,0
HH_00686,8,6,1
HH_00687,15,3,0
HH_00688,17,7,1
HH_00689,11,4,4
HH_00690,13,2,1
HH_00691,15,5,0
HH_00692,14,5,1
HH_00693,11,7,2
HH_00694,25,5,2
HH_00695,10,7,2
HH_00696,19,6,1
HH_00697,17,3,1
HH_00698,11,7,1
HH_00699,15,4,0
HH_00700,11,3,1
HH_00701,10,6,1
HH_00702,17,5,0
HH_00703,16,2,1
HH_00704,7,2,0
HH_00705,12,7,4
HH_00706,7,3,1
HH_00707,9,6,2
HH_00708,8,5,0
HH_00709,12,4,1
HH_00710,7,6,1
HH_00711,12,2,0
HH_00712,9,4,2
HH_00713,11,4,0
HH_00714,13,3,3
HH_00715,16,7,1
HH_00716,12,4,2
HH_00717,12,5,0
HH_00718,12,3,1
HH_00719,15,6,0
HH_00720,19,9,1
HH_00721,14,6,1
HH_00722,9,5,1
HH_00723,13,4,1
HH_00724,9,7,0
HH_00725,13,4,1
HH_00726,17,5,1
HH_00727,16,6,0
HH_00728,12,8,1
HH_00729,17,2,1
HH_00730,9,6,0
HH_00731,10,10,2
HH_00732,10,5,1
HH_00733,16,5,3
HH_00734,14,2,1
HH_00735,9,3,2
HH_00736,5,8,0
HH_00737,13,3,2
HH_00738,10,4,1
HH_00739,15,5,1
HH_00740,17,3,1
HH_00741,15,6,2
HH_00742,16,4,0
HH_00743,12,5,4
HH_00744,5,5,2
HH_00745,8,1,3
HH_00746,10,7,0
HH_00747,14,5,2
HH_00748,12,3,1
HH_00749,17,9,0
HH_00750,13,6,1
HH_00751,14,7,0
HH_00752,16,4,2
HH_00753,13,2,0
HH_00754,13,5,2
HH_00755,10,3,1
HH_00756,9,4,1
HH_00757,11,9,1
HH_00758,7,6,2
HH_00759,11,8,1
HH_00760,15,5,1
HH_00761,13,6,1
HH_00762,6,5,0
HH_00763,7,2,3
HH_00764,15,6,0
HH_00765,10,7,1
HH_00766,7,3,2
HH_00767,14,2,1
HH_00768,17,3,1
HH_00769,12,1,0
HH_00770,14,8,0
HH_00771,9,2,3
HH_00772,15,5,1
HH_00773,14,6,2
HH_00774,14,7,2
HH_00775,11,4,1
HH_00776,15,6,0
HH_00777,11,6,3
HH_00778,13,4,0
HH_00779,8,5,1
HH_00780,8,7,2
HH_00781,8,5,1
HH_00782,10,8,1
HH_00783,6,2,1
HH_00784,17,6,0
HH_00785,11,8,1
HH_00786,14,5,1
HH_00787,10,4,0
HH_00788,15,6,1
HH_00789,11,5,1
HH_00790,16,10,1
HH_00791,12,1,2
HH_00792,14,7,1
HH_00793,8,5,2
HH_00794,8,7,1
HH_00795,11,3,2
HH_00796,6,3,1
HH_00797,16,7,1
HH_00798,15,4,1
HH_00799,11,5,1
HH_00800,7,5,0
HH_00801,10,8,0
HH_00802,7,5,0
HH_00803,6,6,0
HH_00804,13,7,0
HH_00805,15,6,1
HH_00806,12,6,2
HH_00807,17,5,0
HH_00808,16,3,1
HH_00809,11,4,0
HH_00810,11,6,1
HH_00811,14,4,0
HH_00812,9,8,1
HH_00813,12,5,0
HH_00814,13,5,0
HH_00815,3,8,1
HH_00816,9,4,0
HH_00817,7,2,1
HH_00818,9,6,0
HH_00819,9,3,0
HH_00820,12,6,1
HH_00821,11,4,2
HH_00822,16,8,1
HH_00823,12,9,3
HH_00824,15,4,0
HH_00825,11,3,1
HH_00826,9,3,1
HH_00827,16,4,0
HH_00828,11,6,0
HH_00829,16,8,1
HH_00830,10,8,4
HH_00831,11,4,1
HH_00832,11,5,0
HH_00833,11,4,0
HH_00834,10,5,3
HH_00835,10,5,0
HH_00836,6,6,1
HH_00837,12,1,0
HH_00838,10,6,1
HH_00839,15,6,2
HH_00840,17,8,0
HH_00841,9,6,1
HH_00842,11,6,1
HH_00843,10,5,0
HH_00844,17,5,1
HH_00845,13,5,2
HH_00846,10,1,2
HH_00847,12,7,0
HH_00848,17,3,1
HH_00849,12,5,0
HH_00850,11,5,2
HH_00851,13,2,1
HH_00852,14,6,0
HH_00853,12,6,1
HH_00854,16,3,1
HH_00855,13,4,0
HH_00856,11,5,1
HH_00857,12,2,3
HH_00858,28,4,0
HH_00859,11,3,5
HH_00860,18,4,1
HH_00861,13,6,1
HH_00862,9,8,1
HH_00863,12,5,1
HH_00864,16,3,2
HH_00865,17,7,0
HH_00866,11,5,2
HH_00867,13,2,0
HH_00868,18,3,2
HH_00869,14,6,1
HH_00870,10,9,2
HH_00871,11,4,0
HH_00872,13,6,0
HH_00873,8,5,0
HH_00874,11,6,1
HH_00875,12,4,2
HH_00876,14,2,2
HH_00877,10,8,1
HH_00878,9,4,1
HH_00879,9,2,2
HH_00880,10,4,1
HH_00881,7,5,2
HH_00882,8,5,0
HH_00883,7,5,2
HH_00884,8,6,1
HH_00885,14,8,2
HH_00886,13,2,2
HH_00887,10,7,0
HH_00888,7,3,2
HH_00889,11,6,0
HH_00890,13,5,2
HH_00891,11,6,0
HH_00892,26,4,0
HH_00893,16,5,1
HH_00894,17,4,0
HH_00895,15,6,1
HH_00896,12,8,2
HH_00897,18,7,1
HH_00898,11,2,0
HH_00899,16,3,0
HH_00900,18,5,1
HH_00901,16,5,2
HH_00902,16,8,2
HH_00903,12,6,1
HH_00904,10,6,0
HH_00905,21,5,2
HH_00906,17,5,0
HH_00907,14,4,2
HH_00908,7,5,0
HH_00909,14,4,2
HH_00910,21,4,0
HH_00911,11,6,1
HH_00912,10,4,2
HH_00913,17,10,0
HH_00914,13,6,0
HH_00915,7,3,1
HH_00916,11,4,0
HH_00917,12,5,2
HH_00918,11,6,2
HH_00919,11,5,1
HH_00920,16,4,1
HH_00921,12,4,2
HH_00922,12,2,0
HH_00923,16,10,2
HH_00924,12,10,1
HH_00925,10,7,2
HH_00926,11,6,0
HH_00927,12,8,2
HH_00928,11,4,0
HH_00929,10,6,3
HH_00930,14,10,0
HH_00931,13,3,0
HH_00932,12,6,1
HH_00933,11,3,0
HH_00934,11,3,1
HH_00935,12,5,1
HH_00936,11,3,2
HH_00937,12,6,0
HH_00938,14,7,1
HH_00939,18,11,1
HH_00940,15,5,1
HH_00941,11,10,0
HH_00942,8,3,2
HH_00943,10,6,2
HH_00944,10,14,2
HH_00945,10,4,0
HH_00946,17,3,1
HH_00947,9,4,1
HH_00948,15,5,2
HH_00949,15,7,0
HH_00950,11,7,2
HH_00951,12,6,2
HH_00952,9,5,1
HH_00953,11,5,1
HH_00954,13,4,1
HH_00955,7,2,0
HH_00956,13,3,2
HH_00957,8,6,1
HH_00958,11,8,2
HH_00959,16,1,1
HH_00960,8,5,0
HH_00961,8,9,1
HH_00962,8,3,1
HH_00963,18,4,1
HH_00964,10,2,0
HH_00965,9,3,0
HH_00966,15,4,1
HH_00967,14,2,1
HH_00968,13,3,0
HH_00969,17,4,1
HH_00970,12,5,0
HH_00971,19,4,0
HH_00972,12,5,0
HH_00973,10,6,0
HH_00974,10,7,0
HH_00975,9,3,0
HH_00976,12,6,0
HH_00977,11,3,0
HH_00978,10,6,0
HH_00979,7,6,0
HH_00980,10,3,2
HH_00981,14,3,2
HH_00982,10,7,2
HH_00983,10,6,0
HH_00984,11,6,2
HH_00985,9,4,0
HH_00986,17,6,1
HH_00987,19,4,1
HH_00988,9,6,1
HH_00989,13,3,2
HH_00990,10,3,0
HH_00991,13,6,1
HH_00992,12,3,2
HH_00993,14,3,1
HH_00994,11,5,0
HH_00995,9,6,1
HH_00996,17,6,3
HH_00997,12,6,2
HH_00998,10,7,3
HH_00999,13,7,1
HH_01000,8,4,0
HH_01001,12,9,2
HH_01002,15,6,0
HH_01003,11,5,2
HH_01004,16,4,0
HH_01005,11,3,2
HH_01006,17,8,1
HH_01007,7,3,1
HH_01008,15,10,4
HH_01009,7,2,0
HH_01010,8,4,2
HH_01011,15,3,2
HH_01012,11,7,0
HH_01013,14,3,3
HH_01014,9,5,0
HH_01015,13,8,0
HH_01016,20,6,1
HH_01017,18,4,2
HH_01018,12,7,1
HH_01019,6,6,0
HH_01020,10,6,1
HH_01021,13,7,0
HH_01022,11,6,0
HH_01023,11,5,1
HH_01024,20,5,0
HH_01025,12,4,0
HH_01026,10,8,0
HH_01027,12,4,1
HH_01028,10,1,1
HH_01029,10,3,1
HH_01030,10,5,2
HH_01031,12,4,1
HH_01032,12,8,0
HH_01033,15,4,0
HH_01034,9,5,0
HH_01035,18,5,1
HH_01036,16,4,1
HH_01037,18,5,1
HH_01038,7,5,0
HH_01039,18,5,1
HH_01040,11,6,5
HH_01041,6,2,4
HH_01042,12,8,0
HH_01043,13,9,2
HH_01044,13,5,0
HH_01045,19,5,1
HH_01046,15,4,0
HH_01047,19,4,1
HH_01048,18,4,2
HH_01049,13,9,4
HH_01050,15,2,1
HH_01051,18,5,0
HH_01052,18,7,3
HH_01053,16,3,0
HH_01054,16,4,1
HH_01055,12,7,2
HH_01056,13,2,2
HH_01057,12,4,0
HH_01058,10,7,2
HH_01059,13,8,0
HH_01060,12,8,1
HH_01061,13,5,1
HH_01062,15,5,0
HH_01063,4,7,0
HH_01064,8,2,1
HH_01065,11,6,0
HH_01066,12,3,2
HH_01067,8,5,0
HH_01068,8,6,1
HH_01069,9,3,0
HH_01070,18,9,1
HH_01071,12,8,0
HH_01072,12,7,0
HH_01073,14,5,0
HH_01074,10,5,1
HH_01075,6,2,2
HH_01076,10,4,2
HH_01077,13,6,2
HH_01078,7,7,0
HH_01079,11,6,0
HH_01080,8,4,0
HH_01081,9,1,2
HH_01082,16,7,2
HH_01083,11,3,1
HH_01084,12,7,2
HH_01085,11,4,0
HH_01086,8,8,1
HH_01087,9,4,3
HH_01088,12,5,0
HH_01089,8,2,1
HH_01090,18,7,0
HH_01091,17,3,2
HH_01092,12,8,0
HH_01093,8,5,0
HH_01094,15,4,2
HH_01095,12,5,4
HH_01096,12,4,0
HH_01097,12,1,1
HH_01098,14,4,0
HH_01099,11,2,3
HH_01100,14,7,1
HH_01101,10,5,3
HH_01102,11,7,2
HH_01103,20,4,1
HH_01104,18,4,0
HH_01105,5,6,1
HH_01106,19,2,0
HH_01107,12,3,0
HH_01108,18,3,0
HH_01109,12,7,1
HH_01110,15,10,0
HH_01111,19,4,3
HH_01112,8,3,0
HH_01113,8,4,0
HH_01114,10,1,0
HH_01115,10,3,1
HH_01116,7,7,2
HH_01117,13,7,0
HH_01118,7,6,3
HH_01119,6,2,0
HH_01120,9,2,2
HH_01121,12,6,0
HH_01122,11,4,1
HH_01123,8,5,3
HH_01124,13,5,1
HH_01125,12,8,2
HH_01126,11,10,1
HH_01127,11,7,0
HH_01128,10,9,0
HH_01129,9,5,1
HH_01130,12,6,0
HH_01131,17,1,0
HH_01132,14,4,1
HH_01133,12,7,4
HH_01134,16,2,0
HH_01135,14,3,1
HH_01136,13,3,2
HH_01137,10,3,2
HH_01138,19,3,0
HH_01139,7,3,0
HH_01140,10,5,1
HH_01141,8,4,0
HH_01142,14,6,2
HH_01143,12,1,3
HH_01144,19,9,0
HH_01145,8,4,3
HH_01146,8,9,0
HH_01147,12,5,1
HH_01148,11,2,3
HH_01149,10,6,0
HH_01150,12,3,0
HH_01151,15,7,1
HH_01152,15,2,1
HH_01153,9,8,1
HH_01154,14,4,0
HH_01155,12,4,4
HH_01156,11,2,2
HH_01157,9,7,0
HH_01158,9,6,1
HH_01159,10,0,1
HH_01160,16,6,0
HH_01161,9,7,1
HH_01162,9,8,2
HH_01163,9,3,1
HH_01164,9,5,0
HH_01165,14,4,1
HH_01166,19,4,1
HH_01167,12,6,1
HH_01168,9,4,0
HH_01169,12,6,0
HH_01170,11,6,2
HH_01171,12,5,2
HH_01172,8,3,0
HH_01173,12,3,0
HH_01174,9,6,1
HH_01175,9,5,3
HH_01176,15,6,2
HH_01177,11,5,2
HH_01178,19,4,1
HH_01179,7,6,0
HH_01180,13,9,1
HH_01181,9,8,2
HH_01182,14,3,1
HH_01183,13,2,0
HH_01184,13,7,0
HH_01185,12,2,1
HH_01186,12,2,3
HH_01187,8,11,1
HH_01188,10,5,0
HH_01189,14,8,1
HH_01190,15,5,1
HH_01191,8,8,1
HH_01192,10,2,0
HH_01193,11,4,1
HH_01194,9,4,0
HH_01195,12,4,0
HH_01196,10,6,3
HH_01197,12,2,2
HH_01198,18,2,0
HH_01199,18,5,1
HH_01200,21,6,1
HH_01201,9,8,0
HH_01202,13,6,3
HH_01203,14,3,0
HH_01204,13,5,1
HH_01205,15,5,2
HH_01206,6,10,1
HH_01207,10,3,1
HH_01208,7,3,1
HH_01209,15,8,2
HH_01210,15,5,2
HH_01211,12,8,0
HH_01212,10,6,0
HH_01213,12,6,2
HH_01214,12,6,0
HH_01215,9,7,1
HH_01216,10,5,2
HH_01217,11,7,1
HH_01218,18,9,0
HH_01219,17,9,1
HH_01220,16,4,1
HH_01221,12,4,3
HH_01222,16,6,1
HH_01223,17,7,0
HH_01224,7,2,0
HH_01225,18,6,2
HH_01226,16,5,2
HH_01227,16,6,0
HH_01228,12,5,1
HH_01229,18,6,1
HH_01230,12,4,0
HH_01231,14,3,1
HH_01232,10,5,1
HH_01233,9,2,3
HH_01234,17,4,2
HH_01235,17,3,0
HH_01236,9,7,0
HH_01237,16,5,1
HH_01238,10,8,0
HH_01239,7,3,0
HH_01240,14,10,0
HH_01241,13,4,0
HH_01242,10,3,2
HH_01243,13,2,1
HH_01244,15,4,1
HH_01245,15,4,2
HH_01246,11,5,2
HH_01247,8,7,0
HH_01248,20,7,1
HH_01249,17,3,1
HH_01250,14,10,2
HH_01251,18,5,2
HH_01252,15,3,3
HH_01253,17,5,0
HH_01254,11,6,1
HH_01255,17,5,1
HH_01256,14,3,1
HH_01257,12,8,1
HH_01258,17,7,2
HH_01259,8,5,0
HH_01260,13,13,2
HH_01261,12,7,1
HH_01262,8,6,2
HH_01263,13,4,1
HH_01264,12,3,2
HH_01265,17,4,1
HH_01266,12,3,0
HH_01267,7,7,3
HH_01268,19,5,3
HH_01269,7,7,3
HH_01270,17,2,0
HH_01271,10,3,0
HH_01272,10,4,1
HH_01273,12,1,1
HH_01274,14,3,0
HH_01275,7,5,1
HH_01276,8,5,1
HH_01277,12,2,1
HH_01278,7,2,0
HH_01279,10,4,1
HH_01280,12,2,1
HH_01281,6,5,0
HH_01282,18,3,1
HH_01283,10,5,1
HH_01284,8,2,2
HH_01285,8,1,1
HH_01286,18,7,2
HH_01287,12,5,2
HH_01288,10,3,3
HH_01289,6,5,1
HH_01290,6,2,2
HH_01291,17,1,0
HH_01292,9,6,0
HH_01293,9,3,0
HH_01294,11,7,1
HH_01295,13,3,0
HH_01296,12,4,7
HH_01297,13,9,0
HH_01298,3,9,2
HH_01299,14,1,1
HH_01300,9,4,1
HH_01301,10,7,3
HH_01302,5,5,0
HH_01303,10,6,1
HH_01304,15,8,2
HH_01305,8,5,0
HH_01306,13,5,1
HH_01307,10,5,1
HH_01308,10,10,0
HH_01309,15,2,1
HH_01310,10,5,1
HH_01311,10,4,1
HH_01312,9,6,0
HH_01313,12,6,0
HH_01314,13,10,2
HH_01315,9,9,2
HH_01316,7,5,0
HH_01317,14,8,1
HH_01318,7,5,1
HH_01319,10,7,0
HH_01320,15,5,2
HH_01321,15,6,1
HH_01322,12,6,0
HH_01323,9,4,0
HH_01324,11,2,1
HH_01325,10,5,1
HH_01326,15,8,1
HH_01327,10,8,1
HH_01328,15,7,1
HH_01329,8,3,0
HH_01330,12,7,0
HH_01331,14,4,1
HH_01332,9,2,1
HH_01333,5,4,0
HH_01334,15,1,2
HH_01335,14,10,0
HH_01336,7,4,1
HH_01337,10,8,1
HH_01338,12,3,0
HH_01339,10,12,1
HH_01340,10,10,0
HH_01341,12,4,2
HH_01342,12,2,1
HH_01343,20,1,1
HH_01344,18,1,0
HH_01345,10,2,0
HH_01346,19,4,0
HH_01347,15,6,3
HH_01348,12,3,0
HH_01349,9,4,1
HH_01350,10,5,1
HH_01351,14,6,0
HH_01352,13,5,1
HH_01353,6,5,1
HH_01354,8,6,1
HH_01355,11,6,1
HH_01356,6,4,1
HH_01357,16,4,1
HH_01358,8,3,1
HH_01359,10,3,1
HH_01360,11,4,1
HH_01361,15,4,2
HH_01362,11,3,0
HH_01363,9,4,1
HH_01364,14,5,3
HH_01365,10,4,0
HH_01366,8,5,0
HH_01367,15,0,3
HH_01368,12,8,4
HH_01369,9,5,1
HH_01370,16,4,1
HH_01371,16,4,0
HH_01372,8,4,0
HH_01373,8,5,1
HH_01374,17,3,2
HH_01375,8,8,1
HH_01376,16,5,1
HH_01377,15,4,2
HH_01378,17,5,2
HH_01379,19,5,0
HH_01380,7,6,1
HH_01381,14,3,1
HH_01382,15,4,1
HH_01383,19,5,1
HH_01384,14,5,1
HH_01385,15,5,1
HH_01386,12,6,1
HH_01387,13,4,1
HH_01388,14,2,1
HH_01389,17,6,1
HH_01390,13,6,1
HH_01391,7,5,0
HH_01392,13,2,1
HH_01393,10,0,1
HH_01394,7,2,1
HH_01395,8,6,0
HH_01396,12,2,0
HH_01397,17,6,1
HH_01398,12,6,1
HH_01399,17,5,1
HH_01400,15,8,2
HH_01401,10,3,3
HH_01402,12,7,0
HH_01403,17,4,0
HH_01404,14,7,1
HH_01405,10,5,1
HH_01406,11,4,2
HH_01407,15,7,1
HH_01408,15,8,2
HH_01409,10,3,0
HH_01410,13,6,0
HH_01411,15,5,0
HH_01412,10,6,0
HH_01413,11,5,1
HH_01414,10,6,2
HH_01415,13,6,0
HH_01416,13,4,2
HH_01417,10,7,1
HH_01418,12,5,1
HH_01419,7,9,0
HH_01420,8,4,1
HH_01421,6,5,0
HH_01422,13,5,1
HH_01423,13,10,2
HH_01424,15,7,1
HH_01425,12,4,1
HH_01426,11,2,1
HH_01427,11,4,0
HH_01428,12,4,1
HH_01429,9,6,1
HH_01430,9,9,2
HH_01431,16,3,0
HH_01432,5,1,1
HH_01433,13,8,1
HH_01434,8,4,3
HH_01435,13,5,2
HH_01436,10,10,0
HH_01437,11,6,0
HH_01438,16,2,1
HH_01439,12,3,3
HH_01440,17,6,0
HH_01441,14,3,0
HH_01442,10,3,0
HH_01443,15,4,0
HH_01444,11,4,0
HH_01445,13,5,0
HH_01446,9,5,0
HH_01447,15,4,0
HH_01448,9,2,0
HH_01449,14,4,0
HH_01450,14,4,2
HH_01451,16,5,2
HH_01452,9,2,4
HH_01453,15,4,1
HH_01454,15,4,0
HH_01455,9,2,0
HH_01456,14,4,0
HH_01457,7,7,3
HH_01458,10,3,1
HH_01459,10,6,2
HH_01460,7,4,2
HH_01461,11,11,0
HH_01462,10,10,1
HH_01463,9,5,0
HH_01464,11,2,2
HH_01465,8,7,2
HH_01466,16,7,2
HH_01467,15,4,2
HH_01468,10,7,3
HH_01469,20,5,1
HH_01470,10,1,1
HH_01471,7,5,1
HH_01472,13,4,1
HH_01473,12,4,1
HH_01474,17,9,0
HH_01475,13,3,0
HH_01476,5,3,0
HH_01477,13,4,1
HH_01478,10,9,2
HH_01479,10,8,2
HH_01480,16,3,2
HH_01481,10,4,4
HH_01482,15,10,0
HH_01483,10,3,0
HH_01484,15,4,0
HH_01485,12,8,0
HH_01486,18,6,3
HH_01487,10,5,1
HH_01488,12,5,3
HH_01489,18,3,3
HH_01490,17,2,1
HH_01491,6,6,2
HH_01492,10,3,0
HH_01493,6,4,2
HH_01494,11,4,2
HH_01495,14,3,2
HH_01496,15,6,1
HH_01497,11,4,0
HH_01498,18,3,0
HH_01499,11,3,0
HH_01500,15,4,0
HH_01501,11,5,2
HH_01502,6,5,2
HH_01503,11,5,0
HH_01504,11,4,0
HH_01505,13,6,1
HH_01506,18,2,1
HH_01507,12,7,1
HH_01508,10,4,0
HH_01509,17,5,0
HH_01510,12,6,0
HH_01511,20,5,0
HH_01512,10,6,1
HH_01513,8,5,1
HH_01514,13,3,0
HH_01515,10,5,1
HH_01516,17,7,1
HH_01517,13,5,2
HH_01518,9,10,4
HH_01519,14,3,0
HH_01520,11,4,1
HH_01521,7,6,0
HH_01522,14,5,1
HH_01523,11,4,1
HH_01524,15,5,2
HH_01525,10,7,1
HH_01526,14,3,0
HH_01527,12,7,0
HH_01528,11,8,0
HH_01529,10,5,2
HH_01530,15,7,3
HH_01531,14,5,0
HH_01532,15,6,1
HH_01533,13,5,0
HH_01534,12,10,2
HH_01535,7,2,1
HH_01536,12,6,1
HH_01537,10,7,1
HH_01538,14,2,2
HH_01539,16,5,0
HH_01540,13,7,1
HH_01541,6,6,0
HH_01542,15,4,0
HH_01543,10,7,0
HH_01544,8,5,0
HH_01545,15,7,1
HH_01546,9,4,1
HH_01547,18,3,1
HH_01548,12,3,1
HH_01549,9,5,2
HH_01550,6,2,1
HH_01551,12,8,2
HH_01552,10,4,1
HH_01553,18,3,3
HH_01554,16,7,0
HH_01555,14,8,2
HH_01556,19,6,2
HH_01557,8,0,0
HH_01558,14,4,1
HH_01559,15,5,2
HH_01560,15,4,1
HH_01561,10,4,0
HH_01562,15,11,0
HH_01563,21,4,2
HH_01564,12,5,2
HH_01565,9,4,1
HH_01566,8,7,0
HH_01567,12,6,1
HH_01568,9,3,0
HH_01569,14,4,2
HH_01570,10,5,0
HH_01571,15,4,2
HH_01572,14,6,1
HH_01573,12,6,0
HH_01574,12,6,0
HH_01575,11,3,0
HH_01576,9,5,1
HH_01577,13,7,2
HH_01578,16,5,1
HH_01579,13,9,1
HH_01580,7,7,3
HH_01581,16,10,1
HH_01582,14,4,1
HH_01583,9,4,1
HH_01584,7,2,4
HH_01585,16,4,1
HH_01586,14,5,1
HH_01587,17,6,0
HH_01588,15,3,0
HH_01589,15,6,0
HH_01590,9,5,0
HH_01591,18,4,0
HH_01592,11,5,1
HH_01593,13,4,1
HH_01594,15,6,0
HH_01595,13,5,0
HH_01596,19,7,1
HH_01597,8,6,1
HH_01598,9,5,1
HH_01599,11,6,0
HH_01600,10,4,1
HH_01601,5,6,1
HH_01602,10,4,3
HH_01603,18,3,3
HH_01604,12,5,0
HH_01605,24,6,2
HH_01606,6,7,1
HH_01607,12,5,1
HH_01608,9,12,1
HH_01609,16,4,2
HH_01610,7,4,1
HH_01611,7,2,3
HH_01612,7,3,0
HH_01613,14,2,2
HH_01614,7,2,2
HH_01615,13,5,3
HH_01616,11,2,1
HH_01617,10,7,2
HH_01618,14,11,0
HH_01619,14,5,2
HH_01620,10,6,3
HH_01621,13,5,1
HH_01622,9,8,0
HH_01623,9,5,1
HH_01624,18,3,1
HH_01625,15,3,1
HH_01626,13,5,1
HH_01627,7,3,4
HH_01628,14,9,0
HH_01629,12,6,1
HH_01630,13,3,0
HH_01631,13,9,1
HH_01632,12,4,1
HH_01633,14,4,2
HH_01634,13,4,1
HH_01635,16,9,3
HH_01636,15,6,1
HH_01637,13,5,1
HH_01638,17,4,0
HH_01639,12,5,1
HH_01640,8,6,0
HH_01641,9,6,3
HH_01642,8,1,1
HH_01643,12,4,2
HH_01644,11,6,1
HH_01645,10,6,1
HH_01646,14,5,3
HH_01647,8,2,2
HH_01648,9,1,0
HH_01649,15,7,0
HH_01650,10,6,2
HH_01651,6,4,2
HH_01652,12,4,2
HH_01653,12,7,0
HH_01654,10,6,2
HH_01655,11,6,0
HH_01656,12,4,1
HH_01657,15,4,3
HH_01658,16,3,0
HH_01659,8,3,1
HH_01660,15,6,0
HH_01661,13,5,1
HH_01662,9,3,1
HH_01663,15,7,1
HH_01664,11,5,2
HH_01665,8,2,2
HH_01666,10,7,2
HH_01667,15,5,2
HH_01668,8,3,1
HH_01669,14,4,1
HH_01670,14,7,2
HH_01671,15,3,0
HH_01672,8,3,1
HH_01673,8,1,1
HH_01674,15,6,2
HH_01675,5,4,0
HH_01676,15,3,2
HH_01677,11,5,1
HH_01678,9,9,0
HH_01679,10,4,0
HH_01680,8,5,0
HH_01681,14,12,0
HH_01682,10,4,2
HH_01683,13,9,1
HH_01684,8,8,2
HH_01685,13,5,1
HH_01686,14,6,2
HH_01687,14,3,2
HH_01688,12,1,2
HH_01689,15,4,1
HH_01690,7,6,2
HH_01691,12,8,3
HH_01692,15,1,0
HH_01693,10,6,3
HH_01694,14,6,1
HH_01695,10,5,1
HH_01696,6,2,0
HH_01697,13,7,3
HH_01698,10,7,1
HH_01699,15,3,0
HH_01700,10,5,1
HH_01701,7,3,0
HH_01702,12,4,1
HH_01703,15,0,1
HH_01704,11,1,1
HH_01705,12,4,1
HH_01706,19,5,0
HH_01707,9,3,1
HH_01708,15,7,2
HH_01709,14,7,3
HH_01710,13,3,0
HH_01711,18,1,1
HH_01712,14,3,0
HH_01713,9,5,2
HH_01714,11,2,1
HH_01715,16,5,2
HH_01716,11,6,0
HH_01717,9,3,0
HH_01718,6,9,1
HH_01719,19,3,1
HH_01720,18,9,1
HH_01721,14,7,0
HH_01722,18,4,2
HH_01723,10,10,1
HH_01724,11,1,0
HH_01725,16,10,0
HH_01726,13,10,1
HH_01727,12,3,2
HH_01728,9,6,1
HH_01729,9,1,0
HH_01730,11,9,0
HH_01731,15,6,0
HH_01732,10,6,0
HH_01733,14,8,2
HH_01734,16,8,3
HH_01735,10,3,1
HH_01736,8,2,2
HH_01737,9,12,0
HH_01738,12,7,1
HH_01739,8,4,1
HH_01740,7,4,0
HH_01741,13,8,1
HH_01742,7,2,0
HH_01743,13,2,1
HH_01744,6,8,1
HH_01745,8,5,2
HH_01746,14,5,0
HH_01747,21,9,1
HH_01748,15,3,0
HH_01749,19,4,0
HH_01750,8,5,0
HH_01751,10,3,2
HH_01752,14,4,3
HH_01753,4,5,0
HH_01754,9,6,0
HH_01755,8,8,2
HH_01756,3,2,0
HH_01757,13,4,0
HH_01758,11,3,2
HH_01759,10,5,1
HH_01760,13,5,1
HH_01761,10,3,1
HH_01762,11,2,2
HH_01763,20,7,2
HH_01764,8,7,1
HH_01765,11,3,1
HH_01766,9,2,2
HH_01767,10,5,1
HH_01768,13,8,0
HH_01769,13,5,0
HH_01770,6,5,2
HH_01771,12,6,1
HH_01772,13,10,0
HH_01773,7,4,2
HH_01774,9,4,0
HH_01775,16,2,1
HH_01776,10,3,0
HH_01777,14,4,1
HH_01778,10,5,0
HH_01779,9,7,2
HH_01780,17,8,0
HH_01781,11,4,2
HH_01782,8,8,0
HH_01783,8,7,0
HH_01784,18,7,0
HH_01785,11,7,0
HH_01786,21,6,0
HH_01787,15,3,0
HH_01788,11,3,1
HH_01789,14,9,1
HH_01790,6,2,2
HH_01791,14,2,0
HH_01792,10,4,4
HH_01793,11,5,4
HH_01794,10,1,2
HH_01795,8,5,2
HH_01796,14,3,1
HH_01797,19,3,2
HH_01798,11,5,2
HH_01799,10,2,0
HH_01800,14,5,0
HH_01801,14,3,1
HH_01802,11,2,2
HH_01803,12,2,1
HH_01804,9,3,0
HH_01805,21,4,0
HH_01806,11,5,4
HH_01807,8,4,1
HH_01808,14,6,0
HH_01809,8,3,0
HH_01810,12,5,1
HH_01811,18,7,1
HH_01812,10,2,1
HH_01813,11,5,1
HH_01814,10,2,2
HH_01815,13,6,1
HH_01816,12,10,1
HH_01817,14,5,2
HH_01818,17,3,0
HH_01819,11,3,1
HH_01820,14,3,0
HH_01821,17,3,0
HH_01822,17,4,0
HH_01823,11,6,0
HH_01824,5,5,1
HH_01825,12,7,2
HH_01826,13,5,1
HH_01827,14,2,2
HH_01828,9,9,0
HH_01829,9,2,0
HH_01830,10,2,1
HH_01831,17,8,0
HH_01832,13,5,2
HH_01833,5,2,2
HH_01834,10,3,0
HH_01835,16,4,0
HH_01836,12,5,0
HH_01837,13,5,3
HH_01838,9,10,1
HH_01839,16,3,1
HH_01840,16,5,0
HH_01841,12,7,1
HH_01842,12,4,1
HH_01843,13,4,1
HH_01844,8,3,1
HH_01845,15,6,1
HH_01846,5,4,0
HH_01847,5,5,2
HH_01848,15,6,2
HH_01849,13,4,1
HH_01850,6,8,0
HH_01851,14,7,0
HH_01852,16,6,0
HH_01853,11,3,1
HH_01854,8,7,3
HH_01855,15,7,2
HH_01856,18,3,1
HH_01857,9,2,1
HH_01858,14,6,0
HH_01859,9,5,0
HH_01860,11,6,3
HH_01861,11,6,0
HH_01862,13,4,1
HH_01863,13,9,0
HH_01864,16,1,1
HH_01865,6,7,0
HH_01866,15,5,1
HH_01867,16,4,0
HH_01868,10,7,0
HH_01869,14,5,3
HH_01870,17,8,0
HH_01871,12,4,1
HH_01872,7,1,1
HH_01873,10,9,2
HH_01874,11,4,0
HH_01875,9,7,2
HH_01876,9,3,1
HH_01877,4,5,3
HH_01878,16,5,2
HH_01879,12,5,3
HH_01880,12,3,0
HH_01881,9,5,0
HH_01882,13,5,0
HH_01883,11,5,0
HH_01884,10,4,1
HH_01885,18,6,0
HH_01886,10,3,1
HH_01887,12,5,2
HH_01888,10,9,0
HH_01889,9,4,2
HH_01890,12,1,0
HH_01891,17,3,2
HH_01892,10,4,2
HH_01893,16,1,1
HH_01894,10,3,3
HH_01895,21,1,1
HH_01896,15,7,1
HH_01897,12,9,2
HH_01898,11,4,1
HH_01899,10,5,2
HH_01900,10,5,2
HH_01901,14,9,0
HH_01902,12,5,2
HH_01903,17,5,1
HH_01904,10,7,0
HH_01905,15,3,0
HH_01906,8,8,0
HH_01907,14,1,0
HH_01908,16,7,0
HH_01909,5,1,0
HH_01910,18,4,1
HH_01911,9,3,0
HH_01912,16,9,2
HH_01913,11,3,0
HH_01914,18,4,0
HH_01915,15,1,1
HH_01916,13,5,0
HH_01917,9,1,0
HH_01918,10,3,3
HH_01919,11,7,0
HH_01920,15,4,0
HH_01921,11,8,2
HH_01922,5,4,2
HH_01923,10,4,0
HH_01924,16,8,1
HH_01925,10,7,1
HH_01926,5,4,0
HH_01927,10,5,1
HH_01928,10,4,3
HH_01929,15,5,2
HH_01930,14,1,0
HH_01931,11,2,1
HH_01932,11,2,0
HH_01933,7,8,3
HH_01934,8,4,1
HH_01935,12,8,1
HH_01936,9,6,0
HH_01937,8,4,1
HH_01938,11,6,2
HH_01939,10,4,0
HH_01940,15,8,0
HH_01941,12,4,2
HH_01942,7,5,2
HH_01943,13,3,0
HH_01944,8,3,1
HH_01945,17,6,0
HH_01946,13,3,1
HH_01947,3,5,1
HH_01948,15,6,1
HH_01949,13,6,2
HH_01950,11,5,1
HH_01951,15,3,2
HH_01952,7,2,1
HH_01953,8,3,1
HH_01954,9,6,0
HH_01955,9,5,1
HH_01956,16,2,1
HH_01957,14,4,0
HH_01958,10,5,2
HH_01959,18,4,0
HH_01960,10,5,1
HH_01961,11,3,1
HH_01962,10,5,2
HH_01963,15,5,1
HH_01964,14,5,1
HH_01965,16,5,2
HH_01966,7,4,1
HH_01967,8,10,0
HH_01968,6,11,0
HH_01969,12,8,2
HH_01970,14,7,0
HH_01971,13,10,0
HH_01972,14,3,1
HH_01973,6,5,1
HH_01974,9,8,1
HH_01975,13,4,0
HH_01976,10,9,0
HH_01977,10,3,0
HH_01978,14,7,1
HH_01979,8,5,1
HH_01980,13,9,1
HH_01981,6,2,2
HH_01982,12,6,0
HH_01983,20,12,0
HH_01984,14,3,1
HH_01985,13,4,0
HH_01986,5,6,0
HH_01987,9,4,1
HH_01988,14,5,2
HH_01989,9,10,1
HH_01990,11,4,1
HH_01991,10,2,1
HH_01992,6,8,3
HH_01993,17,6,1
HH_01994,8,4,1
HH_01995,17,4,1
HH_01996,15,5,3
HH_01997,16,4,1
HH_01998,14,5,0
HH_01999,8,3,0
HH_02000,15,5,2
HH_02001,10,2,0
HH_02002,9,10,0
HH_02003,8,3,0
HH_02004,13,6,6
HH_02005,10,3,2
HH_02006,12,6,0
HH_02007,12,1,2
HH_02008,14,3,1
HH_02009,12,5,1
HH_02010,11,6,0
HH_02011,12,8,0
HH_02012,9,3,2
HH_02013,14,5,0
HH_02014,10,9,0
HH_02015,10,5,0
HH_02016,10,5,1
HH_02017,16,4,0
HH_02018,10,7,0
HH_02019,13,5,2
HH_02020,14,5,1
HH_02021,9,2,0
HH_02022,12,2,0
HH_02023,12,5,0
HH_02024,9,4,0
HH_02025,11,7,0
HH_02026,7,4,2
HH_02027,18,6,1
HH_02028,13,3,0
HH_02029,7,4,2
HH_02030,9,9,2
HH_02031,13,2,0
HH_02032,10,10,0
HH_02033,9,9,1
HH_02034,12,3,0
HH_02035,9,6,1
HH_02036,13,4,1
HH_02037,13,3,2
HH_02038,12,3,0
HH_02039,11,6,2
HH_02040,8,7,0
HH_02041,7,4,0
HH_02042,9,7,1
HH_02043,6,4,2
HH_02044,16,4,0
HH_02045,15,4,4
HH_02046,10,4,0
HH_02047,16,7,2
HH_02048,12,2,1
HH_02049,12,5,0
HH_02050,9,6,1
HH_02051,11,4,1
HH_02052,12,4,5
HH_02053,10,4,1
HH_02054,10,3,0
HH_02055,12,5,1
HH_02056,6,4,0
HH_02057,11,2,0
HH_02058,10,7,2
HH_02059,15,1,0
HH_02060,10,5,0
HH_02061,7,5,2
HH_02062,13,4,2
HH_02063,13,3,1
HH_02064,20,4,0
HH_02065,11,2,0
HH_02066,8,6,1
HH_02067,11,4,2
HH_02068,10,4,2
HH_02069,15,2,0
HH_02070,11,4,0
HH_02071,17,8,1
HH_02072,8,1,1
HH_02073,6,3,1
HH_02074,15,5,1
HH_02075,15,4,3
HH_02076,11,6,0
HH_02077,13,7,0
HH_02078,11,6,2
HH_02079,16,6,0
HH_02080,8,7,0
HH_02081,10,3,2
HH_02082,11,5,0
HH_02083,11,3,0
HH_02084,11,4,0
HH_02085,12,8,0
HH_02086,14,5,0
HH_02087,14,4,0
HH_02088,12,4,1
HH_02089,13,5,1
HH_02090,14,3,0
HH_02091,9,3,0
HH_02092,10,6,1
HH_02093,12,5,1
HH_02094,15,4,1
HH_02095,11,3,1
HH_02096,6,6,1
HH_02097,11,3,4
HH_02098,12,1,0
HH_02099,12,4,1
HH_02100,13,6,1
HH_02101,7,4,1
HH_02102,9,4,2
HH_02103,15,4,1
HH_02104,12,5,2
HH_02105,13,2,2
HH_02106,10,4,0
HH_02107,7,4,1
HH_02108,12,6,1
HH_02109,19,9,1
HH_02110,8,5,1
HH_02111,11,3,2
HH_02112,7,6,3
HH_02113,14,1,1
HH_02114,10,6,3
HH_02115,15,3,1
HH_02116,16,7,1
HH_02117,10,12,1
HH_02118,11,4,1
HH_02119,13,6,0
HH_02120,13,5,0
HH_02121,12,6,2
HH_02122,13,3,0
HH_02123,15,2,2
HH_02124,11,5,2
HH_02125,11,2,0
HH_02126,16,5,0
HH_02127,10,9,0
HH_02128,16,5,1
HH_02129,13,4,2
HH_02130,11,7,0
HH_02131,8,4,2
HH_02132,6,7,1
HH_02133,17,5,3
HH_02134,14,5,1
HH_02135,14,2,0
HH_02136,15,4,2
HH_02137,10,5,1
HH_02138,15,1,2
HH_02139,13,5,1
HH_02140,11,9,1
HH_02141,15,2,1
HH_02142,9,8,1
HH_02143,14,5,0
HH_02144,8,4,1
HH_02145,14,8,1
HH_02146,7,4,1
HH_02147,11,2,0
HH_02148,11,9,1
HH_02149,13,11,3
HH_02150,18,9,0
HH_02151,12,3,1
HH_02152,13,4,0
HH_02153,15,4,1
HH_02154,9,5,3
HH_02155,9,5,0
HH_02156,15,10,0
HH_02157,10,3,1
HH_02158,12,7,0
HH_02159,12,5,2
HH_02160,12,7,1
HH_02161,10,3,1
HH_02162,9,3,1
HH_02163,15,2,2
HH_02164,15,1,1
HH_02165,15,5,0
HH_02166,13,1,0
HH_02167,17,1,1
HH_02168,7,9,0
HH_02169,10,5,3
HH_02170,9,3,0
HH_02171,12,4,1
HH_02172,18,6,2
HH_02173,15,5,1
HH_02174,15,6,1
HH_02175,15,6,0
HH_02176,10,5,0
HH_02177,14,11,1
HH_02178,15,7,1
HH_02179,12,4,3
HH_02180,6,4,0
HH_02181,10,5,0
HH_02182,9,5,0
HH_02183,12,3,2
HH_02184,19,2,0
HH_02185,13,6,0
HH_02186,11,2,2
HH_02187,10,8,3
HH_02188,8,10,1
HH_02189,6,4,0
HH_02190,14,6,3
HH_02191,7,4,1
HH_02192,11,5,1
HH_02193,9,0,1
HH_02194,11,4,2
HH_02195,19,4,1
HH_02196,10,6,1
HH_02197,8,4,0
HH_02198,7,5,0
HH_02199,15,6,0
HH_02200,10,7,0
HH_02201,17,2,0
HH_02202,12,8,1
HH_02203,12,2,0
HH_02204,15,5,1
HH_02205,17,4,2
HH_02206,10,5,1
HH_02207,13,11,0
HH_02208,15,4,0
HH_02209,11,6,0
HH_02210,9,6,0
HH_02211,11,3,1
HH_02212,16,4,0
HH_02213,14,5,0
HH_02214,17,2,1
HH_02215,12,1,3
HH_02216,11,5,0
HH_02217,15,6,0
HH_02218,10,6,1
HH_02219,13,6,0
HH_02220,17,5,2
HH_02221,14,3,0
HH_02222,12,3,2
HH_02223,8,3,0
HH_02224,24,3,2
HH_02225,11,2,0
HH_02226,10,7,3
HH_02227,9,3,0
HH_02228,9,4,2
HH_02229,16,3,2
HH_02230,10,7,2
HH_02231,20,7,1
HH_02232,13,7,1
HH_02233,11,5,1
HH_02234,13,0,1
HH_02235,16,2,2
HH_02236,13,2,2
HH_02237,7,1,1
HH_02238,13,3,0
HH_02239,6,4,0
HH_02240,16,6,1
HH_02241,12,7,3
HH_02242,9,3,1
HH_02243,16,9,0
HH_02244,9,2,1
HH_02245,15,8,0
HH_02246,15,3,2
HH_02247,10,2,0
HH_02248,13,6,0
HH_02249,6,2,0
HH_02250,16,5,0
HH_02251,9,5,1
HH_02252,9,5,4
HH_02253,6,7,0
HH_02254,13,10,2
HH_02255,15,4,1
HH_02256,14,5,1
HH_02257,8,5,0
HH_02258,13,2,1
HH_02259,19,7,1
HH_02260,12,8,2
HH_02261,20,10,1
HH_02262,12,2,0
HH_02263,21,5,2
HH_02264,18,5,1
HH_02265,18,5,0
HH_02266,13,2,0
HH_02267,11,1,1
HH_02268,16,4,1
HH_02269,12,6,1
HH_02270,17,4,3
HH_02271,11,5,0
HH_02272,14,5,3
HH_02273,13,7,1
HH_02274,12,5,0
HH_02275,14,7,0
HH_02276,10,5,0
HH_02277,14,7,1
HH_02278,15,4,0
HH_02279,8,6,0
HH_02280,17,2,1
HH_02281,13,3,0
HH_02282,9,8,1
HH_02283,25,5,1
HH_02284,8,11,2
HH_02285,9,3,1
HH_02286,14,6,3
HH_02287,9,2,2
HH_02288,8,3,2
HH_02289,11,5,0
HH_02290,13,5,1
HH_02291,12,4,1
HH_02292,7,2,1
HH_02293,11,2,0
HH_02294,8,3,1
HH_02295,10,6,1
HH_02296,11,6,1
HH_02297,6,3,2
HH_02298,10,5,1
HH_02299,20,4,1
HH_02300,14,5,0
HH_02301,17,8,0
HH_02302,10,6,0
HH_02303,18,6,1
HH_02304,12,6,0
HH_02305,14,3,1
HH_02306,9,5,3
HH_02307,12,7,0
HH_02308,11,3,1
HH_02309,10,6,0
HH_02310,14,3,0
HH_02311,15,9,0
HH_02312,8,4,1
HH_02313,12,1,0
HH_02314,8,2,2
HH_02315,7,6,0
HH_02316,11,3,1
HH_02317,11,3,0
HH_02318,16,13,0
HH_02319,13,4,2
HH_02320,18,6,1
HH_02321,8,9,4
HH_02322,12,7,0
HH_02323,12,4,2
HH_02324,10,4,0
HH_02325,16,10,2
HH_02326,5,2,1
HH_02327,11,4,2
HH_02328,9,3,0
HH_02329,13,3,0
HH_02330,7,6,1
HH_02331,12,4,1
HH_02332,12,5,1
HH_02333,13,2,1
HH_02334,8,8,2
HH_02335,12,2,0
HH_02336,18,5,1
HH_02337,7,3,0
HH_02338,8,3,0
HH_02339,11,6,0
HH_02340,12,3,2
HH_02341,14,8,2
HH_02342,16,3,2
HH_02343,15,8,2
HH_02344,13,3,1
HH_02345,11,1,0
HH_02346,14,5,0
HH_02347,11,0,0
HH_02348,13,5,0
HH_02349,18,4,1
HH_02350,15,5,0
HH_02351,12,7,0
HH_02352,18,3,1
HH_02353,16,5,3
HH_02354,10,2,0
HH_02355,13,2,2
HH_02356,14,2,1
HH_02357,19,8,0
HH_02358,22,2,2
HH_02359,12,3,2
HH_02360,13,4,0
HH_02361,13,4,1
HH_02362,4,7,1
HH_02363,16,5,1
HH_02364,15,5,0
HH_02365,4,5,0
HH_02366,12,6,2
HH_02367,7,5,1
HH_02368,12,4,1
HH_02369,6,5,0
HH_02370,11,10,1
HH_02371,12,3,0
HH_02372,16,3,3
HH_02373,9,5,2
HH_02374,11,4,3
HH_02375,11,3,3
HH_02376,10,3,0
HH_02377,11,3,0
HH_02378,13,3,1
HH_02379,10,9,0
HH_02380,12,4,2
HH_02381,20,7,0
HH_02382,10,4,2
HH_02383,8,2,3
HH_02384,10,3,5
HH_02385,10,7,0
HH_02386,16,4,1
HH_02387,13,6,1
HH_02388,13,3,3
HH_02389,11,4,3
HH_02390,15,5,3
HH_02391,13,5,0
HH_02392,7,2,1
HH_02393,18,5,0
HH_02394,10,6,0
HH_02395,23,7,1
HH_02396,13,9,1
HH_02397,8,4,1
HH_02398,6,4,2
HH_02399,16,5,2
HH_02400,12,5,0
HH_02401,11,4,2
HH_02402,13,6,2
HH_02403,5,6,1
HH_02404,11,6,0
HH_02405,17,7,2
HH_02406,13,5,3
HH_02407,7,6,2
HH_02408,8,2,3
HH_02409,12,8,3
HH_02410,8,4,1
HH_02411,7,2,1
HH_02412,10,5,1
HH_02413,5,7,0
HH_02414,8,1,0
HH_02415,10,2,2
HH_02416,9,5,0
HH_02417,10,4,2
HH_02418,12,6,0
HH_02419,13,7,2
HH_02420,13,8,0
HH_02421,16,3,0
HH_02422,10,6,1
HH_02423,7,6,2
HH_02424,13,3,0
HH_02425,11,3,0
HH_02426,12,3,2
HH_02427,17,3,1
HH_02428,7,5,1
HH_02429,12,3,2
HH_02430,11,5,3
HH_02431,8,2,1
HH_02432,12,4,1
HH_02433,10,3,3
HH_02434,8,7,1
HH_02435,8,4,0
HH_02436,11,6,1
HH_02437,17,3,1
HH_02438,12,7,1
HH_02439,16,5,1
HH_02440,8,3,1
HH_02441,6,6,2
HH_02442,16,5,2
HH_02443,10,3,1
HH_02444,13,4,2
HH_02445,11,5,2
HH_02446,10,9,1
HH_02447,13,5,1
HH_02448,9,5,1
HH_02449,6,6,0
HH_02450,14,7,0
HH_02451,9,5,1
HH_02452,12,6,2
HH_02453,8,5,0
HH_02454,14,0,1
HH_02455,14,7,1
HH_02456,12,2,0
HH_02457,13,3,0
HH_02458,10,2,0
HH_02459,13,7,1
HH_02460,18,6,2
HH_02461,14,2,1
HH_02462,8,6,1
HH_02463,17,1,0
HH_02464,10,7,0
HH_02465,14,6,0
HH_02466,12,1,0
HH_02467,16,6,0
HH_02468,12,8,2
HH_02469,8,3,0
HH_02470,10,3,0
HH_02471,15,10,4
HH_02472,17,7,2
HH_02473,11,8,2
HH_02474,10,3,0
HH_02475,6,2,2
HH_02476,14,5,1
HH_02477,11,5,1
HH_02478,12,7,0
HH_02479,10,2,2
HH_02480,5,3,5
HH_02481,15,5,3
HH_02482,15,11,2
HH_02483,8,4,2
HH_02484,13,2,0
HH_02485,13,4,1
HH_02486,7,3,0
HH_02487,10,2,0
HH_02488,19,5,1
HH_02489,11,8,3
HH_02490,13,2,1
HH_02491,13,5,0
HH_02492,14,6,0
HH_02493,13,6,0
HH_02494,13,7,1
HH_02495,5,6,1
HH_02496,11,3,1
HH_02497,17,6,0
HH_02498,7,8,0
HH_02499,6,7,0
HH_02500,8,5,0
HH_02501,7,6,0
HH_02502,9,5,0
HH_02503,10,1,2
HH_02504,12,2,0
HH_02505,10,9,1
HH_02506,8,7,2
HH_02507,9,5,1
HH_02508,9,3,1
HH_02509,15,10,2
HH_02510,8,8,0
HH_02511,8,4,2
HH_02512,12,2,2
HH_02513,13,5,0
HH_02514,8,1,0
HH_02515,15,1,1
HH_02516,12,4,0
HH_02517,12,4,0
HH_02518,10,5,1
HH_02519,10,4,2
HH_02520,9,3,0
HH_02521,12,7,0
HH_02522,10,4,2
HH_02523,18,4,1
HH_02524,17,1,1
HH_02525,24,4,2
HH_02526,14,9,0
HH_02527,13,8,0
HH_02528,8,3,0
HH_02529,13,7,1
HH_02530,7,4,1
HH_02531,18,5,3
HH_02532,11,2,2
HH_02533,9,2,2
HH_02534,16,6,1
HH_02535,13,6,1
HH_02536,10,4,1
HH_02537,20,5,3
HH_02538,9,6,2
HH_02539,7,2,1
HH_02540,11,12,0
HH_02541,7,3,0
HH_02542,13,8,0
HH_02543,16,8,2
HH_02544,9,9,1
HH_02545,11,6,1
HH_02546,6,3,0
HH_02547,18,1,0
HH_02548,13,4,0
HH_02549,14,6,2
HH_02550,11,6,0
HH_02551,12,7,2
HH_02552,10,1,1
HH_02553,20,8,1
HH_02554,10,4,1
HH_02555,11,4,1
HH_02556,16,3,0
HH_02557,12,6,5
HH_02558,10,8,1
HH_02559,20,9,1
HH_02560,11,7,1
HH_02561,19,5,0
HH_02562,12,6,2
HH_02563,11,6,1
HH_02564,10,2,0
HH_02565,15,3,3
HH_02566,14,7,1
HH_02567,14,5,3
HH_02568,14,6,2
HH_02569,14,4,2
HH_02570,8,6,0
HH_02571,8,5,3
HH_02572,9,4,0
HH_02573,14,5,0
HH_02574,14,6,0
HH_02575,17,0,1
HH_02576,14,7,1
HH_02577,12,2,0
HH_02578,12,2,3
HH_02579,15,5,0
HH_02580,11,13,0
HH_02581,6,6,0
HH_02582,15,6,1
HH_02583,13,6,0
HH_02584,13,6,3
HH_02585,8,7,1
HH_02586,11,10,0
HH_02587,7,5,2
HH_02588,11,4,0
HH_02589,15,6,2
HH_02590,12,4,0
HH_02591,15,2,1
HH_02592,9,3,3
HH_02593,15,2,1
HH_02594,11,5,2
HH_02595,7,5,2
HH_02596,9,4,0
HH_02597,7,8,0
HH_02598,17,3,1
HH_02599,11,4,1
HH_02600,11,5,1
HH_02601,12,3,0
HH_02602,19,6,1
HH_02603,16,4,0
HH_02604,11,8,1
HH_02605,16,3,0
HH_02606,12,5,0
HH_02607,10,8,0
HH_02608,14,3,1
HH_02609,13,1,0
HH_02610,14,6,2
HH_02611,11,3,1
HH_02612,15,4,2
HH_02613,5,7,0
HH_02614,6,7,1
HH_02615,11,5,1
HH_02616,12,7,0
HH_02617,11,1,4
HH_02618,11,5,0
HH_02619,19,3,0
HH_02620,13,2,1
HH_02621,9,5,3
HH_02622,14,3,0
HH_02623,17,3,0
HH_02624,9,6,1
HH_02625,11,3,1
HH_02626,8,4,0
HH_02627,6,7,0
HH_02628,9,7,1
HH_02629,10,5,0
HH_02630,17,7,2
HH_02631,8,2,1
HH_02632,14,4,0
HH_02633,12,10,2
HH_02634,11,4,2
HH_02635,15,7,1
HH_02636,11,3,1
HH_02637,10,8,1
HH_02638,17,9,1
HH_02639,12,5,1
HH_02640,8,7,1
HH_02641,9,11,1
HH_02642,13,3,0
HH_02643,14,4,2
HH_02644,15,7,0
HH_02645,10,3,1
HH_02646,13,5,0
HH_02647,15,4,0
HH_02648,13,5,2
HH_02649,12,8,3
HH_02650,8,5,1
HH_02651,7,3,1
HH_02652,15,4,2
HH_02653,18,3,2
HH_02654,16,4,5
HH_02655,5,2,1
HH_02656,13,3,1
HH_02657,16,2,0
HH_02658,5,5,1
HH_02659,18,5,1
HH_02660,15,7,0
HH_02661,8,6,1
HH_02662,9,5,0
HH_02663,12,7,1
HH_02664,7,4,1
HH_02665,10,5,0
HH_02666,12,9,0
HH_02667,13,10,0
HH_02668,15,4,0
HH_02669,7,4,0
HH_02670,9,3,1
HH_02671,12,5,0
HH_02672,2,4,2
HH_02673,11,5,1
HH_02674,13,9,0
HH_02675,10,1,5
HH_02676,15,8,1
HH_02677,13,5,0
HH_02678,12,2,1
HH_02679,12,10,2
HH_02680,8,1,1
HH_02681,15,9,3
HH_02682,7,2,0
HH_02683,8,8,0
HH_02684,16,2,0
HH_02685,11,7,1
HH_02686,5,2,0
HH_02687,10,4,3
HH_02688,13,2,1
HH_02689,10,0,1
HH_02690,13,3,2
HH_02691,11,7,0
HH_02692,10,6,0
HH_02693,14,4,0
HH_02694,12,1,0
HH_02695,20,3,4
HH_02696,12,4,0
HH_02697,11,5,0
HH_02698,14,2,2
HH_02699,13,4,0
HH_02700,13,3,0
HH_02701,6,6,4
HH_02702,10,3,1
HH_02703,15,6,1
HH_02704,12,6,2
HH_02705,11,5,0
HH_02706,13,6,2
HH_02707,13,6,0
HH_02708,13,2,0
HH_02709,9,2,2
HH_02710,8,6,0
HH_02711,17,5,0
HH_02712,16,3,1
HH_02713,8,5,3
HH_02714,10,7,1
HH_02715,15,3,0
HH_02716,12,4,4
HH_02717,14,3,1
HH_02718,12,10,0
HH_02719,14,5,0
HH_02720,9,3,2
HH_02721,15,2,1
HH_02722,8,3,0
HH_02723,13,5,1
HH_02724,14,4,1
HH_02725,11,3,1
HH_02726,15,7,2
HH_02727,11,7,2
HH_02728,8,4,1
HH_02729,8,6,0
HH_02730,14,4,0
HH_02731,12,5,2
HH_02732,8,5,1
HH_02733,8,5,0
HH_02734,14,5,1
HH_02735,8,4,0
HH_02736,7,4,2
HH_02737,13,5,2
HH_02738,16,4,1
HH_02739,4,4,2
HH_02740,10,7,0
HH_02741,11,4,0
HH_02742,9,4,0
HH_02743,15,7,2
HH_02744,10,7,1
HH_02745,13,3,1
HH_02746,10,7,1
HH_02747,9,1,1
HH_02748,13,2,0
HH_02749,15,6,1
HH_02750,13,3,2
HH_02751,13,10,0
HH_02752,8,6,0
HH_02753,14,4,0
HH_02754,11,4,1
HH_02755,12,6,1
HH_02756,14,3,2
HH_02757,7,5,1
HH_02758,13,5,3
HH_02759,7,7,0
HH_02760,12,4,0
HH_02761,11,2,1
HH_02762,9,5,0
HH_02763,11,5,1
HH_02764,14,7,1
HH_02765,17,4,2
HH_02766,15,8,1
HH_02767,13,2,0
HH_02768,16,3,0
HH_02769,14,8,0
HH_02770,6,9,0
HH_02771,10,7,2
HH_02772,13,8,0
HH_02773,16,3,2
HH_02774,12,3,4
HH_02775,10,3,2
HH_02776,13,4,3
HH_02777,15,5,1
HH_02778,14,4,0
HH_02779,13,2,0
HH_02780,12,4,0
HH_02781,9,6,0
HH_02782,9,4,2
HH_02783,12,4,2
HH_02784,9,6,1
HH_02785,13,10,1
HH_02786,12,7,1
HH_02787,12,8,0
HH_02788,12,9,3
HH_02789,11,7,0
HH_02790,13,3,0
HH_02791,8,1,1
HH_02792,15,8,1
HH_02793,13,4,2
HH_02794,13,7,1
HH_02795,11,1,0
HH_02796,11,1,0
HH_02797,15,2,0
HH_02798,9,9,1
HH_02799,18,8,0
HH_02800,14,5,1
HH_02801,14,1,2
HH_02802,11,6,3
HH_02803,14,4,2
HH_02804,16,6,1
HH_02805,5,6,1
HH_02806,14,2,0
HH_02807,9,2,0
HH_02808,14,8,1
HH_02809,11,6,1
HH_02810,8,4,0
HH_02811,16,7,2
HH_02812,12,6,1
HH_02813,15,5,0
HH_02814,18,5,2
HH_02815,16,11,1
HH_02816,13,7,0
HH_02817,16,8,3
HH_02818,15,5,2
HH_02819,15,8,1
HH_02820,16,2,2
HH_02821,14,2,0
HH_02822,19,3,3
HH_02823,10,5,1
HH_02824,13,4,2
HH_02825,12,2,1
HH_02826,8,6,1
HH_02827,10,4,1
HH_02828,16,1,1
HH_02829,18,1,2
HH_02830,7,4,1
HH_02831,12,1,1
HH_02832,10,4,1
HH_02833,12,3,0
HH_02834,9,11,1
HH_02835,8,5,0
HH_02836,7,1,0
HH_02837,19,4,0
HH_02838,10,6,0
HH_02839,17,7,0
HH_02840,11,5,1
HH_02841,10,3,0
HH_02842,9,3,3
HH_02843,18,3,1
HH_02844,14,6,0
HH_02845,13,6,1
HH_02846,19,5,2
HH_02847,13,6,1
HH_02848,14,7,1
HH_02849,6,3,0
HH_02850,8,8,1
HH_02851,8,3,0
HH_02852,19,4,1
HH_02853,12,5,1
HH_02854,9,4,0
HH_02855,12,3,4
HH_02856,4,6,0
HH_02857,11,6,0
HH_02858,9,4,6
HH_02859,18,2,0
HH_02860,11,4,2
HH_02861,13,5,1
HH_02862,9,1,0
HH_02863,16,6,4
HH_02864,10,6,1
HH_02865,6,5,0
HH_02866,10,7,1
HH_02867,11,9,2
HH_02868,11,4,1
HH_02869,14,4,0
HH_02870,19,8,1
HH_02871,9,8,1
HH_02872,10,5,4
HH_02873,20,5,2
HH_02874,13,2,2
HH_02875,12,4,1
HH_02876,15,6,1
HH_02877,13,6,1
HH_02878,6,6,0
HH_02879,7,3,1
HH_02880,14,5,2
HH_02881,12,7,1
HH_02882,12,5,0
HH_02883,20,4,2
HH_02884,11,5,0
HH_02885,13,6,1
HH_02886,10,9,1
HH_02887,14,0,1
HH_02888,9,10,1
HH_02889,13,8,1
HH_02890,21,4,1
HH_02891,15,2,1
HH_02892,7,5,0
HH_02893,11,7,1
HH_02894,11,3,1
HH_02895,14,4,2
HH_02896,19,3,1
HH_02897,8,5,2
HH_02898,8,5,1
HH_02899,12,2,1
HH_02900,11,8,3
HH_02901,17,7,0
HH_02902,16,4,0
HH_02903,10,6,1
HH_02904,14,7,1
HH_02905,12,6,2
HH_02906,10,6,1
HH_02907,10,4,1
HH_02908,14,4,0
HH_02909,14,8,1
HH_02910,16,4,2
HH_02911,22,3,0
HH_02912,13,3,1
HH_02913,14,5,1
HH_02914,21,6,0
HH_02915,14,6,2
HH_02916,6,6,1
HH_02917,11,5,0
HH_02918,12,6,0
HH_02919,4,5,2
HH_02920,8,5,1
HH_02921,10,5,0
HH_02922,3,2,0
HH_02923,11,8,0
HH_02924,9,9,1
HH_02925,10,4,0
HH_02926,10,6,2
HH_02927,11,2,0
HH_02928,16,5,0
HH_02929,8,5,1
HH_02930,5,2,1
HH_02931,14,6,1
HH_02932,7,4,1
HH_02933,13,10,1
HH_02934,10,7,0
HH_02935,12,4,3
HH_02936,12,7,2
HH_02937,9,9,2
HH_02938,7,3,1
HH_02939,10,4,0
HH_02940,9,9,0
HH_02941,12,6,1
HH_02942,9,8,2
HH_02943,10,3,0
HH_02944,13,7,0
HH_02945,11,3,1
HH_02946,16,7,2
HH_02947,13,4,0
HH_02948,9,3,3
HH_02949,10,9,1
HH_02950,8,5,0
HH_02951,15,9,1
HH_02952,9,2,0
HH_02953,12,4,2
HH_02954,11,4,1
HH_02955,12,5,1
HH_02956,13,7,0
HH_02957,13,1,1
HH_02958,11,4,0
HH_02959,13,8,0
HH_02960,13,3,1
HH_02961,6,8,1
HH_02962,5,9,1
HH_02963,16,6,1
HH_02964,10,4,0
HH_02965,8,11,0
HH_02966,8,4,2
HH_02967,15,7,2
HH_02968,8,2,1
HH_02969,8,3,0
HH_02970,15,3,1
HH_02971,17,3,1
HH_02972,14,9,1
HH_02973,15,3,1
HH_02974,13,6,0
HH_02975,10,5,0
HH_02976,15,9,0
HH_02977,16,4,1
HH_02978,11,7,1
HH_02979,7,5,1
HH_02980,10,7,0
HH_02981,10,7,1
HH_02982,15,8,0
HH_02983,13,5,1
HH_02984,8,9,1
HH_02985,12,3,0
HH_02986,13,7,0
HH_02987,11,6,0
HH_02988,4,8,2
HH_02989,13,3,2
HH_02990,11,0,0
HH_02991,12,5,1
HH_02992,11,4,0
HH_02993,17,10,0
HH_02994,5,3,0
HH_02995,13,3,1
HH_02996,10,5,1
HH_02997,15,4,2
HH_02998,6,4,0
HH_02999,16,7,0
HH_03000,6,2,0
HH_03001,16,5,3
HH_03002,13,3,2
HH_03003,14,6,0
HH_03004,9,2,3
HH_03005,14,2,0
HH_03006,14,3,0
HH_03007,17,4,1
HH_03008,12,6,3
HH_03009,12,7,1
HH_03010,15,5,3
HH_03011,9,6,0
HH_03012,15,10,1
HH_03013,11,5,1
HH_03014,9,3,1
HH_03015,13,2,0
HH_03016,11,4,0
HH_03017,9,2,3
HH_03018,13,9,2
HH_03019,12,2,1
HH_03020,2,2,0
HH_03021,27,4,4
HH_03022,10,5,0
HH_03023,14,10,0
HH_03024,9,3,1
HH_03025,9,6,1
HH_03026,12,5,1
HH_03027,8,2,1
HH_03028,5,6,0
HH_03029,15,6,2
HH_03030,8,7,2
HH_03031,14,2,0
HH_03032,7,4,0
HH_03033,8,4,0
HH_03034,9,3,2
HH_03035,15,2,0
HH_03036,15,9,2
HH_03037,14,4,1
HH_03038,11,9,2
HH_03039,10,5,1
HH_03040,8,6,0
HH_03041,16,4,0
HH_03042,11,1,1
HH_03043,14,9,2
HH_03044,12,5,2
HH_03045,12,10,2
HH_03046,21,8,3
HH_03047,14,4,1
HH_03048,18,4,0
HH_03049,9,3,0
HH_03050,18,5,1
HH_03051,8,1,0
HH_03052,11,5,1
HH_03053,9,5,3
HH_03054,12,4,1
HH_03055,9,4,1
HH_03056,9,3,1
HH_03057,11,4,1
HH_03058,12,3,2
HH_03059,11,0,1
HH_03060,17,4,2
HH_03061,14,6,0
HH_03062,7,11,3
HH_03063,10,5,3
HH_03064,14,8,2
HH_03065,10,4,0
HH_03066,14,4,2
HH_03067,13,5,1
HH_03068,7,5,1
HH_03069,14,10,0
HH_03070,8,4,0
HH_03071,13,9,0
HH_03072,10,8,0
HH_03073,15,0,2
HH_03074,13,5,1
HH_03075,7,7,0
HH_03076,8,8,1
HH_03077,9,5,1
HH_03078,8,4,0
HH_03079,10,4,1
HH_03080,12,9,0
HH_03081,15,4,0
HH_03082,14,3,1
HH_03083,11,7,1
HH_03084,14,8,2
HH_03085,15,2,1
HH_03086,12,3,2
HH_03087,19,5,0
HH_03088,11,3,2
HH_03089,8,7,0
HH_03090,18,5,0
HH_03091,11,3,1
HH_03092,13,7,3
HH_03093,7,4,0
HH_03094,15,6,0
HH_03095,8,2,1
HH_03096,15,6,0
HH_03097,17,2,1
HH_03098,17,5,0
HH_03099,15,3,1
HH_03100,8,4,2
HH_03101,15,6,1
HH_03102,10,4,0
HH_03103,9,2,0
HH_03104,10,3,1
HH_03105,6,8,3
HH_03106,13,7,1
HH_03107,15,5,1
HH_03108,19,5,0
HH_03109,14,8,1
HH_03110,16,6,0
HH_03111,12,5,0
HH_03112,8,2,4
HH_03113,16,4,1
HH_03114,10,5,0
HH_03115,3,3,0
HH_03116,12,9,0
HH_03117,7,2,0
HH_03118,11,7,1
HH_03119,20,5,0
HH_03120,10,3,1
HH_03121,14,6,1
HH_03122,15,4,0
HH_03123,12,3,0
HH_03124,14,3,1
HH_03125,10,6,1
HH_03126,14,3,1
HH_03127,17,6,0
HH_03128,12,3,1
HH_03129,14,8,0
HH_03130,10,3,0
HH_03131,14,10,1
HH_03132,12,2,2
HH_03133,17,5,2
HH_03134,7,3,0
HH_03135,12,4,0
HH_03136,13,2,2
HH_03137,9,5,1
HH_03138,15,2,1
HH_03139,10,4,0
HH_03140,12,3,0
HH_03141,15,5,0
HH_03142,16,3,1
HH_03143,12,6,2
HH_03144,13,7,2
HH_03145,10,7,1
HH_03146,10,4,0
HH_03147,11,5,1
HH_03148,12,5,0
HH_03149,14,9,0
HH_03150,12,3,0
HH_03151,8,4,2
HH_03152,4,4,2
HH_03153,11,5,1
HH_03154,12,2,0
HH_03155,13,2,0
HH_03156,11,3,0
HH_03157,10,3,0
HH_03158,14,3,0
HH_03159,15,7,1
HH_03160,20,3,0
HH_03161,9,2,0
HH_03162,10,4,3
HH_03163,15,6,1
HH_03164,8,5,3
HH_03165,12,7,2
HH_03166,10,6,2
HH_03167,12,2,0
HH_03168,16,6,0
HH_03169,8,3,1
HH_03170,15,2,0
HH_03171,19,3,1
HH_03172,17,8,0
HH_03173,10,4,1
HH_03174,12,3,2
HH_03175,11,9,1
HH_03176,11,3,0
HH_03177,17,7,0
HH_03178,17,5,2
HH_03179,12,4,1
HH_03180,6,5,1
HH_03181,16,7,1
HH_03182,12,7,1
HH_03183,13,2,2
HH_03184,7,6,0
HH_03185,14,3,2
HH_03186,13,4,2
HH_03187,12,8,1
HH_03188,14,5,2
HH_03189,14,4,0
HH_03190,11,8,0
HH_03191,13,6,0
HH_03192,11,7,0
HH_03193,23,5,0
HH_03194,10,7,1
HH_03195,8,2,1
HH_03196,10,5,1
HH_03197,13,7,1
HH_03198,15,5,3
HH_03199,13,6,1
HH_03200,11,0,1
HH_03201,9,3,1
HH_03202,11,5,1
HH_03203,12,6,1
HH_03204,9,6,0
HH_03205,11,10,1
HH_03206,15,7,0
HH_03207,9,4,1
HH_03208,16,6,2
HH_03209,8,3,4
HH_03210,11,9,2
HH_03211,11,2,2
HH_03212,10,1,4
HH_03213,9,7,0
HH_03214,12,6,2
HH_03215,7,7,1
HH_03216,14,8,2
HH_03217,12,3,1
HH_03218,7,5,1
HH_03219,12,1,3
HH_03220,12,2,0
HH_03221,13,5,1
HH_03222,10,2,0
HH_03223,13,1,1
HH_03224,10,1,1
HH_03225,11,1,1
HH_03226,12,6,1
HH_03227,13,5,0
HH_03228,8,7,2
HH_03229,9,3,0
HH_03230,11,11,1
HH_03231,14,8,0
HH_03232,8,8,0
HH_03233,8,3,0
HH_03234,13,5,2
HH_03235,13,5,1
HH_03236,9,2,0
HH_03237,13,5,1
HH_03238,13,5,1
HH_03239,21,5,1
HH_03240,18,5,0
HH_03241,8,4,3
HH_03242,11,9,2
HH_03243,16,3,0
HH_03244,6,5,0
HH_03245,6,5,1
HH_03246,14,1,1
HH_03247,6,4,3
HH_03248,12,5,2
HH_03249,8,5,1
HH_03250,7,6,1
HH_03251,8,7,0
HH_03252,16,7,0
HH_03253,6,1,2
HH_03254,12,4,0
HH_03255,8,3,0
HH_03256,13,4,0
HH_03257,18,6,2
HH_03258,12,2,1
HH_03259,9,6,3
HH_03260,11,6,1
HH_03261,16,4,2
HH_03262,13,4,3
HH_03263,9,3,1
HH_03264,13,5,0
HH_03265,15,5,0
HH_03266,12,3,0
HH_03267,10,2,1
HH_03268,14,5,1
HH_03269,9,5,2
HH_03270,13,9,1
HH_03271,15,6,2
HH_03272,15,7,2
HH_03273,12,3,1
HH_03274,14,2,1
HH_03275,11,5,0
HH_03276,7,9,1
HH_03277,15,3,1
HH_03278,11,8,1
HH_03279,17,7,2
HH_03280,11,4,3
HH_03281,16,6,1
HH_03282,14,3,1
HH_03283,16,7,2
HH_03284,9,6,1
HH_03285,9,8,0
HH_03286,14,7,0
HH_03287,9,3,2
HH_03288,6,2,0
HH_03289,9,5,0
HH_03290,11,3,2
HH_03291,10,7,1
HH_03292,9,7,0
HH_03293,10,4,0
HH_03294,11,3,0
HH_03295,11,8,2
HH_03296,11,6,0
HH_03297,15,5,1
HH_03298,4,5,3
HH_03299,15,4,1
HH_03300,10,6,1
HH_03301,14,6,2
HH_03302,12,6,0
HH_03303,11,1,0
HH_03304,9,3,0
HH_03305,15,5,3
HH_03306,13,6,1
HH_03307,12,2,1
HH_03308,6,7,4
HH_03309,10,6,1
HH_03310,18,6,0
HH_03311,10,3,0
HH_03312,9,3,0
HH_03313,10,10,1
HH_03314,12,4,3
HH_03315,8,5,1
HH_03316,15,3,3
HH_03317,11,5,0
HH_03318,8,4,0
HH_03319,15,8,2
HH_03320,10,7,1
HH_03321,14,3,1
HH_03322,13,6,0
HH_03323,14,4,0
HH_03324,10,2,2
HH_03325,12,7,0
HH_03326,12,4,0
HH_03327,7,3,1
HH_03328,12,5,0
HH_03329,10,3,0
HH_03330,11,8,0
HH_03331,10,8,1
HH_03332,15,4,0
HH_03333,17,5,1
HH_03334,8,6,3
HH_03335,8,5,0
HH_03336,13,6,2
HH_03337,6,3,1
HH_03338,12,7,3
HH_03339,6,3,0
HH_03340,7,5,2
HH_03341,12,4,0
HH_03342,9,9,1
HH_03343,17,2,0
HH_03344,12,4,2
HH_03345,19,3,0
HH_03346,8,7,0
HH_03347,9,9,0
HH_03348,15,8,1
HH_03349,9,5,0
HH_03350,9,9,2
HH_03351,12,5,0
HH_03352,13,9,0
HH_03353,9,4,0
HH_03354,7,2,2
HH_03355,8,6,2
HH_03356,7,7,0
HH_03357,10,4,2
HH_03358,17,8,3
HH_03359,7,7,2
HH_03360,11,6,1
HH_03361,8,5,1
HH_03362,10,4,0
HH_03363,15,3,1
HH_03364,18,5,0
HH_03365,7,5,1
HH_03366,12,1,0
HH_03367,17,3,2
HH_03368,12,5,0
HH_03369,11,4,1
HH_03370,11,8,0
HH_03371,18,8,0
HH_03372,17,5,0
HH_03373,11,3,2
HH_03374,9,1,2
HH_03375,14,2,0
HH_03376,15,5,3
HH_03377,15,7,1
HH_03378,11,10,3
HH_03379,8,3,0
HH_03380,9,2,0
HH_03381,14,4,1
HH_03382,10,5,2
HH_03383,7,4,1
HH_03384,11,4,1
HH_03385,12,3,3
HH_03386,4,4,1
HH_03387,9,3,2
HH_03388,10,4,0
HH_03389,11,3,0
HH_03390,7,3,0
HH_03391,19,4,1
HH_03392,14,5,0
HH_03393,12,5,3
HH_03394,12,7,2
HH_03395,12,7,1
HH_03396,11,4,0
HH_03397,14,6,0
HH_03398,5,3,0
HH_03399,16,7,1
HH_03400,13,9,0
HH_03401,15,4,3
HH_03402,17,7,1
HH_03403,15,6,1
HH_03404,9,5,1
HH_03405,8,4,2
HH_03406,13,2,0
HH_03407,7,7,1
HH_03408,9,3,3
HH_03409,9,6,0
HH_03410,13,16,3
HH_03411,14,0,1
HH_03412,8,2,0
HH_03413,15,3,1
HH_03414,9,2,2
HH_03415,19,4,2
HH_03416,13,7,0
HH_03417,10,3,2
HH_03418,15,6,3
HH_03419,9,4,2
HH_03420,11,5,1
HH_03421,14,5,1
HH_03422,7,7,1
HH_03423,12,7,0
HH_03424,12,5,1
HH_03425,14,5,1
HH_03426,10,7,1
HH_03427,15,1,1
HH_03428,11,3,1
HH_03429,19,4,1
HH_03430,8,6,2
HH_03431,18,7,1
HH_03432,14,6,0
HH_03433,7,5,0
HH_03434,12,5,1
HH_03435,16,8,1
HH_03436,12,2,0
HH_03437,11,8,0
HH_03438,14,8,2
HH_03439,13,5,0
HH_03440,10,4,3
HH_03441,10,6,1
HH_03442,11,2,0
HH_03443,7,1,1
HH_03444,22,2,0
HH_03445,15,8,2
HH_03446,10,3,2
HH_03447,10,3,1
HH_03448,20,5,1
HH_03449,15,6,1
HH_03450,11,4,1
HH_03451,11,8,0
HH_03452,9,6,0
HH_03453,14,2,0
HH_03454,8,2,2
HH_03455,11,7,2
HH_03456,10,2,0
HH_03457,16,7,1
HH_03458,9,5,0
HH_03459,11,4,0
HH_03460,12,3,0
HH_03461,6,4,1
HH_03462,15,6,0
HH_03463,11,1,0
HH_03464,3,4,1
HH_03465,10,6,2
HH_03466,7,4,2
HH_03467,11,7,0
HH_03468,11,3,2
HH_03469,6,2,0
HH_03470,9,3,0
HH_03471,11,1,0
HH_03472,18,5,0
HH_03473,14,2,1
HH_03474,7,3,3
HH_03475,10,4,2
HH_03476,16,7,3
HH_03477,4,2,1
HH_03478,15,8,1
HH_03479,10,5,0
HH_03480,11,5,1
HH_03481,9,7,2
HH_03482,10,7,0
HH_03483,12,7,1
HH_03484,13,6,2
HH_03485,13,8,2
HH_03486,9,4,1
HH_03487,10,3,2
HH_03488,15,7,0
HH_03489,17,4,0
HH_03490,12,5,0
HH_03491,18,10,3
HH_03492,5,5,3
HH_03493,15,2,2
HH_03494,15,4,2
HH_03495,18,7,1
HH_03496,12,2,1
HH_03497,13,3,0
HH_03498,13,6,1
HH_03499,14,5,1
HH_03500,14,4,1
HH_03501,7,2,2
HH_03502,13,3,1
HH_03503,9,9,2
HH_03504,18,6,1
HH_03505,17,5,0
HH_03506,12,3,2
HH_03507,16,2,1
HH_03508,15,7,0
HH_03509,9,2,0
HH_03510,17,7,2
HH_03511,13,5,3
HH_03512,12,5,1
HH_03513,11,7,0
HH_03514,15,8,0
HH_03515,13,2,1
HH_03516,12,5,0
HH_03517,13,6,2
HH_03518,17,7,2
HH_03519,13,5,2
HH_03520,10,5,0
HH_03521,11,4,0
HH_03522,13,5,0
HH_03523,8,3,2
HH_03524,14,4,1
HH_03525,8,7,2
HH_03526,12,8,1
HH_03527,6,5,0
HH_03528,11,1,3
HH_03529,17,5,0
HH_03530,15,5,1
HH_03531,13,7,1
HH_03532,13,4,1
HH_03533,11,7,0
HH_03534,12,7,1
HH_03535,8,5,0
HH_03536,14,3,3
HH_03537,16,5,0
HH_03538,14,5,3
HH_03539,22,5,1
HH_03540,14,2,0
HH_03541,5,8,2
HH_03542,9,5,0
HH_03543,12,6,1
HH_03544,18,5,1
HH_03545,6,7,0
HH_03546,15,2,2
HH_03547,9,4,1
HH_03548,10,2,0
HH_03549,10,6,2
HH_03550,16,8,1
HH_03551,16,7,2
HH_03552,15,4,2
HH_03553,8,9,1
HH_03554,14,4,1
HH_03555,13,8,0
HH_03556,8,7,0
HH_03557,11,6,2
HH_03558,13,2,1
HH_03559,13,8,1
HH_03560,12,7,1
HH_03561,7,1,1
HH_03562,15,0,1
HH_03563,14,1,0
HH_03564,12,4,1
HH_03565,10,7,1
HH_03566,12,6,0
HH_03567,14,4,1
HH_03568,14,5,2
HH_03569,12,4,0
HH_03570,16,6,2
HH_03571,9,3,0
HH_03572,13,7,3
HH_03573,10,6,1
HH_03574,12,9,1
HH_03575,11,3,1
HH_03576,16,4,1
HH_03577,13,8,2
HH_03578,8,4,2
HH_03579,5,3,0
HH_03580,21,3,3
HH_03581,9,4,2
HH_03582,8,4,0
HH_03583,13,7,0
HH_03584,10,9,1
HH_03585,10,4,0
HH_03586,10,6,1
HH_03587,25,2,2
HH_03588,12,1,2
HH_03589,5,4,0
HH_03590,9,3,0
HH_03591,15,6,2
HH_03592,16,6,2
HH_03593,9,6,0
HH_03594,15,4,0
HH_03595,9,2,0
HH_03596,17,5,2
HH_03597,10,5,1
HH_03598,5,4,1
HH_03599,6,2,0
HH_03600,8,4,0
HH_03601,13,7,2
HH_03602,4,6,3
HH_03603,15,8,0
HH_03604,8,5,0
HH_03605,22,8,2
HH_03606,8,5,4
HH_03607,15,3,1
HH_03608,15,5,1
HH_03609,14,4,2
HH_03610,10,2,0
HH_03611,14,7,0
HH_03612,8,6,1
HH_03613,11,9,2
HH_03614,11,3,1
HH_03615,12,2,0
HH_03616,12,5,1
HH_03617,15,8,3
HH_03618,16,6,0
HH_03619,11,11,2
HH_03620,8,8,1
HH_03621,12,6,0
HH_03622,9,4,0
HH_03623,13,4,0
HH_03624,9,3,0
HH_03625,10,1,0
HH_03626,10,2,0
HH_03627,6,4,0
HH_03628,12,6,0
HH_03629,8,6,0
HH_03630,6,4,0
HH_03631,7,5,0
HH_03632,13,4,1
HH_03633,13,9,0
HH_03634,10,3,3
HH_03635,16,3,1
HH_03636,12,7,1
HH_03637,9,2,2
HH_03638,19,7,1
HH_03639,6,3,4
HH_03640,19,4,1
HH_03641,9,5,3
HH_03642,21,3,2
HH_03643,12,7,1
HH_03644,13,5,0
HH_03645,10,4,0
HH_03646,10,7,2
HH_03647,11,4,0
HH_03648,12,7,0
HH_03649,13,6,2
HH_03650,18,3,0
HH_03651,14,8,0
HH_03652,12,4,1
HH_03653,12,5,1
HH_03654,17,2,0
HH_03655,5,6,2
HH_03656,7,4,2
HH_03657,12,2,2
HH_03658,6,3,2
HH_03659,9,6,0
HH_03660,10,1,1
HH_03661,16,4,3
HH_03662,18,3,3
HH_03663,17,7,1
HH_03664,10,4,0
HH_03665,6,3,2
HH_03666,14,7,2
HH_03667,9,3,3
HH_03668,9,4,2
HH_03669,14,9,2
HH_03670,17,3,2
HH_03671,8,2,2
HH_03672,14,6,1
HH_03673,9,2,1
HH_03674,16,4,1
HH_03675,11,4,4
HH_03676,11,1,1
HH_03677,12,2,2
HH_03678,14,4,0
HH_03679,11,1,0
HH_03680,11,2,0
HH_03681,12,3,0
HH_03682,9,4,0
HH_03683,9,4,2
HH_03684,14,7,3
HH_03685,11,4,0
HH_03686,15,8,1
HH_03687,8,8,1
HH_03688,13,6,0
HH_03689,13,3,2
HH_03690,11,6,0
HH_03691,10,5,0
HH_03692,9,3,2
HH_03693,11,11,0
HH_03694,12,8,0
HH_03695,12,4,2
HH_03696,16,5,1
HH_03697,10,9,1
HH_03698,17,7,0
HH_03699,15,7,0
HH_03700,9,5,1
HH_03701,6,4,2
HH_03702,16,4,0
HH_03703,17,3,0
HH_03704,14,6,2
HH_03705,10,6,2
HH_03706,7,4,0
HH_03707,11,2,1
HH_03708,12,5,1
HH_03709,15,4,0
HH_03710,11,4,0
HH_03711,14,5,2
HH_03712,8,7,0
HH_03713,10,5,2
HH_03714,14,4,2
HH_03715,17,10,0
HH_03716,15,4,1
HH_03717,12,2,1
HH_03718,7,4,0
HH_03719,8,9,0
HH_03720,13,3,0
HH_03721,14,0,2
HH_03722,10,1,4
HH_03723,5,1,0
HH_03724,13,4,0
HH_03725,12,7,1
HH_03726,20,9,0
HH_03727,8,7,1
HH_03728,12,4,1
HH_03729,12,5,0
HH_03730,9,5,1
HH_03731,10,7,0
HH_03732,10,8,0
HH_03733,11,4,0
HH_03734,17,8,1
HH_03735,7,4,1
HH_03736,5,7,1
HH_03737,15,9,2
HH_03738,15,4,1
HH_03739,17,6,1
HH_03740,16,8,0
HH_03741,10,5,0
HH_03742,12,3,1
HH_03743,11,4,2
HH_03744,13,4,0
HH_03745,10,4,2
HH_03746,9,3,0
HH_03747,16,4,0
HH_03748,11,4,1
HH_03749,16,3,0
HH_03750,13,8,3
HH_03751,8,4,1
HH_03752,11,7,1
HH_03753,16,6,4
HH_03754,12,7,1
HH_03755,12,1,1
HH_03756,11,4,1
HH_03757,14,5,3
HH_03758,12,7,2
HH_03759,7,2,0
HH_03760,13,1,1
HH_03761,12,5,2
HH_03762,16,6,2
HH_03763,11,5,2
HH_03764,15,2,0
HH_03765,8,9,0
HH_03766,14,4,2
HH_03767,13,6,1
HH_03768,11,6,0
HH_03769,11,4,0
HH_03770,8,5,0
HH_03771,15,8,0
HH_03772,12,6,1
HH_03773,15,7,0
HH_03774,12,4,0
HH_03775,12,5,0
HH_03776,10,8,1
HH_03777,12,3,0
HH_03778,13,5,2
HH_03779,14,7,1
HH_03780,14,9,1
HH_03781,12,5,1
HH_03782,8,7,1
HH_03783,12,6,1
HH_03784,10,4,1
HH_03785,14,8,2
HH_03786,8,10,1
HH_03787,7,2,0
HH_03788,9,7,2
HH_03789,11,2,1
HH_03790,9,3,0
HH_03791,12,2,3
HH_03792,7,0,0
HH_03793,14,5,0
HH_03794,12,9,2
HH_03795,9,5,0
HH_03796,10,4,0
HH_03797,15,7,0
HH_03798,14,6,0
HH_03799,11,3,0
HH_03800,10,5,2
HH_03801,13,7,0
HH_03802,12,4,0
HH_03803,9,3,1
HH_03804,13,9,0
HH_03805,16,1,0
HH_03806,16,5,0
HH_03807,12,4,2
HH_03808,12,3,1
HH_03809,11,6,0
HH_03810,14,4,0
HH_03811,11,9,2
HH_03812,18,5,2
HH_03813,8,4,0
HH_03814,11,3,1
HH_03815,18,6,3
HH_03816,16,8,0
HH_03817,20,7,1
HH_03818,9,6,0
HH_03819,16,6,0
HH_03820,12,3,1
HH_03821,14,4,5
HH_03822,10,4,3
HH_03823,13,6,1
HH_03824,5,4,1
HH_03825,7,5,1
HH_03826,11,10,0
HH_03827,13,4,2
HH_03828,18,5,2
HH_03829,8,4,0
HH_03830,12,3,2
HH_03831,15,7,4
HH_03832,12,4,0
HH_03833,18,8,0
HH_03834,9,6,0
HH_03835,7,2,1
HH_03836,11,4,0
HH_03837,14,9,1
HH_03838,12,5,1
HH_03839,11,7,3
HH_03840,9,6,2
HH_03841,8,5,2
HH_03842,8,9,0
HH_03843,8,3,0
HH_03844,12,1,2
HH_03845,10,8,1
HH_03846,15,5,3
HH_03847,7,3,2
HH_03848,4,5,0
HH_03849,12,5,0
HH_03850,12,3,1
HH_03851,13,1,0
HH_03852,14,6,0
HH_03853,12,8,6
HH_03854,11,6,0
HH_03855,15,5,0
HH_03856,8,5,0
HH_03857,17,5,3
HH_03858,8,4,0
HH_03859,13,3,2
HH_03860,15,3,1
HH_03861,15,6,1
HH_03862,12,1,2
HH_03863,16,5,0
HH_03864,10,6,0
HH_03865,13,9,1
HH_03866,11,2,0
HH_03867,12,6,0
HH_03868,13,8,1
HH_03869,12,6,3
HH_03870,6,7,3
HH_03871,18,3,2
HH_03872,11,5,1
HH_03873,11,4,3
HH_03874,17,3,2
HH_03875,10,6,1
HH_03876,13,4,0
HH_03877,9,7,1
HH_03878,13,3,0
HH_03879,11,6,1
HH_03880,9,4,1
HH_03881,9,1,0
HH_03882,15,4,0
HH_03883,18,6,1
HH_03884,12,4,1
HH_03885,20,6,1
HH_03886,9,7,1
HH_03887,12,7,4
HH_03888,9,7,0
HH_03889,10,8,2
HH_03890,8,2,1
HH_03891,12,10,0
HH_03892,11,6,2
HH_03893,11,8,1
HH_03894,10,6,0
HH_03895,13,4,2
HH_03896,11,4,2
HH_03897,10,5,2
HH_03898,11,4,0
HH_03899,8,1,2
HH_03900,8,5,1
HH_03901,4,3,2
HH_03902,14,5,0
HH_03903,16,8,1
HH_03904,13,12,1
HH_03905,14,6,1
HH_03906,16,6,1
HH_03907,15,4,2
HH_03908,15,2,2
HH_03909,14,9,1
HH_03910,22,3,1
HH_03911,7,4,0
HH_03912,11,6,1
HH_03913,8,12,1
HH_03914,9,4,1
HH_03915,18,6,0
HH_03916,11,6,1
HH_03917,7,9,1
HH_03918,18,1,3
HH_03919,12,5,2
HH_03920,11,5,2
HH_03921,12,2,2
HH_03922,11,6,0
HH_03923,11,7,0
HH_03924,13,2,2
HH_03925,7,2,0
HH_03926,12,6,0
HH_03927,6,10,1
HH_03928,15,7,0
HH_03929,11,6,0
HH_03930,7,5,0
HH_03931,12,6,0
HH_03932,12,3,1
HH_03933,13,6,0
HH_03934,17,4,0
HH_03935,17,5,1
HH_03936,13,5,1
HH_03937,9,6,2
HH_03938,13,5,0
HH_03939,10,2,2
HH_03940,16,7,1
HH_03941,12,10,2
HH_03942,9,4,0
HH_03943,8,5,0
HH_03944,14,4,2
HH_03945,14,4,1
HH_03946,14,7,2
HH_03947,12,7,2
HH_03948,12,7,1
HH_03949,11,2,1
HH_03950,11,6,2
HH_03951,10,5,1
HH_03952,6,3,0
HH_03953,11,5,1
HH_03954,15,3,2
HH_03955,8,7,0
HH_03956,10,0,0
HH_03957,13,6,2
HH_03958,11,5,0
HH_03959,15,3,0
HH_03960,9,6,2
HH_03961,12,5,1
HH_03962,12,4,1
HH_03963,12,4,1
HH_03964,13,9,0
HH_03965,9,5,0
HH_03966,11,6,1
HH_03967,13,4,0
HH_03968,11,4,2
HH_03969,17,8,3
HH_03970,10,2,0
HH_03971,12,7,0
HH_03972,11,4,0
HH_03973,12,4,3
HH_03974,10,6,0
HH_03975,12,9,0
HH_03976,15,5,0
HH_03977,11,4,1
HH_03978,14,4,1
HH_03979,13,4,1
HH_03980,8,4,1
HH_03981,14,4,1
HH_03982,9,2,2
HH_03983,10,5,3
HH_03984,12,4,2
HH_03985,19,7,1
HH_03986,7,7,2
HH_03987,7,6,3
HH_03988,14,11,1
HH_03989,5,4,2
HH_03990,6,5,1
HH_03991,8,9,1
HH_03992,14,3,1
HH_03993,9,4,0
HH_03994,12,3,0
HH_03995,9,2,1
HH_03996,8,6,2
HH_03997,13,2,3
HH_03998,12,3,3
HH_03999,10,6,1
HH_04000,3,5,0
HH_04001,11,5,1
HH_04002,17,6,1
HH_04003,7,5,0
HH_04004,8,4,1
HH_04005,10,5,1
HH_04006,14,6,0
HH_04007,16,5,1
HH_04008,16,4,2
HH_04009,8,10,2
HH_04010,9,7,3
HH_04011,11,3,0
HH_04012,15,5,0
HH_04013,13,2,0
HH_04014,11,2,2
HH_04015,14,5,0
HH_04016,15,6,0
HH_04017,7,5,0
HH_04018,14,12,0
HH_04019,15,2,2
HH_04020,12,6,0
HH_04021,12,5,1
HH_04022,5,2,2
HH_04023,11,7,3
HH_04024,12,4,2
HH_04025,12,5,1
HH_04026,15,2,1
HH_04027,12,4,0
HH_04028,10,9,0
HH_04029,13,2,3
HH_04030,16,8,2
HH_04031,10,5,0
HH_04032,14,5,0
HH_04033,10,5,3
HH_04034,14,6,2
HH_04035,15,1,1
HH_04036,4,3,0
HH_04037,15,3,0
HH_04038,10,2,0
HH_04039,16,7,0
HH_04040,18,6,0
HH_04041,15,3,1
HH_04042,12,4,2
HH_04043,14,8,0
HH_04044,11,2,2
HH_04045,15,7,1
HH_04046,19,5,1
HH_04047,8,6,1
HH_04048,18,1,1
HH_04049,7,3,1
HH_04050,8,6,2
HH_04051,8,4,1
HH_04052,15,1,1
HH_04053,13,4,0
HH_04054,6,3,4
HH_04055,11,2,0
HH_04056,11,6,3
HH_04057,14,11,3
HH_04058,6,4,0
HH_04059,9,5,1
HH_04060,14,5,2
HH_04061,13,3,2
HH_04062,13,3,1
HH_04063,10,2,2
HH_04064,12,7,2
HH_04065,14,4,3
HH_04066,8,6,4
HH_04067,15,4,2
HH_04068,10,6,1
HH_04069,14,4,2
HH_04070,14,6,0
HH_04071,9,5,1
HH_04072,13,10,1
HH_04073,15,8,0
HH_04074,11,5,2
HH_04075,17,4,0
HH_04076,14,6,0
HH_04077,16,3,3
HH_04078,7,5,2
HH_04079,13,3,1
HH_04080,14,4,2
HH_04081,9,7,2
HH_04082,10,4,3
HH_04083,12,8,0
HH_04084,14,4,2
HH_04085,13,2,1
HH_04086,8,2,1
HH_04087,13,2,2
HH_04088,12,4,0
HH_04089,9,2,0
HH_04090,14,3,0
HH_04091,8,6,0
HH_04092,18,8,1
HH_04093,11,5,2
HH_04094,8,7,3
HH_04095,14,4,0
HH_04096,10,4,1
HH_04097,9,3,1
HH_04098,8,4,0
HH_04099,7,4,1
HH_04100,12,5,1
HH_04101,10,4,1
HH_04102,7,6,0
HH_04103,15,4,2
HH_04104,10,6,0
HH_04105,13,3,1
HH_04106,15,3,3
HH_04107,11,6,1
HH_04108,13,3,1
HH_04109,11,4,0
HH_04110,6,9,3
HH_04111,9,10,0
HH_04112,15,3,1
HH_04113,9,5,1
HH_04114,9,3,4
HH_04115,8,5,3
HH_04116,9,8,1
HH_04117,9,3,2
HH_04118,9,4,2
HH_04119,12,6,1
HH_04120,10,6,0
HH_04121,13,7,0
HH_04122,9,8,2
HH_04123,13,3,1
HH_04124,13,7,2
HH_04125,14,6,2
HH_04126,17,3,2
HH_04127,18,3,1
HH_04128,16,8,1
HH_04129,13,2,0
HH_04130,11,2,1
HH_04131,15,5,1
HH_04132,13,6,3
HH_04133,7,6,0
HH_04134,13,6,3
HH_04135,14,4,1
HH_04136,5,4,0
HH_04137,7,7,1
HH_04138,14,7,1
HH_04139,11,8,0
HH_04140,10,6,4
HH_04141,10,4,3
HH_04142,11,3,1
HH_04143,5,4,0
HH_04144,13,3,1
HH_04145,20,0,0
HH_04146,14,3,2
HH_04147,17,4,0
HH_04148,15,5,0
HH_04149,8,7,5
HH_04150,12,3,1
HH_04151,10,5,0
HH_04152,13,4,3
HH_04153,13,6,0
HH_04154,6,9,1
HH_04155,11,6,1
HH_04156,9,3,0
HH_04157,9,3,0
HH_04158,15,3,2
HH_04159,10,9,0
HH_04160,12,8,0
HH_04161,13,6,0
HH_04162,11,6,0
HH_04163,17,9,1
HH_04164,15,3,0
HH_04165,17,7,0
HH_04166,8,3,2
HH_04167,21,5,1
HH_04168,14,4,0
HH_04169,7,8,0
HH_04170,12,3,2
HH_04171,10,3,3
HH_04172,11,7,0
HH_04173,8,10,0
HH_04174,15,3,0
HH_04175,9,11,2
HH_04176,12,5,0
HH_04177,6,9,2
HH_04178,14,5,3
HH_04179,7,5,0
HH_04180,13,7,0
HH_04181,10,4,0
HH_04182,13,8,0
HH_04183,11,4,2
HH_04184,7,10,0
HH_04185,8,7,2
HH_04186,10,6,2
HH_04187,19,2,2
HH_04188,16,4,2
HH_04189,13,10,2
HH_04190,12,1,3
HH_04191,11,4,1
HH_04192,15,6,1
HH_04193,12,8,0
HH_04194,9,4,0
HH_04195,11,2,0
HH_04196,17,5,1
HH_04197,14,8,0
HH_04198,9,4,1
HH_04199,13,5,2
HH_04200,8,7,0
HH_04201,5,10,0
HH_04202,8,6,2
HH_04203,9,6,0
HH_04204,6,3,1
HH_04205,12,5,0
HH_04206,11,8,1
HH_04207,11,7,1
HH_04208,21,6,2
HH_04209,10,5,2
HH_04210,9,3,1
HH_04211,13,5,1
HH_04212,17,1,3
HH_04213,12,5,0
HH_04214,13,5,0
HH_04215,15,7,1
HH_04216,10,6,0
HH_04217,16,3,2
HH_04218,12,6,0
HH_04219,11,8,0
HH_04220,13,8,2
HH_04221,8,3,4
HH_04222,14,8,0
HH_04223,19,6,1
HH_04224,14,5,1
HH_04225,15,6,0
HH_04226,13,7,0
HH_04227,10,8,2
HH_04228,8,6,1
HH_04229,10,6,1
HH_04230,16,2,2
HH_04231,19,9,0
HH_04232,17,3,1
HH_04233,10,5,0
HH_04234,20,4,2
HH_04235,9,8,2
HH_04236,7,4,2
HH_04237,18,6,1
HH_04238,7,7,0
HH_04239,7,3,0
HH_04240,13,2,0
HH_04241,14,4,1
HH_04242,8,8,0
HH_04243,7,6,2
HH_04244,17,9,1
HH_04245,10,6,3
HH_04246,11,8,1
HH_04247,15,4,1
HH_04248,9,4,2
HH_04249,9,4,0
HH_04250,9,3,0
HH_04251,6,6,2
HH_04252,10,4,1
HH_04253,12,5,0
HH_04254,19,4,2
HH_04255,11,6,1
HH_04256,10,8,3
HH_04257,11,4,1
HH_04258,12,9,1
HH_04259,12,2,1
HH_04260,10,3,2
HH_04261,14,3,0
HH_04262,15,5,1
HH_04263,7,5,0
HH_04264,13,6,0
HH_04265,16,6,0
HH_04266,8,5,2
HH_04267,11,6,1
HH_04268,8,4,0
HH_04269,12,5,0
HH_04270,8,5,0
HH_04271,12,5,1
HH_04272,10,4,0
HH_04273,8,5,2
HH_04274,14,2,3
HH_04275,11,6,0
HH_04276,18,3,4
HH_04277,10,0,0
HH_04278,8,7,0
HH_04279,7,6,1
HH_04280,7,5,1
HH_04281,14,9,1
HH_04282,17,7,0
HH_04283,8,2,1
HH_04284,11,6,2
HH_04285,14,2,1
HH_04286,13,7,1
HH_04287,13,4,1
HH_04288,12,6,1
HH_04289,8,5,1
HH_04290,10,1,0
HH_04291,10,5,1
HH_04292,15,7,0
HH_04293,15,4,1
HH_04294,17,4,0
HH_04295,11,7,1
HH_04296,11,4,2
HH_04297,10,7,0
HH_04298,10,3,1
HH_04299,7,3,0
HH_04300,13,4,0
HH_04301,9,3,3
HH_04302,10,5,1
HH_04303,13,5,0
HH_04304,14,7,0
HH_04305,8,3,1
HH_04306,7,3,1
HH_04307,8,6,2
HH_04308,13,5,1
HH_04309,16,4,2
HH_04310,7,3,0
HH_04311,9,4,1
HH_04312,9,5,0
HH_04313,7,2,0
HH_04314,16,3,3
HH_04315,10,5,3
HH_04316,16,6,2
HH_04317,16,4,0
HH_04318,15,9,0
HH_04319,14,8,0
HH_04320,10,7,0
HH_04321,7,4,2
HH_04322,14,3,0
HH_04323,15,3,0
HH_04324,8,7,1
HH_04325,7,5,0
HH_04326,12,5,0
HH_04327,16,6,1
HH_04328,12,3,1
HH_04329,14,4,3
HH_04330,16,5,2
HH_04331,10,5,1
HH_04332,13,8,2
HH_04333,14,3,1
HH_04334,10,3,0
HH_04335,9,10,1
HH_04336,10,4,1
HH_04337,14,6,1
HH_04338,14,4,1
HH_04339,17,7,1
HH_04340,9,7,0
HH_04341,8,4,0
HH_04342,9,6,3
HH_04343,17,8,1
HH_04344,10,7,1
HH_04345,9,8,0
HH_04346,13,7,1
HH_04347,14,11,2
HH_04348,9,3,2
HH_04349,11,3,0
HH_04350,12,7,1
HH_04351,11,4,1
HH_04352,10,6,0
HH_04353,10,3,1
HH_04354,12,11,2
HH_04355,11,2,0
HH_04356,11,4,2
HH_04357,6,3,1
HH_04358,13,5,0
HH_04359,14,4,2
HH_04360,11,3,1
HH_04361,10,8,2
HH_04362,8,5,1
HH_04363,15,6,2
HH_04364,19,1,1
HH_04365,11,9,2
HH_04366,9,4,1
HH_04367,18,5,2
HH_04368,15,5,0
HH_04369,11,1,1
HH_04370,14,13,1
HH_04371,16,5,1
HH_04372,9,7,0
HH_04373,10,2,2
HH_04374,17,6,3
HH_04375,14,11,0
HH_04376,4,4,1
HH_04377,12,7,2
HH_04378,13,10,1
HH_04379,11,2,2
HH_04380,8,5,0
HH_04381,16,7,0
HH_04382,11,4,1
HH_04383,7,11,0
HH_04384,10,7,0
HH_04385,15,5,0
HH_04386,9,7,1
HH_04387,12,7,2
HH_04388,13,7,0
HH_04389,10,5,0
HH_04390,11,5,2
HH_04391,13,8,3
HH_04392,10,3,1
HH_04393,12,4,0
HH_04394,15,10,1
HH_04395,20,9,2
HH_04396,15,4,0
HH_04397,13,2,0
HH_04398,12,3,0
HH_04399,8,6,0
HH_04400,10,4,1
HH_04401,11,2,3
HH_04402,5,8,2
HH_04403,19,6,1
HH_04404,5,2,0
HH_04405,10,4,2
HH_04406,11,4,1
HH_04407,17,6,1
HH_04408,12,6,0
HH_04409,15,7,1
HH_04410,10,6,2
HH_04411,8,7,0
HH_04412,16,6,0
HH_04413,12,7,0
HH_04414,15,6,0
HH_04415,10,3,0
HH_04416,13,4,0
HH_04417,13,1,1
HH_04418,8,6,2
HH_04419,5,5,0
HH_04420,11,8,0
HH_04421,8,3,2
HH_04422,9,4,4
HH_04423,7,5,1
HH_04424,18,5,1
HH_04425,16,3,0
HH_04426,13,7,0
HH_04427,9,9,1
HH_04428,10,6,2
HH_04429,8,5,0
HH_04430,13,4,0
HH_04431,9,6,1
HH_04432,15,4,0
HH_04433,10,9,0
HH_04434,14,2,1
HH_04435,13,3,1
HH_04436,15,2,1
HH_04437,15,6,0
HH_04438,13,6,1
HH_04439,16,7,0
HH_04440,13,4,0
HH_04441,12,2,1
HH_04442,16,5,0
HH_04443,11,5,1
HH_04444,11,5,2
HH_04445,10,7,4
HH_04446,12,8,0
HH_04447,15,5,0
HH_04448,13,5,0
HH_04449,15,2,2
HH_04450,14,3,0
HH_04451,7,3,0
HH_04452,12,9,3
HH_04453,9,5,0
HH_04454,11,6,2
HH_04455,11,5,1
HH_04456,10,5,1
HH_04457,11,5,0
HH_04458,8,3,1
HH_04459,15,2,0
HH_04460,21,6,2
HH_04461,12,2,2
HH_04462,14,3,2
HH_04463,16,8,1
HH_04464,11,6,2
HH_04465,15,7,2
HH_04466,14,7,1
HH_04467,13,5,3
HH_04468,18,5,1
HH_04469,8,1,0
HH_04470,11,6,0
HH_04471,14,4,1
HH_04472,11,9,1
HH_04473,12,5,3
HH_04474,11,5,1
HH_04475,9,7,0
HH_04476,6,4,1
HH_04477,9,3,0
HH_04478,17,13,1
HH_04479,12,6,2
HH_04480,9,8,1
HH_04481,11,5,1
HH_04482,15,3,1
HH_04483,7,4,0
HH_04484,8,4,2
HH_04485,15,7,3
HH_04486,12,8,2
HH_04487,18,7,1
HH_04488,14,1,1
HH_04489,13,3,2
HH_04490,7,1,0
HH_04491,12,8,0
HH_04492,14,8,0
HH_04493,10,1,0
HH_04494,16,2,0
HH_04495,9,5,2
HH_04496,6,6,3
HH_04497,11,7,3
HH_04498,8,4,0
HH_04499,12,2,0
HH_04500,10,7,0
HH_04501,12,4,1
HH_04502,7,3,2
HH_04503,12,1,1
HH_04504,10,1,1
HH_04505,11,3,0
HH_04506,12,5,0
HH_04507,11,5,1
HH_04508,8,3,2
HH_04509,7,5,0
HH_04510,13,6,0
HH_04511,16,4,0
HH_04512,12,6,3
HH_04513,15,4,2
HH_04514,10,2,2
HH_04515,10,6,1
HH_04516,7,5,1
HH_04517,11,9,1
HH_04518,10,3,0
HH_04519,12,6,1
HH_04520,16,5,1
HH_04521,13,5,2
HH_04522,7,6,1
HH_04523,14,3,0
HH_04524,14,8,0
HH_04525,17,6,1
HH_04526,24,5,0
HH_04527,21,5,2
HH_04528,12,8,1
HH_04529,12,6,1
HH_04530,9,10,3
HH_04531,20,3,0
HH_04532,14,7,1
HH_04533,15,8,0
HH_04534,14,2,1
HH_04535,12,4,0
HH_04536,14,2,1
HH_04537,8,5,1
HH_04538,14,5,3
HH_04539,10,2,0
HH_04540,12,5,4
HH_04541,13,2,1
HH_04542,12,5,0
HH_04543,13,5,1
HH_04544,13,10,2
HH_04545,14,5,2
HH_04546,16,2,0
HH_04547,9,2,0
HH_04548,11,10,0
HH_04549,16,2,2
HH_04550,10,10,0
HH_04551,17,4,0
HH_04552,7,4,3
HH_04553,13,2,1
HH_04554,10,5,2
HH_04555,8,5,0
HH_04556,12,7,1
HH_04557,9,1,1
HH_04558,10,5,2
HH_04559,15,4,1
HH_04560,13,4,3
HH_04561,8,6,1
HH_04562,9,6,0
HH_04563,11,5,1
HH_04564,10,3,1
HH_04565,8,8,3
HH_04566,8,6,1
HH_04567,15,8,1
HH_04568,10,6,0
HH_04569,6,9,2
HH_04570,12,5,2
HH_04571,21,1,2
HH_04572,15,8,0
HH_04573,13,4,0
HH_04574,17,7,2
HH_04575,20,8,4
HH_04576,7,6,2
HH_04577,13,5,4
HH_04578,13,5,2
HH_04579,12,2,0
HH_04580,8,3,1
HH_04581,15,4,1
HH_04582,16,3,1
HH_04583,14,7,1
HH_04584,12,9,3
HH_04585,9,2,0
HH_04586,10,2,2
HH_04587,7,5,2
HH_04588,12,4,2
HH_04589,14,4,2
HH_04590,11,3,2
HH_04591,20,7,0
HH_04592,18,5,0
HH_04593,16,6,0
HH_04594,11,6,0
HH_04595,9,4,2
HH_04596,12,9,2
HH_04597,6,7,1
HH_04598,12,8,1
HH_04599,8,2,1
HH_04600,16,6,0
HH_04601,10,3,0
HH_04602,5,6,1
HH_04603,11,4,1
HH_04604,8,5,0
HH_04605,17,5,2
HH_04606,9,6,1
HH_04607,14,5,0
HH_04608,9,3,1
HH_04609,16,7,0
HH_04610,11,5,1
HH_04611,10,4,0
HH_04612,3,9,0
HH_04613,13,4,2
HH_04614,12,5,2
HH_04615,13,4,0
HH_04616,11,7,2
HH_04617,8,1,2
HH_04618,12,3,1
HH_04619,9,7,1
HH_04620,11,1,0
HH_04621,12,9,0
HH_04622,9,4,0
HH_04623,14,2,3
HH_04624,11,7,1
HH_04625,10,5,2
HH_04626,10,5,0
HH_04627,9,7,0
HH_04628,7,5,0
HH_04629,13,5,0
HH_04630,7,4,3
HH_04631,7,8,1
HH_04632,12,5,0
HH_04633,8,7,1
HH_04634,12,5,2
HH_04635,5,9,2
HH_04636,13,9,2
HH_04637,7,6,2
HH_04638,9,3,2
HH_04639,19,5,1
HH_04640,13,4,1
HH_04641,5,5,1
HH_04642,13,7,2
HH_04643,10,10,2
HH_04644,8,4,2
HH_04645,5,5,0
HH_04646,11,6,0
HH_04647,14,2,2
HH_04648,11,6,2
HH_04649,9,4,1
HH_04650,11,3,4
HH_04651,9,4,1
HH_04652,10,2,1
HH_04653,17,4,2
HH_04654,15,5,2
HH_04655,14,6,0
HH_04656,6,9,1
HH_04657,16,7,3
HH_04658,16,6,3
HH_04659,17,7,0
HH_04660,20,8,1
HH_04661,15,1,0
HH_04662,9,4,1
HH_04663,15,6,0
HH_04664,14,7,0
HH_04665,7,5,1
HH_04666,12,3,0
HH_04667,11,5,2
HH_04668,14,11,2
HH_04669,13,4,1
HH_04670,10,5,2
HH_04671,16,4,3
HH_04672,14,5,1
HH_04673,10,11,2
HH_04674,5,2,3
HH_04675,19,3,1
HH_04676,19,1,1
HH_04677,14,6,1
HH_04678,13,5,0
HH_04679,15,6,1
HH_04680,9,2,3
HH_04681,9,7,1
HH_04682,10,8,0
HH_04683,11,6,2
HH_04684,11,7,0
HH_04685,7,5,4
HH_04686,12,9,0
HH_04687,11,8,0
HH_04688,22,5,0
HH_04689,6,8,4
HH_04690,9,7,2
HH_04691,6,2,0
HH_04692,8,3,0
HH_04693,12,1,1
HH_04694,13,2,1
HH_04695,13,6,0
HH_04696,10,5,1
HH_04697,14,7,0
HH_04698,9,4,0
HH_04699,12,1,0
HH_04700,12,0,0
HH_04701,19,5,1
HH_04702,15,7,0
HH_04703,13,5,1
HH_04704,16,5,0
HH_04705,11,6,0
HH_04706,10,3,2
HH_04707,7,9,2
HH_04708,13,4,0
HH_04709,8,8,2
HH_04710,12,7,0
HH_04711,13,5,1
HH_04712,18,5,0
HH_04713,15,6,0
HH_04714,16,5,0
HH_04715,19,10,1
HH_04716,10,7,3
HH_04717,18,8,0
HH_04718,15,4,1
HH_04719,11,4,0
HH_04720,12,7,0
HH_04721,9,10,0
HH_04722,16,4,3
HH_04723,9,6,1
HH_04724,19,8,3
HH_04725,7,5,2
HH_04726,13,5,0
HH_04727,13,7,1
HH_04728,12,5,0
HH_04729,15,7,0
HH_04730,7,4,2
HH_04731,12,3,2
HH_04732,14,5,1
HH_04733,13,7,0
HH_04734,13,5,2
HH_04735,10,4,0
HH_04736,9,7,1
HH_04737,14,6,0
HH_04738,8,6,0
HH_04739,9,1,0
HH_04740,17,3,1
HH_04741,9,7,0
HH_04742,4,3,0
HH_04743,11,2,2
HH_04744,16,5,2
HH_04745,8,5,0
HH_04746,11,3,1
HH_04747,12,6,0
HH_04748,18,1,2
HH_04749,14,4,1
HH_04750,9,4,0
HH_04751,13,8,0
HH_04752,15,4,0
HH_04753,6,8,0
HH_04754,11,4,1
HH_04755,12,5,0
HH_04756,9,3,1
HH_04757,7,2,1
HH_04758,6,4,1
HH_04759,15,9,3
HH_04760,12,4,0
HH_04761,10,5,3
HH_04762,12,3,0
HH_04763,12,5,1
HH_04764,14,4,0
HH_04765,10,7,2
HH_04766,2,8,3
HH_04767,11,8,2
HH_04768,14,7,1
HH_04769,19,4,3
HH_04770,8,3,1
HH_04771,11,5,0
HH_04772,9,4,1
HH_04773,10,6,1
HH_04774,6,6,1
HH_04775,12,8,0
HH_04776,11,2,2
HH_04777,12,14,1
HH_04778,4,2,1
HH_04779,11,3,1
HH_04780,13,9,1
HH_04781,18,9,2
HH_04782,10,2,0
HH_04783,9,2,0
HH_04784,15,4,0
HH_04785,8,4,3
HH_04786,6,8,0
HH_04787,6,3,0
HH_04788,14,3,0
HH_04789,13,1,0
HH_04790,11,5,1
HH_04791,9,3,0
HH_04792,9,2,0
HH_04793,13,8,1
HH_04794,7,4,0
HH_04795,19,3,0
HH_04796,18,3,1
HH_04797,11,2,2
HH_04798,14,5,0
HH_04799,10,7,1
HH_04800,15,5,0
HH_04801,8,1,0
HH_04802,21,5,2
HH_04803,12,9,0
HH_04804,15,6,1
HH_04805,8,3,0
HH_04806,12,2,0
HH_04807,12,5,1
HH_04808,10,6,1
HH_04809,10,6,0
HH_04810,12,3,1
HH_04811,10,3,2
HH_04812,13,6,0
HH_04813,14,4,1
HH_04814,12,3,4
HH_04815,14,4,2
HH_04816,18,4,1
HH_04817,15,6,0
HH_04818,14,4,1
HH_04819,8,8,0
HH_04820,12,2,1
HH_04821,5,3,1
HH_04822,8,6,0
HH_04823,11,9,1
HH_04824,7,5,0
HH_04825,12,5,1
HH_04826,11,4,1
HH_04827,9,4,4
HH_04828,7,2,1
HH_04829,14,8,1
HH_04830,10,2,1
HH_04831,13,1,1
HH_04832,7,5,1
HH_04833,13,5,0
HH_04834,8,1,0
HH_04835,6,9,1
HH_04836,14,2,1
HH_04837,5,7,0
HH_04838,11,9,1
HH_04839,12,3,1
HH_04840,18,5,1
HH_04841,16,6,0
HH_04842,16,4,1
HH_04843,12,6,0
HH_04844,9,9,0
HH_04845,17,2,0
HH_04846,12,4,0
HH_04847,8,6,1
HH_04848,7,4,2
HH_04849,8,6,2
HH_04850,10,8,1
HH_04851,14,7,1
HH_04852,13,6,1
HH_04853,10,5,0
HH_04854,9,6,1
HH_04855,8,11,1
HH_04856,15,8,2
HH_04857,11,7,2
HH_04858,6,4,0
HH_04859,14,1,2
HH_04860,15,3,1
HH_04861,7,5,0
HH_04862,11,4,1
HH_04863,5,4,0
HH_04864,14,5,2
HH_04865,13,6,0
HH_04866,16,4,1
HH_04867,15,8,0
HH_04868,9,9,1
HH_04869,14,9,3
HH_04870,9,7,0
HH_04871,12,6,2
HH_04872,16,7,0
HH_04873,15,4,1
HH_04874,10,3,0
HH_04875,12,3,0
HH_04876,12,3,1
HH_04877,12,3,0
HH_04878,11,5,0
HH_04879,15,8,1
HH_04880,9,11,3
HH_04881,15,5,2
HH_04882,10,10,1
HH_04883,14,3,2
HH_04884,14,5,3
HH_04885,18,2,1
HH_04886,18,5,0
HH_04887,17,8,0
HH_04888,14,5,0
HH_04889,12,6,2
HH_04890,8,8,0
HH_04891,12,4,1
HH_04892,9,6,1
HH_04893,9,5,0
HH_04894,20,5,1
HH_04895,9,3,0
HH_04896,10,3,1
HH_04897,13,4,1
HH_04898,11,11,3
HH_04899,14,3,1
HH_04900,14,2,2
HH_04901,8,7,3
HH_04902,14,2,2
HH_04903,14,6,2
HH_04904,9,8,1
HH_04905,11,5,0
HH_04906,15,7,0
HH_04907,7,6,2
HH_04908,17,2,0
HH_04909,11,5,1
HH_04910,16,1,2
HH_04911,6,5,1
HH_04912,8,5,3
HH_04913,9,3,2
HH_04914,9,7,2
HH_04915,12,8,2
HH_04916,14,4,0
HH_04917,12,8,3
HH_04918,17,7,2
HH_04919,8,3,2
HH_04920,15,4,0
HH_04921,13,4,2
HH_04922,7,8,0
HH_04923,12,7,0
HH_04924,11,6,0
HH_04925,14,4,0
HH_04926,12,6,2
HH_04927,6,8,3
HH_04928,12,2,1
HH_04929,16,3,1
HH_04930,9,5,1
HH_04931,21,6,1
HH_04932,11,9,2
HH_04933,16,3,1
HH_04934,11,6,0
HH_04935,11,5,0
HH_04936,9,5,1
HH_04937,7,5,0
HH_04938,16,9,2
HH_04939,9,4,1
HH_04940,15,4,1
HH_04941,7,3,1
HH_04942,11,1,0
HH_04943,9,8,1
HH_04944,6,5,0
HH_04945,12,6,2
HH_04946,11,2,0
HH_04947,14,4,1
HH_04948,14,1,1
HH_04949,15,4,2
HH_04950,8,5,0
HH_04951,13,3,1
HH_04952,9,6,2
HH_04953,18,6,1
HH_04954,11,7,1
HH_04955,8,6,0
HH_04956,13,5,1
HH_04957,15,7,3
HH_04958,10,7,1
HH_04959,13,5,1
HH_04960,11,3,1
HH_04961,7,2,1
HH_04962,9,1,0
HH_04963,12,3,0
HH_04964,7,6,0
HH_04965,8,5,2
HH_04966,12,3,0
HH_04967,8,6,0
HH_04968,17,5,1
HH_04969,9,5,0
HH_04970,10,3,0
HH_04971,9,5,0
HH_04972,15,3,1
HH_04973,16,6,1
HH_04974,12,5,1
HH_04975,12,4,0
HH_04976,18,2,1
HH_04977,4,3,3
HH_04978,9,8,1
HH_04979,14,3,0
HH_04980,18,1,1
HH_04981,14,5,1
HH_04982,7,8,1
HH_04983,10,5,1
HH_04984,9,4,0
HH_04985,8,4,0
HH_04986,11,1,1
HH_04987,7,1,1
HH_04988,8,5,1
HH_04989,15,5,0
HH_04990,9,6,0
HH_04991,9,5,0
HH_04992,12,5,2
HH_04993,8,6,1
HH_04994,20,7,0
HH_04995,20,2,1
HH_04996,10,7,0
HH_04997,7,4,2
HH_04998,11,5,1
HH_04999,10,7,1
HH_05000,5,7,1
HH_05001,13,6,1
HH_05002,10,4,1
HH_05003,7,6,2
HH_05004,17,7,0
HH_05005,16,2,1
HH_05006,11,4,1
HH_05007,11,6,0
HH_05008,6,8,0
HH_05009,20,5,2
HH_05010,15,2,0
HH_05011,8,2,1
HH_05012,14,3,0
HH_05013,13,6,2
HH_05014,12,6,1
HH_05015,16,9,1
HH_05016,15,2,2
HH_05017,14,7,1
HH_05018,6,7,2
HH_05019,13,6,0
HH_05020,15,2,0
HH_05021,11,5,1
HH_05022,9,5,0
HH_05023,13,9,1
HH_05024,21,4,1
HH_05025,4,6,1
HH_05026,13,3,0
HH_05027,20,7,1
HH_05028,18,6,2
HH_05029,17,5,1
HH_05030,9,4,2
HH_05031,17,8,4
HH_05032,20,7,0
HH_05033,7,4,2
HH_05034,7,13,0
HH_05035,11,2,0
HH_05036,8,6,1
HH_05037,13,13,1
HH_05038,9,4,1
HH_05039,13,7,0
HH_05040,10,5,2
HH_05041,9,5,1
HH_05042,7,8,1
HH_05043,9,7,0
HH_05044,17,6,2
HH_05045,13,5,2
HH_05046,8,8,1
HH_05047,12,1,1
HH_05048,14,6,4
HH_05049,14,6,1
HH_05050,13,11,2
HH_05051,18,8,1
HH_05052,6,2,0
HH_05053,15,3,0
HH_05054,10,7,2
HH_05055,15,3,0
HH_05056,6,6,2
HH_05057,21,8,0
HH_05058,13,3,2
HH_05059,13,2,4
HH_05060,17,3,1
HH_05061,7,3,3
HH_05062,15,5,0
HH_05063,13,7,2
HH_05064,12,8,1
HH_05065,13,3,0
HH_05066,13,4,1
HH_05067,6,4,2
HH_05068,14,5,1
HH_05069,13,5,0
HH_05070,11,6,0
HH_05071,9,8,1
HH_05072,16,5,0
HH_05073,8,6,0
HH_05074,15,9,1
HH_05075,8,7,2
HH_05076,17,6,0
HH_05077,12,9,2
HH_05078,12,5,0
HH_05079,10,2,0
HH_05080,8,1,0
HH_05081,8,4,1
HH_05082,11,5,1
HH_05083,11,5,1
HH_05084,6,2,0
HH_05085,10,9,1
HH_05086,21,9,1
HH_05087,11,9,1
HH_05088,8,1,2
HH_05089,11,7,0
HH_05090,12,6,1
HH_05091,12,4,0
HH_05092,11,2,0
HH_05093,17,5,2
HH_05094,16,3,1
HH_05095,9,2,1
HH_05096,14,5,0
HH_05097,14,9,2
HH_05098,9,4,4
HH_05099,14,1,1
HH_05100,14,4,1
HH_05101,19,5,0
HH_05102,17,5,3
HH_05103,16,6,1
HH_05104,14,4,0
HH_05105,6,5,1
HH_05106,12,9,0
HH_05107,10,4,2
HH_05108,10,4,2
HH_05109,13,6,2
HH_05110,11,5,2
HH_05111,11,4,1
HH_05112,10,1,1
HH_05113,12,3,2
HH_05114,11,4,0
HH_05115,17,3,1
HH_05116,17,2,2
HH_05117,14,8,2
HH_05118,10,7,0
HH_05119,7,7,4
HH_05120,22,7,1
HH_05121,17,3,3
HH_05122,5,5,1
HH_05123,14,2,0
HH_05124,13,2,1
HH_05125,11,6,2
HH_05126,6,6,1
HH_05127,10,5,0
HH_05128,10,4,0
HH_05129,7,1,1
HH_05130,15,3,0
HH_05131,10,5,0
HH_05132,14,4,0
HH_05133,13,7,1
HH_05134,12,7,0
HH_05135,22,4,2
HH_05136,15,4,0
HH_05137,14,6,2
HH_05138,14,6,1
HH_05139,10,5,1
HH_05140,10,6,0
HH_05141,15,5,2
HH_05142,13,3,0
HH_05143,8,4,2
HH_05144,8,3,0
HH_05145,12,4,1
HH_05146,14,4,0
HH_05147,12,3,1
HH_05148,10,7,1
HH_05149,13,2,0
HH_05150,9,5,0
HH_05151,16,5,2
HH_05152,6,1,0
HH_05153,11,2,3
HH_05154,12,10,0
HH_05155,12,5,0
HH_05156,17,6,3
HH_05157,13,9,1
HH_05158,13,6,3
HH_05159,15,4,5
HH_05160,15,5,1
HH_05161,11,6,3
HH_05162,11,7,0
HH_05163,11,2,1
HH_05164,16,2,0
HH_05165,14,4,0
HH_05166,9,7,1
HH_05167,7,6,2
HH_05168,16,4,2
HH_05169,11,5,1
HH_05170,18,6,0
HH_05171,21,4,0
HH_05172,11,6,1
HH_05173,8,4,1
HH_05174,14,3,1
HH_05175,10,4,1
HH_05176,13,9,2
HH_05177,11,6,0
HH_05178,13,4,1
HH_05179,6,4,1
HH_05180,10,5,0
HH_05181,10,7,0
HH_05182,9,5,1
HH_05183,13,5,1
HH_05184,8,3,2
HH_05185,18,9,1
HH_05186,10,4,0
HH_05187,5,6,0
HH_05188,16,5,2
HH_05189,14,2,2
HH_05190,16,5,4
HH_05191,12,4,1
HH_05192,11,6,1
HH_05193,12,5,0
HH_05194,11,4,1
HH_05195,8,4,1
HH_05196,13,7,1
HH_05197,16,8,2
HH_05198,15,12,0
HH_05199,8,9,0
HH_05200,6,4,1
HH_05201,16,5,1
HH_05202,15,5,0
HH_05203,11,5,2
HH_05204,12,3,0
HH_05205,17,5,1
HH_05206,12,4,0
HH_05207,12,6,1
HH_05208,12,8,2
HH_05209,13,1,0
HH_05210,6,5,0
HH_05211,13,3,0
HH_05212,9,4,0
HH_05213,10,7,1
HH_05214,15,3,1
HH_05215,18,3,1
HH_05216,13,2,1
HH_05217,17,2,2
HH_05218,7,2,0
HH_05219,11,7,2
HH_05220,10,5,0
HH_05221,7,5,0
HH_05222,11,5,3
HH_05223,9,9,0
HH_05224,12,2,2
HH_05225,9,1,1
HH_05226,7,4,1
HH_05227,11,8,1
HH_05228,12,7,0
HH_05229,15,4,0
HH_05230,15,5,0
HH_05231,11,4,0
HH_05232,12,5,2
HH_05233,13,6,2
HH_05234,10,2,0
HH_05235,15,4,2
HH_05236,13,5,0
HH_05237,11,7,1
HH_05238,9,5,0
HH_05239,11,3,3
HH_05240,11,4,1
HH_05241,12,3,0
HH_05242,16,6,2
HH_05243,11,3,2
HH_05244,14,4,0
HH_05245,12,6,2
HH_05246,7,5,2
HH_05247,7,4,1
HH_05248,5,5,1
HH_05249,13,3,1
HH_05250,9,3,1
HH_05251,4,7,3
HH_05252,14,9,0
HH_05253,11,6,2
HH_05254,12,4,1
HH_05255,10,9,0
HH_05256,13,5,1
HH_05257,11,5,1
HH_05258,17,5,0
HH_05259,17,5,0
HH_05260,13,7,2
HH_05261,10,7,1
HH_05262,12,2,1
HH_05263,8,1,2
HH_05264,15,7,1
HH_05265,10,3,1
HH_05266,7,5,1
HH_05267,12,3,1
HH_05268,13,4,3
HH_05269,13,5,1
HH_05270,8,5,0
HH_05271,10,9,2
HH_05272,13,3,0
HH_05273,12,5,1
HH_05274,12,4,0
HH_05275,7,4,2
HH_05276,14,10,0
HH_05277,14,2,1
HH_05278,8,1,1
HH_05279,14,6,0
HH_05280,6,1,5
HH_05281,12,9,0
HH_05282,10,3,2
HH_05283,14,6,2
HH_05284,15,8,1
HH_05285,8,2,0
HH_05286,18,5,1
HH_05287,12,3,0
HH_05288,15,3,1
HH_05289,7,6,2
HH_05290,7,5,0
HH_05291,13,8,0
HH_05292,7,4,1
HH_05293,16,8,2
HH_05294,17,6,0
HH_05295,14,6,1
HH_05296,18,5,2
HH_05297,12,3,0
HH_05298,12,4,1
HH_05299,7,7,0
HH_05300,13,6,0
HH_05301,13,2,2
HH_05302,9,5,1
HH_05303,8,4,0
HH_05304,17,6,2
HH_05305,9,2,0
HH_05306,9,4,2
HH_05307,13,3,1
HH_05308,17,8,3
HH_05309,15,5,1
HH_05310,15,10,0
HH_05311,7,4,2
HH_05312,7,4,1
HH_05313,13,5,1
HH_05314,10,5,0
HH_05315,15,2,1
HH_05316,11,6,1
HH_05317,16,0,2
HH_05318,11,4,1
HH_05319,13,5,1
HH_05320,14,6,0
HH_05321,17,5,0
HH_05322,16,4,4
HH_05323,10,5,1
HH_05324,13,4,2
HH_05325,13,4,1
HH_05326,19,5,0
HH_05327,14,11,0
HH_05328,17,9,2
HH_05329,14,6,3
HH_05330,11,6,2
HH_05331,14,4,3
HH_05332,10,2,0
HH_05333,10,4,0
HH_05334,10,6,0
HH_05335,19,4,2
HH_05336,12,7,0
HH_05337,17,7,2
HH_05338,9,5,1
HH_05339,13,3,1
HH_05340,13,4,1
HH_05341,6,6,0
HH_05342,13,9,0
HH_05343,17,5,2
HH_05344,13,3,1
HH_05345,11,6,1
HH_05346,16,5,3
HH_05347,11,6,0
HH_05348,14,4,0
HH_05349,8,5,0
HH_05350,10,7,0
HH_05351,10,1,0
HH_05352,16,2,0
HH_05353,8,3,1
HH_05354,17,4,0
HH_05355,16,3,0
HH_05356,11,5,1
HH_05357,11,4,1
HH_05358,16,3,0
HH_05359,15,2,0
HH_05360,15,7,1
HH_05361,15,1,0
HH_05362,4,2,1
HH_05363,11,4,1
HH_05364,15,2,1
HH_05365,8,4,0
HH_05366,16,3,0
HH_05367,10,6,2
HH_05368,16,5,1
HH_05369,12,11,2
HH_05370,19,5,1
HH_05371,13,3,1
HH_05372,10,4,0
HH_05373,12,6,1
HH_05374,14,6,0
HH_05375,13,3,1
HH_05376,17,4,1
HH_05377,14,3,0
HH_05378,16,0,1
HH_05379,16,5,1
HH_05380,13,5,0
HH_05381,14,7,0
HH_05382,15,12,0
HH_05383,11,3,0
HH_05384,23,5,1
HH_05385,16,4,0
HH_05386,21,5,2
HH_05387,16,5,1
HH_05388,14,6,1
HH_05389,11,6,0
HH_05390,11,8,0
HH_05391,16,4,1
HH_05392,15,4,1
HH_05393,16,1,0
HH_05394,14,8,1
HH_05395,9,6,0
HH_05396,17,3,1
HH_05397,12,5,0
HH_05398,5,2,0
HH_05399,14,2,1
HH_05400,10,7,0
HH_05401,16,3,1
HH_05402,12,3,1
HH_05403,11,4,1
HH_05404,16,3,0
HH_05405,18,3,1
HH_05406,16,12,1
HH_05407,8,6,0
HH_05408,9,8,3
HH_05409,10,7,1
HH_05410,12,5,3
HH_05411,9,7,0
HH_05412,15,5,0
HH_05413,9,1,4
HH_05414,13,5,2
HH_05415,15,0,1
HH_05416,18,5,1
HH_05417,9,3,2
HH_05418,10,4,0
HH_05419,9,6,0
HH_05420,12,9,0
HH_05421,11,1,0
HH_05422,13,5,0
HH_05423,13,5,3
HH_05424,24,2,1
HH_05425,11,5,0
HH_05426,22,5,0
HH_05427,10,7,1
HH_05428,15,4,0
HH_05429,12,7,1
HH_05430,10,4,1
HH_05431,14,6,1
HH_05432,14,3,0
HH_05433,12,3,2
HH_05434,15,1,1
HH_05435,5,8,1
HH_05436,16,2,1
HH_05437,12,7,2
HH_05438,8,4,1
HH_05439,9,6,3
HH_05440,16,6,0
HH_05441,11,3,0
HH_05442,13,5,1
HH_05443,15,8,0
HH_05444,14,8,1
HH_05445,13,6,1
HH_05446,14,5,0
HH_05447,14,2,1
HH_05448,19,6,2
HH_05449,10,12,0
HH_05450,13,6,2
HH_05451,11,6,1
HH_05452,14,3,2
HH_05453,19,3,1
HH_05454,13,4,0
HH_05455,13,6,4
HH_05456,21,6,0
HH_05457,14,2,1
HH_05458,18,8,0
HH_05459,10,5,1
HH_05460,16,7,2
HH_05461,12,6,1
HH_05462,15,4,1
HH_05463,11,8,1
HH_05464,9,3,0
HH_05465,14,5,0
HH_05466,20,7,0
HH_05467,7,9,1
HH_05468,20,5,2
HH_05469,10,1,0
HH_05470,9,0,1
HH_05471,11,5,1
HH_05472,9,6,1
HH_05473,13,9,0
HH_05474,15,13,2
HH_05475,20,4,3
HH_05476,20,2,1
HH_05477,14,7,0
HH_05478,14,6,1
HH_05479,11,6,0
HH_05480,12,6,1
HH_05481,11,4,0
HH_05482,10,3,0
HH_05483,14,2,0
HH_05484,11,3,2
HH_05485,9,3,1
HH_05486,8,6,1
HH_05487,12,11,0
HH_05488,11,6,0
HH_05489,10,15,2
HH_05490,16,4,1
HH_05491,10,6,1
HH_05492,13,7,0
HH_05493,11,5,1
HH_05494,8,6,1
HH_05495,8,4,0
HH_05496,16,3,0
HH_05497,8,7,0
HH_05498,16,4,1
HH_05499,12,2,0
HH_05500,12,7,0
HH_05501,12,7,0
HH_05502,8,8,1
HH_05503,14,6,0
HH_05504,8,8,0
HH_05505,15,6,0
HH_05506,17,11,0
HH_05507,20,5,3
HH_05508,7,6,0
HH_05509,11,3,0
HH_05510,14,2,0
HH_05511,15,5,1
HH_05512,8,4,1
HH_05513,6,2,1
HH_05514,7,9,1
HH_05515,15,4,1
HH_05516,10,6,0
HH_05517,16,7,0
HH_05518,14,8,2
HH_05519,10,5,2
HH_05520,13,5,1
HH_05521,9,8,0
HH_05522,12,6,1
HH_05523,11,3,0
HH_05524,11,5,3
HH_05525,12,3,0
HH_05526,9,7,0
HH_05527,12,7,0
HH_05528,14,5,0
HH_05529,9,4,1
HH_05530,15,6,2
HH_05531,18,7,0
HH_05532,5,3,0
HH_05533,10,7,1
HH_05534,16,5,0
HH_05535,9,2,0
HH_05536,10,6,0
HH_05537,13,5,2
HH_05538,13,6,1
HH_05539,8,10,0
HH_05540,13,7,1
HH_05541,12,6,1
HH_05542,15,6,0
HH_05543,19,4,1
HH_05544,11,2,3
HH_05545,14,7,0
HH_05546,18,4,1
HH_05547,9,7,2
HH_05548,10,3,2
HH_05549,13,1,0
HH_05550,11,8,1
HH_05551,13,3,2
HH_05552,10,5,0
HH_05553,12,6,4
HH_05554,16,3,3
HH_05555,12,7,2
HH_05556,9,9,3
HH_05557,9,7,1
HH_05558,7,10,1
HH_05559,12,8,1
HH_05560,11,4,0
HH_05561,8,1,3
HH_05562,10,3,2
HH_05563,14,4,1
HH_05564,13,3,0
HH_05565,6,7,1
HH_05566,8,3,1
HH_05567,3,5,2
HH_05568,12,2,1
HH_05569,12,2,0
HH_05570,16,7,0
HH_05571,13,6,0
HH_05572,8,6,2
HH_05573,5,6,2
HH_05574,14,8,1
HH_05575,12,3,0
HH_05576,6,8,1
HH_05577,17,3,3
HH_05578,18,5,2
HH_05579,12,6,0
HH_05580,12,5,2
HH_05581,13,4,0
HH_05582,13,5,1
HH_05583,17,5,2
HH_05584,14,5,1
HH_05585,5,2,1
HH_05586,15,5,0
HH_05587,13,1,1
HH_05588,9,3,0
HH_05589,10,9,0
HH_05590,12,4,0
HH_05591,13,3,1
HH_05592,14,4,2
HH_05593,13,3,2
HH_05594,9,6,1
HH_05595,9,10,0
HH_05596,15,9,3
HH_05597,8,5,2
HH_05598,17,5,1
HH_05599,9,6,2
HH_05600,11,2,0
HH_05601,14,6,1
HH_05602,7,8,0
HH_05603,16,6,1
HH_05604,9,5,3
HH_05605,14,6,0
HH_05606,10,6,2
HH_05607,9,1,0
HH_05608,9,3,3
HH_05609,12,10,1
HH_05610,13,4,2
HH_05611,13,5,0
HH_05612,9,8,0
HH_05613,12,3,0
HH_05614,11,4,1
HH_05615,11,3,2
HH_05616,8,4,3
HH_05617,12,3,1
HH_05618,13,6,0
HH_05619,6,2,1
HH_05620,10,3,2
HH_05621,9,2,0
HH_05622,6,4,0
HH_05623,14,3,1
HH_05624,15,7,2
HH_05625,13,7,2
HH_05626,22,6,3
HH_05627,17,4,0
HH_05628,12,5,1
HH_05629,13,5,1
HH_05630,7,6,0
HH_05631,13,5,1
HH_05632,9,1,0
HH_05633,19,6,0
HH_05634,11,3,0
HH_05635,12,5,2
HH_05636,5,4,1
HH_05637,11,4,1
HH_05638,11,1,3
HH_05639,16,9,3
HH_05640,13,3,0
HH_05641,7,5,1
HH_05642,14,6,1
HH_05643,6,5,0
HH_05644,16,9,0
HH_05645,6,2,0
HH_05646,14,5,0
HH_05647,9,4,2
HH_05648,11,2,1
HH_05649,11,7,2
HH_05650,13,3,1
HH_05651,5,5,1
HH_05652,26,5,0
HH_05653,13,2,0
HH_05654,16,4,0
HH_05655,12,5,1
HH_05656,9,7,0
HH_05657,8,4,1
HH_05658,12,2,0
HH_05659,12,1,1
HH_05660,9,1,1
HH_05661,12,6,0
HH_05662,9,6,3
HH_05663,17,8,0
HH_05664,14,4,3
HH_05665,8,5,1
HH_05666,12,3,0
HH_05667,8,4,1
HH_05668,11,3,1
HH_05669,12,2,3
HH_05670,19,5,0
HH_05671,11,8,1
HH_05672,9,7,0
HH_05673,8,8,2
HH_05674,8,9,1
HH_05675,13,2,1
HH_05676,9,6,0
HH_05677,7,5,1
HH_05678,13,5,0
HH_05679,10,5,1
HH_05680,13,4,3
HH_05681,14,9,0
HH_05682,8,5,0
HH_05683,10,4,0
HH_05684,15,7,0
HH_05685,11,3,1
HH_05686,13,4,0
HH_05687,9,7,0
HH_05688,11,5,0
HH_05689,16,7,0
HH_05690,7,8,2
HH_05691,13,4,2
HH_05692,13,7,0
HH_05693,12,4,3
HH_05694,8,6,0
HH_05695,12,6,2
HH_05696,14,2,1
HH_05697,16,5,0
HH_05698,14,7,0
HH_05699,15,3,2
HH_05700,9,7,1
HH_05701,13,3,0
HH_05702,6,3,0
HH_05703,12,9,1
HH_05704,15,6,0
HH_05705,12,4,0
HH_05706,10,5,0
HH_05707,10,6,0
HH_05708,8,6,2
HH_05709,15,4,0
HH_05710,16,4,1
HH_05711,16,3,1
HH_05712,15,6,3
HH_05713,10,6,1
HH_05714,15,3,0
HH_05715,7,3,1
HH_05716,12,8,1
HH_05717,4,3,0
HH_05718,13,0,1
HH_05719,17,4,0
HH_05720,11,6,0
HH_05721,14,7,3
HH_05722,13,8,1
HH_05723,13,4,1
HH_05724,12,4,2
HH_05725,9,5,3
HH_05726,11,4,1
HH_05727,17,8,0
HH_05728,11,6,1
HH_05729,7,4,0
HH_05730,14,4,1
HH_05731,17,6,2
HH_05732,19,9,1
HH_05733,13,4,2
HH_05734,15,4,2
HH_05735,8,5,0
HH_05736,12,3,1
HH_05737,12,3,0
HH_05738,4,8,1
HH_05739,8,3,0
HH_05740,13,2,1
HH_05741,11,4,0
HH_05742,13,7,0
HH_05743,19,7,1
HH_05744,12,3,2
HH_05745,9,6,1
HH_05746,13,4,0
HH_05747,12,3,1
HH_05748,10,3,0
HH_05749,13,6,2
HH_05750,15,6,0
HH_05751,10,5,1
HH_05752,6,5,1
HH_05753,15,5,0
HH_05754,11,4,1
HH_05755,10,4,2
HH_05756,10,9,0
HH_05757,11,10,0
HH_05758,11,3,0
HH_05759,15,4,2
HH_05760,15,4,3
HH_05761,14,4,2
HH_05762,21,8,1
HH_05763,14,2,0
HH_05764,17,12,0
HH_05765,8,5,0
HH_05766,20,4,0
HH_05767,11,5,0
HH_05768,9,4,0
HH_05769,9,8,1
HH_05770,11,4,1
HH_05771,16,6,1
HH_05772,12,6,3
HH_05773,14,7,4
HH_05774,10,5,1
HH_05775,9,1,2
HH_05776,12,6,4
HH_05777,13,5,1
HH_05778,17,5,1
HH_05779,8,7,2
HH_05780,7,4,0
HH_05781,11,9,0
HH_05782,10,5,0
HH_05783,9,5,0
HH_05784,11,5,0
HH_05785,10,4,2
HH_05786,6,2,1
HH_05787,13,6,0
HH_05788,9,2,0
HH_05789,11,6,2
HH_05790,9,1,3
HH_05791,16,4,0
HH_05792,13,4,2
HH_05793,15,7,1
HH_05794,9,8,0
HH_05795,9,6,2
HH_05796,13,7,2
HH_05797,16,7,1
HH_05798,13,3,1
HH_05799,11,5,0
HH_05800,15,7,0
HH_05801,14,5,0
HH_05802,13,8,0
HH_05803,9,5,1
HH_05804,13,4,4
HH_05805,12,0,1
HH_05806,12,7,0
HH_05807,16,7,0
HH_05808,9,3,0
HH_05809,10,3,0
HH_05810,14,4,0
HH_05811,18,6,1
HH_05812,10,5,2
HH_05813,13,4,0
HH_05814,13,6,0
HH_05815,11,6,0
HH_05816,13,7,2
HH_05817,13,3,0
HH_05818,5,6,0
HH_05819,16,2,1
HH_05820,17,5,2
HH_05821,13,3,0
HH_05822,9,2,1
HH_05823,13,6,1
HH_05824,6,4,0
HH_05825,9,5,4
HH_05826,6,8,2
HH_05827,8,7,2
HH_05828,7,7,2
HH_05829,9,9,1
HH_05830,7,5,0
HH_05831,15,9,1
HH_05832,12,6,1
HH_05833,6,2,2
HH_05834,11,5,2
HH_05835,12,7,1
HH_05836,11,6,2
HH_05837,15,2,0
HH_05838,15,4,2
HH_05839,10,9,1
HH_05840,9,3,0
HH_05841,10,1,1
HH_05842,5,3,2
HH_05843,10,3,0
HH_05844,13,3,0
HH_05845,16,5,0
HH_05846,16,9,0
HH_05847,7,4,0
HH_05848,14,3,1
HH_05849,16,5,0
HH_05850,10,12,0
HH_05851,11,3,3
HH_05852,12,3,1
HH_05853,22,5,2
HH_05854,7,6,0
HH_05855,17,5,2
HH_05856,12,4,1
HH_05857,8,1,1
HH_05858,12,1,2
HH_05859,12,8,0
HH_05860,13,4,1
HH_05861,21,8,2
HH_05862,7,3,2
HH_05863,13,7,0
HH_05864,10,5,1
HH_05865,13,4,2
HH_05866,13,6,3
HH_05867,9,7,1
HH_05868,8,2,1
HH_05869,12,10,0
HH_05870,17,7,4
HH_05871,14,4,0
HH_05872,4,7,1
HH_05873,9,4,0
HH_05874,6,6,2
HH_05875,8,4,0
HH_05876,10,1,1
HH_05877,12,4,1
HH_05878,15,6,1
HH_05879,9,6,0
HH_05880,14,3,1
HH_05881,8,5,0
HH_05882,9,4,0
HH_05883,14,2,2
HH_05884,11,4,0
HH_05885,12,7,2
HH_05886,14,9,1
HH_05887,13,4,0
HH_05888,9,2,0
HH_05889,13,4,1
HH_05890,10,4,2
HH_05891,14,5,1
HH_05892,9,1,1
HH_05893,10,9,1
HH_05894,9,4,1
HH_05895,13,5,0
HH_05896,12,1,1
HH_05897,20,5,0
HH_05898,11,5,2
HH_05899,10,3,1
HH_05900,10,6,2
HH_05901,17,9,0
HH_05902,17,5,2
HH_05903,16,7,1
HH_05904,15,5,3
HH_05905,11,5,2
HH_05906,12,2,2
HH_05907,11,4,1
HH_05908,11,7,0
HH_05909,18,10,0
HH_05910,10,6,3
HH_05911,19,6,0
HH_05912,8,5,0
HH_05913,12,2,0
HH_05914,9,5,1
HH_05915,15,4,2
HH_05916,10,9,2
HH_05917,14,4,1
HH_05918,13,4,3
HH_05919,10,6,0
HH_05920,10,3,0
HH_05921,9,3,1
HH_05922,14,2,1
HH_05923,16,8,2
HH_05924,9,7,0
HH_05925,8,3,1
HH_05926,8,6,1
HH_05927,8,5,2
HH_05928,15,2,1
HH_05929,11,5,2
HH_05930,12,4,0
HH_05931,12,4,1
HH_05932,12,5,1
HH_05933,5,4,0
HH_05934,13,4,1
HH_05935,15,4,0
HH_05936,11,5,1
HH_05937,11,5,0
HH_05938,11,10,1
HH_05939,13,3,1
HH_05940,14,2,2
HH_05941,11,4,2
HH_05942,9,7,0
HH_05943,11,5,1
HH_05944,11,8,0
HH_05945,8,2,2
HH_05946,9,3,1
HH_05947,11,5,2
HH_05948,17,4,1
HH_05949,18,3,1
HH_05950,17,8,2
HH_05951,22,6,0
HH_05952,21,5,0
HH_05953,11,2,2
HH_05954,11,4,3
HH_05955,14,4,0
HH_05956,16,7,2
HH_05957,9,3,0
HH_05958,9,6,2
HH_05959,10,6,1
HH_05960,14,4,1
HH_05961,13,7,1
HH_05962,10,9,0
HH_05963,9,8,4
HH_05964,7,7,2
HH_05965,9,5,0
HH_05966,13,5,2
HH_05967,12,5,1
HH_05968,10,2,0
HH_05969,11,9,3
HH_05970,10,8,2
HH_05971,17,4,3
HH_05972,12,5,1
HH_05973,11,7,2
HH_05974,12,6,0
HH_05975,15,6,3
HH_05976,8,5,0
HH_05977,14,7,0
HH_05978,13,4,3
HH_05979,11,5,2
HH_05980,13,4,0
HH_05981,12,5,1
HH_05982,12,6,1
HH_05983,16,4,1
HH_05984,12,2,1
HH_05985,9,3,1
HH_05986,11,6,3
HH_05987,12,6,2
HH_05988,10,5,0
HH_05989,10,4,1
HH_05990,7,6,0
HH_05991,22,6,2
HH_05992,5,5,1
HH_05993,6,9,2
HH_05994,6,4,1
HH_05995,14,6,2
HH_05996,13,5,0
HH_05997,16,4,1
HH_05998,15,2,1
HH_05999,15,4,1
HH_06000,10,6,1
HH_06001,15,7,1
HH_06002,8,5,0
HH_06003,20,3,0
HH_06004,13,7,1
HH_06005,11,6,3
HH_06006,12,5,2
HH_06007,15,3,0
HH_06008,12,5,0
HH_06009,11,2,2
HH_06010,17,10,0
HH_06011,13,5,0
HH_06012,15,3,0
HH_06013,12,4,1
HH_06014,6,3,2
HH_06015,18,7,3
HH_06016,11,13,1
HH_06017,10,9,5
HH_06018,9,6,0
HH_06019,9,4,0
HH_06020,17,8,0
HH_06021,17,9,2
HH_06022,16,5,1
HH_06023,11,6,0
HH_06024,12,2,1
HH_06025,9,4,3
HH_06026,10,7,0
HH_06027,18,3,1
HH_06028,16,4,1
HH_06029,8,1,1
HH_06030,13,9,2
HH_06031,18,4,3
HH_06032,16,7,2
HH_06033,10,2,3
HH_06034,12,6,0
HH_06035,13,6,2
HH_06036,16,4,0
HH_06037,11,4,0
HH_06038,6,3,1
HH_06039,11,2,2
HH_06040,13,3,0
HH_06041,9,6,1
HH_06042,14,6,1
HH_06043,11,3,1
HH_06044,13,8,1
HH_06045,7,5,0
HH_06046,18,3,1
HH_06047,12,11,0
HH_06048,7,9,0
HH_06049,20,8,2
HH_06050,18,5,0
HH_06051,7,5,0
HH_06052,9,5,2
HH_06053,15,5,0
HH_06054,18,3,2
HH_06055,14,5,1
HH_06056,13,5,0
HH_06057,9,2,0
HH_06058,12,4,0
HH_06059,11,4,1
HH_06060,8,6,2
HH_06061,9,4,0
HH_06062,12,7,2
HH_06063,11,5,0
HH_06064,12,4,2
HH_06065,10,4,0
HH_06066,9,4,0
HH_06067,9,4,1
HH_06068,10,6,2
HH_06069,16,4,0
HH_06070,12,4,3
HH_06071,10,1,1
HH_06072,13,4,2
HH_06073,9,6,1
HH_06074,14,5,1
HH_06075,11,4,0
HH_06076,7,4,1
HH_06077,14,5,1
HH_06078,9,4,0
HH_06079,13,3,0
HH_06080,8,5,2
HH_06081,7,7,1
HH_06082,9,11,1
HH_06083,12,3,0
HH_06084,9,8,1
HH_06085,10,6,0
HH_06086,15,6,2
HH_06087,11,8,2
HH_06088,10,3,1
HH_06089,18,1,2
HH_06090,8,2,1
HH_06091,10,5,0
HH_06092,12,8,1
HH_06093,11,3,1
HH_06094,10,7,0
HH_06095,15,8,0
HH_06096,12,6,0
HH_06097,10,9,0
HH_06098,11,2,3
HH_06099,10,7,3
HH_06100,5,5,2
HH_06101,15,5,0
HH_06102,16,7,0
HH_06103,14,6,0
HH_06104,8,9,2
HH_06105,11,4,1
HH_06106,17,2,0
HH_06107,11,3,0
HH_06108,13,3,1
HH_06109,9,4,2
HH_06110,10,6,0
HH_06111,7,9,0
HH_06112,11,5,1
HH_06113,10,2,2
HH_06114,7,4,0
HH_06115,8,8,1
HH_06116,11,5,1
HH_06117,12,4,5
HH_06118,13,9,0
HH_06119,10,7,1
HH_06120,10,7,0
HH_06121,7,3,0
HH_06122,14,3,1
HH_06123,15,6,0
HH_06124,8,1,0
HH_06125,18,3,1
HH_06126,23,7,2
HH_06127,13,8,2
HH_06128,14,4,1
HH_06129,9,5,2
HH_06130,10,6,0
HH_06131,13,3,2
HH_06132,8,4,0
HH_06133,10,7,2
HH_06134,10,6,0
HH_06135,14,5,1
HH_06136,14,2,1
HH_06137,7,4,2
HH_06138,14,2,2
HH_06139,8,6,0
HH_06140,10,2,0
HH_06141,15,8,0
HH_06142,8,4,1
HH_06143,13,6,0
HH_06144,13,9,2
HH_06145,15,8,0
HH_06146,12,1,1
HH_06147,12,3,0
HH_06148,15,1,1
HH_06149,9,6,2
HH_06150,12,2,1
HH_06151,9,7,0
HH_06152,13,9,0
HH_06153,9,5,0
HH_06154,11,6,0
HH_06155,7,4,4
HH_06156,5,11,2
HH_06157,14,4,1
HH_06158,15,3,1
HH_06159,12,10,3
HH_06160,8,3,1
HH_06161,8,10,0
HH_06162,16,6,1
HH_06163,8,3,2
HH_06164,19,4,3
HH_06165,14,4,1
HH_06166,14,5,2
HH_06167,16,8,0
HH_06168,12,6,1
HH_06169,13,7,0
HH_06170,14,8,1
HH_06171,7,4,0
HH_06172,16,5,0
HH_06173,8,7,1
HH_06174,13,9,0
HH_06175,11,4,1
HH_06176,15,7,0
HH_06177,8,6,1
HH_06178,17,6,0
HH_06179,4,4,2
HH_06180,11,5,1
HH_06181,13,2,0
HH_06182,11,9,3
HH_06183,15,6,0
HH_06184,7,4,2
HH_06185,12,8,1
HH_06186,17,9,1
HH_06187,14,5,1
HH_06188,15,5,0
HH_06189,7,4,2
HH_06190,13,9,0
HH_06191,12,2,2
HH_06192,18,8,1
HH_06193,8,4,1
HH_06194,10,8,0
HH_06195,15,6,1
HH_06196,13,7,2
HH_06197,12,9,2
HH_06198,14,5,0
HH_06199,14,4,3
HH_06200,11,3,1
HH_06201,15,2,2
HH_06202,14,5,2
HH_06203,9,2,1
HH_06204,17,5,1
HH_06205,11,3,1
HH_06206,15,9,1
HH_06207,16,11,2
HH_06208,16,5,0
HH_06209,13,8,0
HH_06210,21,10,1
HH_06211,10,4,0
HH_06212,14,4,0
HH_06213,8,5,2
HH_06214,11,3,2
HH_06215,10,1,0
HH_06216,15,4,1
HH_06217,9,5,2
HH_06218,14,8,3
HH_06219,12,10,1
HH_06220,8,8,2
HH_06221,13,1,0
HH_06222,12,8,0
HH_06223,11,4,1
HH_06224,7,9,1
HH_06225,11,5,0
HH_06226,10,7,0
HH_06227,10,3,1
HH_06228,14,7,1
HH_06229,11,5,2
HH_06230,14,5,0
HH_06231,10,3,1
HH_06232,14,8,1
HH_06233,17,4,2
HH_06234,11,9,1
HH_06235,13,8,0
HH_06236,11,2,0
HH_06237,9,7,1
HH_06238,11,3,1
HH_06239,12,6,2
HH_06240,17,6,1
HH_06241,6,5,1
HH_06242,14,9,0
HH_06243,13,4,0
HH_06244,7,2,2
HH_06245,10,5,0
HH_06246,14,5,2
HH_06247,12,5,0
HH_06248,8,4,2
HH_06249,5,2,2
HH_06250,16,2,3
HH_06251,24,2,2
HH_06252,18,8,0
HH_06253,13,7,0
HH_06254,13,5,1
HH_06255,17,5,1
HH_06256,12,3,0
HH_06257,16,2,0
HH_06258,8,8,0
HH_06259,13,4,3
HH_06260,11,6,1
HH_06261,15,5,3
HH_06262,10,7,0
HH_06263,10,3,2
HH_06264,6,7,0
HH_06265,16,4,2
HH_06266,12,5,2
HH_06267,12,5,3
HH_06268,10,6,0
HH_06269,8,6,0
HH_06270,13,7,0
HH_06271,11,5,0
HH_06272,5,3,1
HH_06273,9,7,1
HH_06274,15,2,0
HH_06275,13,6,1
HH_06276,12,6,1
HH_06277,11,7,4
HH_06278,12,3,4
HH_06279,16,3,0
HH_06280,13,4,0
HH_06281,12,6,1
HH_06282,16,3,3
HH_06283,8,7,2
HH_06284,14,7,1
HH_06285,9,5,2
HH_06286,12,3,1
HH_06287,17,5,1
HH_06288,16,7,0
HH_06289,13,8,1
HH_06290,10,11,0
HH_06291,10,3,0
HH_06292,15,3,3
HH_06293,10,4,1
HH_06294,6,7,2
HH_06295,10,5,2
HH_06296,9,3,0
HH_06297,14,8,3
HH_06298,11,4,0
HH_06299,10,3,0
HH_06300,12,3,0
HH_06301,12,4,0
HH_06302,5,1,2
HH_06303,19,8,1
HH_06304,10,5,0
HH_06305,10,3,0
HH_06306,16,2,3
HH_06307,8,5,1
HH_06308,16,5,1
HH_06309,10,1,1
HH_06310,10,7,0
HH_06311,8,3,1
HH_06312,7,4,2
HH_06313,19,1,1
HH_06314,7,5,0
HH_06315,8,4,2
HH_06316,12,5,0
HH_06317,21,4,3
HH_06318,17,7,1
HH_06319,8,3,0
HH_06320,12,7,1
HH_06321,18,3,0
HH_06322,14,5,0
HH_06323,17,10,0
HH_06324,16,2,2
HH_06325,8,5,3
HH_06326,9,4,2
HH_06327,17,5,1
HH_06328,15,4,0
HH_06329,15,6,0
HH_06330,9,2,3
HH_06331,6,9,2
HH_06332,18,3,0
HH_06333,13,7,1
HH_06334,9,4,1
HH_06335,8,4,0
HH_06336,12,6,1
HH_06337,16,5,1
HH_06338,12,7,0
HH_06339,11,8,1
HH_06340,14,3,1
HH_06341,16,5,1
HH_06342,9,3,1
HH_06343,7,6,3
HH_06344,6,6,1
HH_06345,10,6,1
HH_06346,10,5,2
HH_06347,11,3,1
HH_06348,12,4,0
HH_06349,17,3,1
HH_06350,10,4,6
HH_06351,9,6,0
HH_06352,3,1,0
HH_06353,12,5,1
HH_06354,7,6,1
HH_06355,10,7,1
HH_06356,15,4,2
HH_06357,14,4,3
HH_06358,15,3,3
HH_06359,16,4,1
HH_06360,9,7,1
HH_06361,12,5,3
HH_06362,9,10,0
HH_06363,14,1,0
HH_06364,10,8,1
HH_06365,17,4,1
HH_06366,9,5,3
HH_06367,15,3,2
HH_06368,14,4,0
HH_06369,18,2,0
HH_06370,13,3,1
HH_06371,18,2,0
HH_06372,9,6,1
HH_06373,10,7,1
HH_06374,9,5,0
HH_06375,8,5,0
HH_06376,15,5,0
HH_06377,13,6,2
HH_06378,12,5,1
HH_06379,9,7,1
HH_06380,13,7,1
HH_06381,14,5,0
HH_06382,13,7,0
HH_06383,10,11,4
HH_06384,6,5,0
HH_06385,14,6,1
HH_06386,8,3,1
HH_06387,12,2,1
HH_06388,8,6,2
HH_06389,15,7,0
HH_06390,13,5,3
HH_06391,8,6,2
HH_06392,9,2,0
HH_06393,14,6,2
HH_06394,8,8,0
HH_06395,16,10,0
HH_06396,17,5,0
HH_06397,11,10,0
HH_06398,7,5,1
HH_06399,12,5,1
HH_06400,16,4,1
HH_06401,19,6,1
HH_06402,9,5,2
HH_06403,9,12,1
HH_06404,15,5,2
HH_06405,12,9,3
HH_06406,7,5,2
HH_06407,12,3,1
HH_06408,16,5,1
HH_06409,7,6,2
HH_06410,12,4,2
HH_06411,8,4,2
HH_06412,16,4,1
HH_06413,15,2,1
HH_06414,11,5,0
HH_06415,10,8,1
HH_06416,14,5,1
HH_06417,11,3,1
HH_06418,13,4,1
HH_06419,14,5,0
HH_06420,15,7,2
HH_06421,19,7,1
HH_06422,12,3,1
HH_06423,10,5,2
HH_06424,10,10,0
HH_06425,11,5,1
HH_06426,11,4,2
HH_06427,13,4,1
HH_06428,7,3,0
HH_06429,12,5,0
HH_06430,8,4,3
HH_06431,6,5,1
HH_06432,9,3,1
HH_06433,11,7,0
HH_06434,14,3,0
HH_06435,11,6,0
HH_06436,7,2,0
HH_06437,13,5,0
HH_06438,13,5,0
HH_06439,11,3,0
HH_06440,16,3,0
HH_06441,17,3,0
HH_06442,11,4,1
HH_06443,10,5,1
HH_06444,10,2,0
HH_06445,10,6,0
HH_06446,8,3,2
HH_06447,11,6,0
HH_06448,10,3,4
HH_06449,13,7,1
HH_06450,16,4,1
HH_06451,9,3,2
HH_06452,10,1,1
HH_06453,13,10,0
HH_06454,14,3,0
HH_06455,10,6,0
HH_06456,10,8,0
HH_06457,15,2,0
HH_06458,15,3,1
HH_06459,9,6,0
HH_06460,12,8,1
HH_06461,12,6,1
HH_06462,14,3,0
HH_06463,11,5,1
HH_06464,11,5,2
HH_06465,12,6,1
HH_06466,14,12,2
HH_06467,13,7,1
HH_06468,12,3,0
HH_06469,12,4,0
HH_06470,8,7,0
HH_06471,10,6,1
HH_06472,15,2,1
HH_06473,14,5,1
HH_06474,10,1,0
HH_06475,13,3,0
HH_06476,14,8,1
HH_06477,8,5,1
HH_06478,13,3,0
HH_06479,17,4,1
HH_06480,14,6,1
HH_06481,12,10,0
HH_06482,14,5,1
HH_06483,16,4,0
HH_06484,18,7,2
HH_06485,15,4,1
HH_06486,10,5,1
HH_06487,21,5,1
HH_06488,17,7,0
HH_06489,12,6,0
HH_06490,13,5,1
HH_06491,11,5,0
HH_06492,12,4,1
HH_06493,16,4,3
HH_06494,20,7,1
HH_06495,11,2,0
HH_06496,18,3,0
HH_06497,12,5,0
HH_06498,15,1,1
HH_06499,12,9,2
HH_06500,10,4,2
HH_06501,9,6,1
HH_06502,9,2,0
HH_06503,14,7,1
HH_06504,15,5,0
HH_06505,9,8,2
HH_06506,8,4,2
HH_06507,9,10,0
HH_06508,7,9,3
HH_06509,9,6,2
HH_06510,13,1,0
HH_06511,13,8,0
HH_06512,11,5,7
HH_06513,12,0,0
HH_06514,19,5,2
HH_06515,10,3,2
HH_06516,17,4,1
HH_06517,15,5,2
HH_06518,13,5,2
HH_06519,13,7,0
HH_06520,16,3,0
HH_06521,6,2,0
HH_06522,10,3,1
HH_06523,15,6,1
HH_06524,14,9,1
HH_06525,11,4,1
HH_06526,16,8,2
HH_06527,16,7,4
HH_06528,17,3,1
HH_06529,13,3,2
HH_06530,20,3,1
HH_06531,11,5,1
HH_06532,10,12,2
HH_06533,9,5,0
HH_06534,15,4,1
HH_06535,8,4,0
HH_06536,8,5,2
HH_06537,16,2,0
HH_06538,10,5,1
HH_06539,11,3,1
HH_06540,12,1,0
HH_06541,11,3,1
HH_06542,18,6,1
HH_06543,16,3,2
HH_06544,5,1,2
HH_06545,15,7,0
HH_06546,8,4,0
HH_06547,11,7,0
HH_06548,15,8,2
HH_06549,9,6,1
HH_06550,10,5,0
HH_06551,9,5,0
HH_06552,18,9,1
HH_06553,13,5,0
HH_06554,16,8,3
HH_06555,14,8,2
HH_06556,16,4,1
HH_06557,13,4,0
HH_06558,14,2,0
HH_06559,7,8,2
HH_06560,6,3,0
HH_06561,10,2,1
HH_06562,14,3,2
HH_06563,6,2,2
HH_06564,4,3,0
HH_06565,9,4,1
HH_06566,15,2,0
HH_06567,7,3,2
HH_06568,7,2,0
HH_06569,7,5,1
HH_06570,6,3,1
HH_06571,11,7,0
HH_06572,11,7,0
HH_06573,12,8,1
HH_06574,10,3,2
HH_06575,7,2,1
HH_06576,8,5,1
HH_06577,13,2,0
HH_06578,10,8,1
HH_06579,14,3,0
HH_06580,12,4,0
HH_06581,8,5,2
HH_06582,10,4,1
HH_06583,14,8,1
HH_06584,14,7,1
HH_06585,20,11,3
HH_06586,13,8,1
HH_06587,15,5,1
HH_06588,13,10,2
HH_06589,14,3,3
HH_06590,22,6,0
HH_06591,12,8,4
HH_06592,11,4,0
HH_06593,9,0,1
HH_06594,9,2,0
HH_06595,13,4,3
HH_06596,9,7,2
HH_06597,7,4,1
HH_06598,16,10,2
HH_06599,10,4,0
HH_06600,14,2,0
HH_06601,13,5,1
HH_06602,16,7,1
HH_06603,11,4,1
HH_06604,16,8,0
HH_06605,6,2,0
HH_06606,14,8,0
HH_06607,12,3,0
HH_06608,12,4,1
HH_06609,13,6,0
HH_06610,20,4,1
HH_06611,8,3,2
HH_06612,9,3,2
HH_06613,13,12,3
HH_06614,11,6,0
HH_06615,13,5,0
HH_06616,12,8,0
HH_06617,11,6,1
HH_06618,6,4,1
HH_06619,7,8,1
HH_06620,11,6,0
HH_06621,16,4,3
HH_06622,12,2,1
HH_06623,10,10,2
HH_06624,10,6,0
HH_06625,19,2,0
HH_06626,10,5,1
HH_06627,10,5,1
HH_06628,16,4,2
HH_06629,16,3,3
HH_06630,8,8,3
HH_06631,15,10,1
HH_06632,7,4,0
HH_06633,9,4,1
HH_06634,19,4,3
HH_06635,13,3,0
HH_06636,14,6,1
HH_06637,7,3,1
HH_06638,8,2,1
HH_06639,5,8,1
HH_06640,13,1,1
HH_06641,11,6,0
HH_06642,12,4,2
HH_06643,15,3,2
HH_06644,9,8,1
HH_06645,11,9,2
HH_06646,13,9,1
HH_06647,12,4,1
HH_06648,13,3,0
HH_06649,11,3,0
HH_06650,12,3,1
HH_06651,12,4,1
HH_06652,16,4,1
HH_06653,9,2,2
HH_06654,9,9,1
HH_06655,8,3,1
HH_06656,13,6,0
HH_06657,13,4,2
HH_06658,9,8,0
HH_06659,11,7,0
HH_06660,16,9,0
HH_06661,12,3,0
HH_06662,11,9,2
HH_06663,15,4,0
HH_06664,8,3,1
HH_06665,11,7,0
HH_06666,10,4,1
HH_06667,11,6,0
HH_06668,12,2,1
HH_06669,22,3,1
HH_06670,16,7,1
HH_06671,7,5,1
HH_06672,3,4,2
HH_06673,13,4,1
HH_06674,7,4,2
HH_06675,12,8,0
HH_06676,11,4,2
HH_06677,11,4,0
HH_06678,22,4,2
HH_06679,7,4,0
HH_06680,11,4,1
HH_06681,15,9,2
HH_06682,15,4,1
HH_06683,15,3,0
HH_06684,17,7,1
HH_06685,9,0,0
HH_06686,10,5,0
HH_06687,9,5,1
HH_06688,15,10,2
HH_06689,10,4,1
HH_06690,10,4,0
HH_06691,11,5,0
HH_06692,11,6,1
HH_06693,22,11,2
HH_06694,19,3,0
HH_06695,12,5,0
HH_06696,13,9,0
HH_06697,14,5,1
HH_06698,21,6,1
HH_06699,10,5,1
HH_06700,12,8,2
HH_06701,11,8,0
HH_06702,15,4,2
HH_06703,13,6,1
HH_06704,11,6,1
HH_06705,13,4,0
HH_06706,18,3,0
HH_06707,4,3,1
HH_06708,14,1,2
HH_06709,10,4,1
HH_06710,8,3,3
HH_06711,11,1,0
HH_06712,9,2,1
HH_06713,16,4,1
HH_06714,17,4,2
HH_06715,16,5,0
HH_06716,14,7,2
HH_06717,19,4,0
HH_06718,7,8,0
HH_06719,12,7,0
HH_06720,13,4,1
HH_06721,11,5,0
HH_06722,7,5,3
HH_06723,8,4,2
HH_06724,9,4,0
HH_06725,16,7,1
HH_06726,10,8,1
HH_06727,14,6,1
HH_06728,10,3,1
HH_06729,12,3,1
HH_06730,16,5,0
HH_06731,13,6,3
HH_06732,11,2,1
HH_06733,6,8,0
HH_06734,14,3,1
HH_06735,9,5,1
HH_06736,12,3,3
HH_06737,20,3,0
HH_06738,13,5,0
HH_06739,14,10,0
HH_06740,15,6,1
HH_06741,11,3,3
HH_06742,13,7,1
HH_06743,8,8,2
HH_06744,11,1,0
HH_06745,12,5,1
HH_06746,12,5,2
HH_06747,12,4,1
HH_06748,7,9,0
HH_06749,8,7,1
HH_06750,10,5,1
HH_06751,9,8,0
HH_06752,12,2,0
HH_06753,15,8,1
HH_06754,10,5,1
HH_06755,13,4,2
HH_06756,11,4,2
HH_06757,15,2,1
HH_06758,8,6,1
HH_06759,12,5,2
HH_06760,6,5,2
HH_06761,7,4,2
HH_06762,11,4,2
HH_06763,15,8,3
HH_06764,10,4,2
HH_06765,11,6,0
HH_06766,8,11,0
HH_06767,20,8,1
HH_06768,11,9,0
HH_06769,12,6,1
HH_06770,6,4,2
HH_06771,12,7,1
HH_06772,17,3,0
HH_06773,10,5,1
HH_06774,10,4,0
HH_06775,15,9,0
HH_06776,16,6,1
HH_06777,10,6,2
HH_06778,15,3,3
HH_06779,18,4,3
HH_06780,15,4,1
HH_06781,12,3,0
HH_06782,13,2,1
HH_06783,10,8,0
HH_06784,10,2,1
HH_06785,10,4,0
HH_06786,9,6,1
HH_06787,8,2,2
HH_06788,12,5,0
HH_06789,12,5,1
HH_06790,15,4,1
HH_06791,10,5,2
HH_06792,14,5,0
HH_06793,23,6,1
HH_06794,20,8,2
HH_06795,11,5,0
HH_06796,9,6,0
HH_06797,9,5,0
HH_06798,5,9,1
HH_06799,14,5,2
HH_06800,13,7,2
HH_06801,7,4,2
HH_06802,4,5,0
HH_06803,17,5,2
HH_06804,12,3,1
HH_06805,21,9,0
HH_06806,7,5,0
HH_06807,6,5,2
HH_06808,10,5,0
HH_06809,13,10,0
HH_06810,12,9,3
HH_06811,10,2,1
HH_06812,13,4,2
HH_06813,18,8,0
HH_06814,11,3,3
HH_06815,12,5,1
HH_06816,10,1,3
HH_06817,18,3,1
HH_06818,15,6,1
HH_06819,7,6,0
HH_06820,18,2,3
HH_06821,11,6,2
HH_06822,8,9,1
HH_06823,6,3,2
HH_06824,14,6,1
HH_06825,9,5,0
HH_06826,8,3,1
HH_06827,13,6,0
HH_06828,9,4,0
HH_06829,13,2,1
HH_06830,15,7,1
HH_06831,9,6,1
HH_06832,17,2,1
HH_06833,11,12,1
HH_06834,19,5,1
HH_06835,12,5,0
HH_06836,6,2,2
HH_06837,9,3,2
HH_06838,7,8,0
HH_06839,12,8,0
HH_06840,14,6,2
HH_06841,17,4,1
HH_06842,10,4,0
HH_06843,12,8,3
HH_06844,11,6,3
HH_06845,13,4,0
HH_06846,10,2,2
HH_06847,6,7,0
HH_06848,10,5,0
HH_06849,8,5,0
HH_06850,15,1,1
HH_06851,13,5,1
HH_06852,13,6,1
HH_06853,14,5,2
HH_06854,12,3,1
HH_06855,18,4,0
HH_06856,8,3,0
HH_06857,9,4,0
HH_06858,16,4,2
HH_06859,11,6,3
HH_06860,10,7,2
HH_06861,14,3,2
HH_06862,9,3,2
HH_06863,5,6,0
HH_06864,11,5,2
HH_06865,10,5,2
HH_06866,9,5,0
HH_06867,11,2,0
HH_06868,16,3,1
HH_06869,15,9,1
HH_06870,14,6,1
HH_06871,14,5,0
HH_06872,7,3,0
HH_06873,14,3,0
HH_06874,14,1,1
HH_06875,14,5,1
HH_06876,15,5,1
HH_06877,8,4,1
HH_06878,11,3,0
HH_06879,14,4,2
HH_06880,9,5,1
HH_06881,9,3,0
HH_06882,10,9,1
HH_06883,12,4,3
HH_06884,13,3,1
HH_06885,12,3,2
HH_06886,7,3,2
HH_06887,9,4,1
HH_06888,14,8,0
HH_06889,11,6,1
HH_06890,10,5,4
HH_06891,8,5,1
HH_06892,17,5,1
HH_06893,12,3,1
HH_06894,10,1,1
HH_06895,14,5,0
HH_06896,13,3,2
HH_06897,13,3,1
HH_06898,13,6,1
HH_06899,11,5,1
HH_06900,18,6,3
HH_06901,11,6,1
HH_06902,14,2,1
HH_06903,7,4,1
HH_06904,10,8,2
HH_06905,10,3,0
HH_06906,11,4,1
HH_06907,11,4,0
HH_06908,11,3,1
HH_06909,6,4,3
HH_06910,19,7,0
HH_06911,12,5,0
HH_06912,15,2,1
HH_06913,17,8,1
HH_06914,14,6,1
HH_06915,13,6,2
HH_06916,8,9,1
HH_06917,14,0,0
HH_06918,13,5,0
HH_06919,11,3,1
HH_06920,12,3,0
HH_06921,12,4,0
HH_06922,17,8,2
HH_06923,17,6,3
HH_06924,13,4,0
HH_06925,7,10,0
HH_06926,10,6,0
HH_06927,9,9,3
HH_06928,12,9,1
HH_06929,12,5,2
HH_06930,6,8,0
HH_06931,13,2,1
HH_06932,8,7,0
HH_06933,14,3,0
HH_06934,10,5,2
HH_06935,18,4,0
HH_06936,19,7,0
HH_06937,14,8,0
HH_06938,16,6,1
HH_06939,10,4,2
HH_06940,8,7,0
HH_06941,8,4,1
HH_06942,14,2,3
HH_06943,9,7,1
HH_06944,12,4,3
HH_06945,16,6,0
HH_06946,16,6,1
HH_06947,16,4,0
HH_06948,14,7,0
HH_06949,10,3,1
HH_06950,9,3,2
HH_06951,9,4,1
HH_06952,11,6,0
HH_06953,13,3,0
HH_06954,14,2,2
HH_06955,17,4,2
HH_06956,12,1,2
HH_06957,4,3,3
HH_06958,16,3,2
HH_06959,11,5,1
HH_06960,10,6,0
HH_06961,17,2,1
HH_06962,13,4,2
HH_06963,13,7,1
HH_06964,9,4,0
HH_06965,17,6,0
HH_06966,9,8,1
HH_06967,12,4,1
HH_06968,12,7,0
HH_06969,17,3,0
HH_06970,13,7,1
HH_06971,19,3,0
HH_06972,14,7,2
HH_06973,17,7,1
HH_06974,17,8,2
HH_06975,20,4,2
HH_06976,12,9,2
HH_06977,10,5,2
HH_06978,10,6,1
HH_06979,6,6,1
HH_06980,16,5,1
HH_06981,9,4,1
HH_06982,11,5,2
HH_06983,15,5,1
HH_06984,12,3,0
HH_06985,10,5,1
HH_06986,13,5,0
HH_06987,14,2,2
HH_06988,7,8,0
HH_06989,14,3,1
HH_06990,14,5,1
HH_06991,11,7,2
HH_06992,7,5,0
HH_06993,11,4,0
HH_06994,20,3,1
HH_06995,12,4,1
HH_06996,16,7,0
HH_06997,15,8,1
HH_06998,13,9,0
HH_06999,14,6,2
HH_07000,14,3,2
HH_07001,14,7,0
HH_07002,8,7,0
HH_07003,12,5,0
HH_07004,13,3,1
HH_07005,8,6,1
HH_07006,13,5,0
HH_07007,12,4,0
HH_07008,11,2,2
HH_07009,13,10,2
HH_07010,13,2,0
HH_07011,13,6,0
HH_07012,11,4,1
HH_07013,9,3,1
HH_07014,15,1,1
HH_07015,10,6,1
HH_07016,9,6,0
HH_07017,13,4,0
HH_07018,7,4,0
HH_07019,9,3,0
HH_07020,7,6,2
HH_07021,10,4,1
HH_07022,10,5,1
HH_07023,16,6,2
HH_07024,12,3,0
HH_07025,19,7,1
HH_07026,15,4,2
HH_07027,16,9,0
HH_07028,14,3,3
HH_07029,20,7,0
HH_07030,11,8,2
HH_07031,11,6,0
HH_07032,12,4,0
HH_07033,16,8,0
HH_07034,15,3,2
HH_07035,10,2,1
HH_07036,5,5,0
HH_07037,9,10,1
HH_07038,10,6,1
HH_07039,8,5,0
HH_07040,11,5,1
HH_07041,12,1,1
HH_07042,16,8,1
HH_07043,15,9,0
HH_07044,6,4,1
HH_07045,15,6,2
HH_07046,16,12,1
HH_07047,12,6,3
HH_07048,10,3,1
HH_07049,10,3,0
HH_07050,17,8,3
HH_07051,12,3,1
HH_07052,7,6,0
HH_07053,7,6,1
HH_07054,12,6,1
HH_07055,13,7,1
HH_07056,13,4,0
HH_07057,14,6,1
HH_07058,11,5,2
HH_07059,14,3,2
HH_07060,10,7,1
HH_07061,8,5,1
HH_07062,9,4,1
HH_07063,18,1,1
HH_07064,17,2,1
HH_07065,10,5,0
HH_07066,10,2,1
HH_07067,14,7,0
HH_07068,12,5,4
HH_07069,10,3,1
HH_07070,9,5,1
HH_07071,13,3,2
HH_07072,14,5,1
HH_07073,7,2,3
HH_07074,14,5,2
HH_07075,12,4,0
HH_07076,12,1,1
HH_07077,17,5,0
HH_07078,13,4,0
HH_07079,12,8,1
HH_07080,7,7,0
HH_07081,14,2,0
HH_07082,21,5,0
HH_07083,21,1,1
HH_07084,6,7,2
HH_07085,12,6,2
HH_07086,13,9,3
HH_07087,10,3,2
HH_07088,13,5,0
HH_07089,20,5,1
HH_07090,13,5,2
HH_07091,11,4,1
HH_07092,8,4,0
HH_07093,9,9,0
HH_07094,7,4,2
HH_07095,13,5,2
HH_07096,13,3,1
HH_07097,18,4,2
HH_07098,10,3,1
HH_07099,8,5,0
HH_07100,13,4,0
HH_07101,11,4,0
HH_07102,13,3,1
HH_07103,10,4,0
HH_07104,9,6,1
HH_07105,7,6,2
HH_07106,13,5,3
HH_07107,7,11,2
HH_07108,11,7,1
HH_07109,7,7,1
HH_07110,10,3,0
HH_07111,17,4,0
HH_07112,15,7,2
HH_07113,13,5,2
HH_07114,14,5,1
HH_07115,19,4,2
HH_07116,10,4,0
HH_07117,15,4,1
HH_07118,10,6,1
HH_07119,9,2,1
HH_07120,18,6,4
HH_07121,12,6,0
HH_07122,13,3,1
HH_07123,15,7,1
HH_07124,18,3,0
HH_07125,19,5,0
HH_07126,15,3,1
HH_07127,9,7,1
HH_07128,13,12,0
HH_07129,17,3,0
HH_07130,12,4,1
HH_07131,6,6,5
HH_07132,10,3,1
HH_07133,14,5,0
HH_07134,12,3,1
HH_07135,11,6,1
HH_07136,19,8,1
HH_07137,14,5,0
HH_07138,10,5,1
HH_07139,4,7,2
HH_07140,13,8,0
HH_07141,15,4,2
HH_07142,10,8,0
HH_07143,9,5,2
HH_07144,14,3,1
HH_07145,10,5,1
HH_07146,9,0,1
HH_07147,15,8,1
HH_07148,14,1,1
HH_07149,7,7,2
HH_07150,9,3,1
HH_07151,8,6,2
HH_07152,11,4,1
HH_07153,14,4,2
HH_07154,14,4,2
HH_07155,17,2,0
HH_07156,6,3,3
HH_07157,11,5,0
HH_07158,15,5,3
HH_07159,14,5,1
HH_07160,14,5,1
HH_07161,15,9,0
HH_07162,14,6,1
HH_07163,6,9,0
HH_07164,10,5,1
HH_07165,9,5,1
HH_07166,14,3,1
HH_07167,5,4,0
HH_07168,15,5,2
HH_07169,18,4,2
HH_07170,12,2,2
HH_07171,14,3,1
HH_07172,15,10,1
HH_07173,11,3,2
HH_07174,8,3,0
HH_07175,5,5,1
HH_07176,12,1,2
HH_07177,10,4,0
HH_07178,8,7,2
HH_07179,6,4,0
HH_07180,8,1,0
HH_07181,6,3,0
HH_07182,15,2,3
HH_07183,14,4,0
HH_07184,8,5,2
HH_07185,15,4,0
HH_07186,13,5,0
HH_07187,16,3,0
HH_07188,12,5,0
HH_07189,14,5,1
HH_07190,14,1,1
HH_07191,11,3,1
HH_07192,6,6,2
HH_07193,19,3,5
HH_07194,12,3,1
HH_07195,15,6,2
HH_07196,11,4,3
HH_07197,7,5,2
HH_07198,9,4,0
HH_07199,7,5,2
HH_07200,11,9,2
HH_07201,9,5,1
HH_07202,6,6,0
HH_07203,14,5,0
HH_07204,16,7,0
HH_07205,5,11,1
HH_07206,14,2,0
HH_07207,14,6,1
HH_07208,13,3,1
HH_07209,16,6,1
HH_07210,12,3,2
HH_07211,13,0,1
HH_07212,8,7,0
HH_07213,11,8,1
HH_07214,11,3,2
HH_07215,13,2,0
HH_07216,12,4,1
HH_07217,11,2,1
HH_07218,10,6,0
HH_07219,17,6,1
HH_07220,7,5,0
HH_07221,12,3,1
HH_07222,11,10,0
HH_07223,11,8,2
HH_07224,11,5,0
HH_07225,13,4,1
HH_07226,15,7,1
HH_07227,10,5,0
HH_07228,12,4,1
HH_07229,9,7,0
HH_07230,13,3,3
HH_07231,16,5,2
HH_07232,12,7,2
HH_07233,13,3,0
HH_07234,13,2,1
HH_07235,11,6,1
HH_07236,13,2,3
HH_07237,19,9,0
HH_07238,14,7,3
HH_07239,16,4,0
HH_07240,10,3,3
HH_07241,17,6,2
HH_07242,13,1,1
HH_07243,7,2,2
HH_07244,12,5,1
HH_07245,15,3,1
HH_07246,12,6,2
HH_07247,10,3,3
HH_07248,13,3,0
HH_07249,13,3,1
HH_07250,10,6,0
HH_07251,18,3,0
HH_07252,10,6,4
HH_07253,16,2,1
HH_07254,8,5,1
HH_07255,10,5,1
HH_07256,16,2,0
HH_07257,15,1,1
HH_07258,13,4,0
HH_07259,23,6,3
HH_07260,10,2,1
HH_07261,11,4,3
HH_07262,16,3,0
HH_07263,13,5,2
HH_07264,8,2,3
HH_07265,12,8,0
HH_07266,6,5,1
HH_07267,13,5,0
HH_07268,7,4,1
HH_07269,12,2,1
HH_07270,9,9,0
HH_07271,10,9,2
HH_07272,5,3,0
HH_07273,13,10,1
HH_07274,10,3,0
HH_07275,11,6,0
HH_07276,9,5,3
HH_07277,12,2,0
HH_07278,19,8,0
HH_07279,19,4,0
HH_07280,14,7,2
HH_07281,16,8,0
HH_07282,20,5,4
HH_07283,10,1,0
HH_07284,10,4,2
HH_07285,11,3,2
HH_07286,12,7,0
HH_07287,8,7,0
HH_07288,16,5,3
HH_07289,15,4,1
HH_07290,11,4,1
HH_07291,13,5,1
HH_07292,10,7,1
HH_07293,7,3,0
HH_07294,10,2,2
HH_07295,11,2,1
HH_07296,11,8,3
HH_07297,10,3,2
HH_07298,18,3,1
HH_07299,7,6,2
HH_07300,5,6,3
HH_07301,15,1,1
HH_07302,9,2,2
HH_07303,9,5,1
HH_07304,7,5,1
HH_07305,14,9,0
HH_07306,18,3,0
HH_07307,12,8,2
HH_07308,6,4,2
HH_07309,14,3,1
HH_07310,7,3,1
HH_07311,10,4,0
HH_07312,14,6,1
HH_07313,10,2,1
HH_07314,10,7,1
HH_07315,12,5,1
HH_07316,9,9,0
HH_07317,9,5,0
HH_07318,13,5,1
HH_07319,15,5,2
HH_07320,14,2,1
HH_07321,12,7,2
HH_07322,13,4,1
HH_07323,15,7,0
HH_07324,15,8,0
HH_07325,10,4,1
HH_07326,6,5,0
HH_07327,16,1,1
HH_07328,12,7,0
HH_07329,6,8,2
HH_07330,11,6,1
HH_07331,10,3,1
HH_07332,12,5,2
HH_07333,15,8,0
HH_07334,3,1,1
HH_07335,16,7,1
HH_07336,12,4,1
HH_07337,13,5,0
HH_07338,9,5,1
HH_07339,13,3,0
HH_07340,11,5,0
HH_07341,10,1,0
HH_07342,11,4,0
HH_07343,18,6,0
HH_07344,6,8,0
HH_07345,10,6,0
HH_07346,16,4,2
HH_07347,15,3,1
HH_07348,9,1,0
HH_07349,12,6,2
HH_07350,9,6,1
HH_07351,10,6,0
HH_07352,14,10,2
HH_07353,9,4,1
HH_07354,12,2,0
HH_07355,14,2,1
HH_07356,18,10,1
HH_07357,16,6,1
HH_07358,16,7,1
HH_07359,15,9,2
HH_07360,10,4,0
HH_07361,12,2,3
HH_07362,19,4,0
HH_07363,11,6,2
HH_07364,19,6,1
HH_07365,13,5,0
HH_07366,12,4,2
HH_07367,7,6,0
HH_07368,17,5,1
HH_07369,12,3,0
HH_07370,13,7,1
HH_07371,10,1,2
HH_07372,18,4,0
HH_07373,13,3,0
HH_07374,14,5,1
HH_07375,9,2,2
HH_07376,11,3,0
HH_07377,15,3,1
HH_07378,10,6,2
HH_07379,13,2,0
HH_07380,7,8,1
HH_07381,12,3,3
HH_07382,16,3,1
HH_07383,12,4,0
HH_07384,15,6,0
HH_07385,13,2,1
HH_07386,4,3,3
HH_07387,14,2,1
HH_07388,11,5,2
HH_07389,4,4,1
HH_07390,9,11,0
HH_07391,9,9,2
HH_07392,11,7,2
HH_07393,12,0,1
HH_07394,15,5,0
HH_07395,12,6,1
HH_07396,17,4,1
HH_07397,18,4,1
HH_07398,9,1,1
HH_07399,15,6,1
HH_07400,6,3,1
HH_07401,14,5,1
HH_07402,6,5,0
HH_07403,17,2,0
HH_07404,2,4,1
HH_07405,19,4,1
HH_07406,13,6,1
HH_07407,9,7,0
HH_07408,3,5,0
HH_07409,16,8,0
HH_07410,13,6,0
HH_07411,14,4,2
HH_07412,10,3,2
HH_07413,16,8,3
HH_07414,14,9,0
HH_07415,10,5,2
HH_07416,16,11,0
HH_07417,14,6,5
HH_07418,11,5,0
HH_07419,6,6,1
HH_07420,13,4,0
HH_07421,8,4,0
HH_07422,13,4,1
HH_07423,8,3,0
HH_07424,7,2,0
HH_07425,10,0,1
HH_07426,12,6,2
HH_07427,11,5,0
HH_07428,9,6,0
HH_07429,10,6,1
HH_07430,10,5,2
HH_07431,11,4,0
HH_07432,13,7,2
HH_07433,16,2,0
HH_07434,9,7,1
HH_07435,15,5,1
HH_07436,13,7,2
HH_07437,10,3,2
HH_07438,8,5,3
HH_07439,11,2,1
HH_07440,10,7,0
HH_07441,13,4,1
HH_07442,22,9,1
HH_07443,6,4,0
HH_07444,12,6,0
HH_07445,13,8,0
HH_07446,13,1,1
HH_07447,8,5,3
HH_07448,18,9,1
HH_07449,17,5,0
HH_07450,14,2,2
HH_07451,8,8,1
HH_07452,10,7,0
HH_07453,13,5,2
HH_07454,16,3,0
HH_07455,9,4,3
HH_07456,13,4,1
HH_07457,12,2,0
HH_07458,11,0,1
HH_07459,10,2,1
HH_07460,19,7,0
HH_07461,19,3,2
HH_07462,8,6,0
HH_07463,8,7,2
HH_07464,12,6,1
HH_07465,11,9,0
HH_07466,15,4,0
HH_07467,5,7,2
HH_07468,13,6,2
HH_07469,8,4,0
HH_07470,12,3,4
HH_07471,9,4,1
HH_07472,18,6,3
HH_07473,13,5,2
HH_07474,11,2,2
HH_07475,14,4,0
HH_07476,9,4,0
HH_07477,19,3,0
HH_07478,14,7,1
HH_07479,11,4,0
HH_07480,9,10,0
HH_07481,9,3,1
HH_07482,16,3,2
HH_07483,12,6,2
HH_07484,6,3,0
HH_07485,14,5,4
HH_07486,10,4,1
HH_07487,13,9,0
HH_07488,12,6,2
HH_07489,8,5,0
HH_07490,15,8,0
HH_07491,18,6,0
HH_07492,15,6,0
HH_07493,16,4,0
HH_07494,8,4,1
HH_07495,11,7,4
HH_07496,10,4,1
HH_07497,13,7,4
HH_07498,12,8,1
HH_07499,17,5,1
HH_07500,9,3,1
HH_07501,14,8,1
HH_07502,14,9,0
HH_07503,8,5,1
HH_07504,6,5,0
HH_07505,12,4,0
HH_07506,13,11,1
HH_07507,11,5,2
HH_07508,13,8,2
HH_07509,14,7,2
HH_07510,14,2,1
HH_07511,19,6,0
HH_07512,16,3,0
HH_07513,9,2,0
HH_07514,16,4,1
HH_07515,6,0,2
HH_07516,12,6,1
HH_07517,10,1,1
HH_07518,12,9,1
HH_07519,7,8,1
HH_07520,17,3,1
HH_07521,14,6,2
HH_07522,12,5,1
HH_07523,11,5,1
HH_07524,15,9,0
HH_07525,14,2,0
HH_07526,8,7,1
HH_07527,11,1,0
HH_07528,9,4,1
HH_07529,9,3,1
HH_07530,16,8,1
HH_07531,10,0,0
HH_07532,7,8,0
HH_07533,8,3,0
HH_07534,16,3,1
HH_07535,8,6,1
HH_07536,16,4,1
HH_07537,11,5,2
HH_07538,10,4,0
HH_07539,19,6,0
HH_07540,11,6,0
HH_07541,8,4,1
HH_07542,13,7,0
HH_07543,17,3,0
HH_07544,10,1,0
HH_07545,12,6,0
HH_07546,9,4,0
HH_07547,12,4,1
HH_07548,12,2,1
HH_07549,11,7,0
HH_07550,12,7,1
HH_07551,14,5,0
HH_07552,13,4,1
HH_07553,14,2,2
HH_07554,8,6,1
HH_07555,17,3,0
HH_07556,12,6,1
HH_07557,11,5,0
HH_07558,19,8,2
HH_07559,8,7,1
HH_07560,16,4,0
HH_07561,16,6,1
HH_07562,13,8,2
HH_07563,9,2,5
HH_07564,10,6,0
HH_07565,10,2,5
HH_07566,10,8,0
HH_07567,10,5,0
HH_07568,13,4,1
HH_07569,12,8,1
HH_07570,8,1,1
HH_07571,7,5,0
HH_07572,21,4,2
HH_07573,10,3,2
HH_07574,19,5,0
HH_07575,10,3,1
HH_07576,11,5,0
HH_07577,18,2,1
HH_07578,6,6,1
HH_07579,12,4,2
HH_07580,10,3,0
HH_07581,12,6,2
HH_07582,6,6,4
HH_07583,7,5,0
HH_07584,11,7,2
HH_07585,13,3,1
HH_07586,14,7,0
HH_07587,13,5,1
HH_07588,11,2,1
HH_07589,16,10,2
HH_07590,11,4,0
HH_07591,15,6,2
HH_07592,9,4,0
HH_07593,9,7,1
HH_07594,12,5,2
HH_07595,8,7,0
HH_07596,15,9,1
HH_07597,15,10,2
HH_07598,9,4,0
HH_07599,10,1,0
HH_07600,9,3,0
HH_07601,5,5,2
HH_07602,18,3,2
HH_07603,12,6,0
HH_07604,5,7,0
HH_07605,13,3,0
HH_07606,16,7,0
HH_07607,8,5,0
HH_07608,11,6,0
HH_07609,14,1,3
HH_07610,13,6,1
HH_07611,9,7,2
HH_07612,8,6,0
HH_07613,12,7,2
HH_07614,8,1,0
HH_07615,14,3,1
HH_07616,17,2,0
HH_07617,16,4,1
HH_07618,13,4,1
HH_07619,9,5,2
HH_07620,4,4,4
HH_07621,9,5,1
HH_07622,13,7,3
HH_07623,17,6,0
HH_07624,14,9,1
HH_07625,12,5,2
HH_07626,11,3,1
HH_07627,10,5,1
HH_07628,12,5,1
HH_07629,9,10,2
HH_07630,12,4,0
HH_07631,10,7,0
HH_07632,20,5,2
HH_07633,10,9,1
HH_07634,12,8,1
HH_07635,5,2,1
HH_07636,11,3,0
HH_07637,8,8,0
HH_07638,15,5,1
HH_07639,11,1,0
HH_07640,20,6,1
HH_07641,7,2,2
HH_07642,14,6,1
HH_07643,8,6,0
HH_07644,12,4,2
HH_07645,7,8,1
HH_07646,11,2,1
HH_07647,10,2,2
HH_07648,10,6,0
HH_07649,15,5,1
HH_07650,9,4,0
HH_07651,5,6,0
HH_07652,13,5,2
HH_07653,11,3,1
HH_07654,10,5,1
HH_07655,10,5,1
HH_07656,7,5,0
HH_07657,19,2,2
HH_07658,11,5,2
HH_07659,15,7,2
HH_07660,9,4,1
HH_07661,13,8,1
HH_07662,16,4,1
HH_07663,11,5,1
HH_07664,13,6,1
HH_07665,13,5,1
HH_07666,18,5,0
HH_07667,14,2,0
HH_07668,9,4,0
HH_07669,16,5,3
HH_07670,10,2,1
HH_07671,13,6,0
HH_07672,11,4,0
HH_07673,13,10,1
HH_07674,14,2,0
HH_07675,10,7,1
HH_07676,11,5,1
HH_07677,12,4,1
HH_07678,17,4,2
HH_07679,7,6,0
HH_07680,16,3,2
HH_07681,11,10,2
HH_07682,9,9,2
HH_07683,12,6,0
HH_07684,9,1,1
HH_07685,10,6,0
HH_07686,17,9,0
HH_07687,6,7,1
HH_07688,13,5,0
HH_07689,9,5,2
HH_07690,11,3,1
HH_07691,16,7,2
HH_07692,10,7,1
HH_07693,7,8,2
HH_07694,10,5,0
HH_07695,5,6,2
HH_07696,15,5,2
HH_07697,16,4,2
HH_07698,10,2,4
HH_07699,15,5,2
HH_07700,11,6,0
HH_07701,12,5,3
HH_07702,9,7,2
HH_07703,12,2,1
HH_07704,12,2,0
HH_07705,3,4,1
HH_07706,23,8,0
HH_07707,11,4,2
HH_07708,16,6,0
HH_07709,13,4,2
HH_07710,11,7,0
HH_07711,15,8,0
HH_07712,10,4,1
HH_07713,12,1,1
HH_07714,9,5,2
HH_07715,8,6,1
HH_07716,15,4,1
HH_07717,15,11,1
HH_07718,18,7,0
HH_07719,10,4,2
HH_07720,5,8,0
HH_07721,21,6,2
HH_07722,11,3,2
HH_07723,10,8,2
HH_07724,11,6,1
HH_07725,15,2,3
HH_07726,9,2,1
HH_07727,14,2,1
HH_07728,14,2,2
HH_07729,16,7,0
HH_07730,11,4,1
HH_07731,20,6,0
HH_07732,14,7,0
HH_07733,16,7,1
HH_07734,13,6,0
HH_07735,10,6,1
HH_07736,9,7,0
HH_07737,14,7,1
HH_07738,17,3,2
HH_07739,27,8,2
HH_07740,14,9,0
HH_07741,17,7,0
HH_07742,9,4,0
HH_07743,12,4,1
HH_07744,12,7,0
HH_07745,14,3,0
HH_07746,12,1,3
HH_07747,9,7,0
HH_07748,14,0,1
HH_07749,14,3,2
HH_07750,14,2,1
HH_07751,11,6,2
HH_07752,7,4,0
HH_07753,18,9,0
HH_07754,14,6,0
HH_07755,11,4,0
HH_07756,13,4,3
HH_07757,15,4,0
HH_07758,18,5,0
HH_07759,12,5,0
HH_07760,15,2,2
HH_07761,14,4,0
HH_07762,9,5,2
HH_07763,9,0,3
HH_07764,12,5,2
HH_07765,9,5,0
HH_07766,20,8,1
HH_07767,7,7,1
HH_07768,11,6,1
HH_07769,16,6,0
HH_07770,16,2,2
HH_07771,9,4,0
HH_07772,11,4,1
HH_07773,12,5,2
HH_07774,13,4,3
HH_07775,15,5,1
HH_07776,19,4,0
HH_07777,13,4,1
HH_07778,11,4,1
HH_07779,9,5,0
HH_07780,7,6,0
HH_07781,10,3,1
HH_07782,14,7,0
HH_07783,13,2,2
HH_07784,11,6,1
HH_07785,11,6,0
HH_07786,11,8,0
HH_07787,8,4,2
HH_07788,12,3,0
HH_07789,13,1,0
HH_07790,12,5,0
HH_07791,13,8,0
HH_07792,10,5,2
HH_07793,15,6,0
HH_07794,13,6,1
HH_07795,14,7,0
HH_07796,11,5,0
HH_07797,4,7,0
HH_07798,10,2,2
HH_07799,7,4,0
HH_07800,6,5,2
HH_07801,8,11,0
HH_07802,8,3,2
HH_07803,12,5,0
HH_07804,9,6,0
HH_07805,15,6,2
HH_07806,11,7,0
HH_07807,13,4,2
HH_07808,15,6,1
HH_07809,8,3,0
HH_07810,13,9,1
HH_07811,12,4,0
HH_07812,5,3,2
HH_07813,13,4,1
HH_07814,8,7,1
HH_07815,17,7,1
HH_07816,13,7,1
HH_07817,11,9,0
HH_07818,16,5,2
HH_07819,9,7,2
HH_07820,11,5,2
HH_07821,8,4,0
HH_07822,12,7,0
HH_07823,9,4,1
HH_07824,10,8,0
HH_07825,13,6,1
HH_07826,16,2,1
HH_07827,13,2,2
HH_07828,4,3,0
HH_07829,12,5,1
HH_07830,13,7,0
HH_07831,8,7,0
HH_07832,14,4,0
HH_07833,15,2,2
HH_07834,15,3,3
HH_07835,9,2,2
HH_07836,11,5,1
HH_07837,14,5,0
HH_07838,8,8,1
HH_07839,12,1,2
HH_07840,11,4,2
HH_07841,16,3,0
HH_07842,14,7,0
HH_07843,11,4,0
HH_07844,13,4,1
HH_07845,12,4,0
HH_07846,11,7,1
HH_07847,11,2,2
HH_07848,10,7,4
HH_07849,12,6,0
HH_07850,10,8,0
HH_07851,16,7,1
HH_07852,14,4,1
HH_07853,10,5,0
HH_07854,8,6,0
HH_07855,12,8,0
HH_07856,10,6,1
HH_07857,15,4,0
HH_07858,15,10,0
HH_07859,10,4,0
HH_07860,11,4,1
HH_07861,9,7,2
HH_07862,17,6,1
HH_07863,14,5,1
HH_07864,11,9,1
HH_07865,6,4,2
HH_07866,11,5,3
HH_07867,12,4,1
HH_07868,12,9,0
HH_07869,7,5,2
HH_07870,12,11,0
HH_07871,9,3,0
HH_07872,12,3,1
HH_07873,8,6,3
HH_07874,9,10,1
HH_07875,9,6,0
HH_07876,18,9,1
HH_07877,9,4,1
HH_07878,16,8,2
HH_07879,10,5,2
HH_07880,14,6,0
HH_07881,21,4,0
HH_07882,13,5,1
HH_07883,15,5,0
HH_07884,11,5,0
HH_07885,14,7,4
HH_07886,13,5,3
HH_07887,8,3,1
HH_07888,14,2,2
HH_07889,11,6,0
HH_07890,23,3,3
HH_07891,12,10,0
HH_07892,7,5,3
HH_07893,8,3,3
HH_07894,13,5,2
HH_07895,12,8,1
HH_07896,14,8,1
HH_07897,14,5,2
HH_07898,19,6,1
HH_07899,13,2,2
HH_07900,11,4,2
HH_07901,13,2,1
HH_07902,13,9,0
HH_07903,14,5,2
HH_07904,12,7,2
HH_07905,8,3,1
HH_07906,13,5,0
HH_07907,14,4,0
HH_07908,8,6,2
HH_07909,14,4,0
HH_07910,18,7,0
HH_07911,12,4,1
HH_07912,13,8,1
HH_07913,12,2,2
HH_07914,12,8,2
HH_07915,17,5,1
HH_07916,12,2,1
HH_07917,12,4,0
HH_07918,14,4,1
HH_07919,9,5,2
HH_07920,14,8,1
HH_07921,11,5,2
HH_07922,17,2,1
HH_07923,16,2,2
HH_07924,15,7,0
HH_07925,12,9,2
HH_07926,8,7,1
HH_07927,16,7,1
HH_07928,11,2,0
HH_07929,10,7,3
HH_07930,13,3,1
HH_07931,8,5,0
HH_07932,10,7,0
HH_07933,15,7,0
HH_07934,16,5,2
HH_07935,16,3,0
HH_07936,8,1,1
HH_07937,5,4,1
HH_07938,16,9,1
HH_07939,8,1,2
HH_07940,12,6,1
HH_07941,16,4,0
HH_07942,14,2,2
HH_07943,12,5,0
HH_07944,12,4,2
HH_07945,11,5,3
HH_07946,11,3,0
HH_07947,8,9,1
HH_07948,12,4,0
HH_07949,18,5,0
HH_07950,8,4,1
HH_07951,14,3,1
HH_07952,9,3,1
HH_07953,13,5,1
HH_07954,13,2,1
HH_07955,16,2,0
HH_07956,12,2,3
HH_07957,14,2,6
HH_07958,12,4,1
HH_07959,16,2,0
HH_07960,14,1,1
HH_07961,8,8,0
HH_07962,12,1,1
HH_07963,7,5,4
HH_07964,17,0,1
HH_07965,11,4,1
HH_07966,6,5,1
HH_07967,12,8,1
HH_07968,12,10,4
HH_07969,13,7,1
HH_07970,10,9,0
HH_07971,8,3,1
HH_07972,18,9,1
HH_07973,8,0,3
HH_07974,9,7,0
HH_07975,17,5,1
HH_07976,13,3,2
HH_07977,10,3,2
HH_07978,13,2,3
HH_07979,11,3,1
HH_07980,19,3,0
HH_07981,10,5,0
HH_07982,13,2,3
HH_07983,13,1,0
HH_07984,15,9,2
HH_07985,13,5,0
HH_07986,13,4,1
HH_07987,11,4,1
HH_07988,9,1,1
HH_07989,5,5,2
HH_07990,11,2,0
HH_07991,13,5,1
HH_07992,9,5,0
HH_07993,9,4,0
HH_07994,14,7,1
HH_07995,11,4,0
HH_07996,14,6,2
HH_07997,6,1,3
HH_07998,11,10,2
HH_07999,10,3,2
HH_08000,9,6,2
HH_08001,10,2,4
HH_08002,17,2,1
HH_08003,12,7,2
HH_08004,10,4,0
HH_08005,8,7,0
HH_08006,8,2,0
HH_08007,12,5,2
HH_08008,13,5,3
HH_08009,9,5,2
HH_08010,9,6,1
HH_08011,15,3,1
HH_08012,18,4,3
HH_08013,15,5,0
HH_08014,16,6,1
HH_08015,15,7,1
HH_08016,13,5,1
HH_08017,12,5,1
HH_08018,19,4,2
HH_08019,12,1,2
HH_08020,6,10,0
HH_08021,11,6,1
HH_08022,9,3,4
HH_08023,15,2,1
HH_08024,14,7,0
HH_08025,11,1,2
HH_08026,12,2,0
HH_08027,14,4,1
HH_08028,19,4,0
HH_08029,8,4,0
HH_08030,4,3,0
HH_08031,13,5,2
HH_08032,10,8,0
HH_08033,18,5,0
HH_08034,7,8,1
HH_08035,10,8,0
HH_08036,15,6,0
HH_08037,11,3,1
HH_08038,12,6,0
HH_08039,10,7,1
HH_08040,6,6,2
HH_08041,12,3,1
HH_08042,7,5,2
HH_08043,12,3,3
HH_08044,15,9,3
HH_08045,13,4,1
HH_08046,11,3,1
HH_08047,12,6,0
HH_08048,9,5,2
HH_08049,13,9,0
HH_08050,11,4,2
HH_08051,14,8,0
HH_08052,11,4,1
HH_08053,13,8,3
HH_08054,9,5,1
HH_08055,13,5,1
HH_08056,14,3,3
HH_08057,18,4,0
HH_08058,9,6,1
HH_08059,6,5,0
HH_08060,9,5,0
HH_08061,10,7,3
HH_08062,14,1,0
HH_08063,11,7,2
HH_08064,18,7,3
HH_08065,11,4,1
HH_08066,13,5,2
HH_08067,10,4,1
HH_08068,11,3,1
HH_08069,12,1,0
HH_08070,10,4,1
HH_08071,14,7,0
HH_08072,13,6,3
HH_08073,12,5,2
HH_08074,16,3,2
HH_08075,11,6,0
HH_08076,12,9,2
HH_08077,13,6,0
HH_08078,4,6,2
HH_08079,16,5,1
HH_08080,10,1,0
HH_08081,20,7,2
HH_08082,12,2,0
HH_08083,8,5,1
HH_08084,9,1,3
HH_08085,13,5,1
HH_08086,5,8,0
HH_08087,15,2,0
HH_08088,12,3,0
HH_08089,10,5,1
HH_08090,9,7,2
HH_08091,20,3,1
HH_08092,16,4,0
HH_08093,13,3,2
HH_08094,13,4,0
HH_08095,13,5,1
HH_08096,10,11,3
HH_08097,9,7,1
HH_08098,11,7,1
HH_08099,16,5,1
HH_08100,12,4,2
HH_08101,18,10,0
HH_08102,10,3,2
HH_08103,11,3,0
HH_08104,13,4,2
HH_08105,21,4,0
HH_08106,13,3,2
HH_08107,10,3,0
HH_08108,8,2,2
HH_08109,11,8,1
HH_08110,10,4,0
HH_08111,13,3,0
HH_08112,11,2,1
HH_08113,9,6,1
HH_08114,9,2,2
HH_08115,13,3,2
HH_08116,17,5,0
HH_08117,10,7,0
HH_08118,12,6,0
HH_08119,18,7,0
HH_08120,5,4,0
HH_08121,9,5,1
HH_08122,5,5,1
HH_08123,14,5,1
HH_08124,14,7,3
HH_08125,8,4,0
HH_08126,20,3,3
HH_08127,10,5,0
HH_08128,8,7,1
HH_08129,13,3,3
HH_08130,10,3,1
HH_08131,15,4,0
HH_08132,11,2,0
HH_08133,8,5,0
HH_08134,12,5,0
HH_08135,12,5,0
HH_08136,17,1,0
HH_08137,8,5,0
HH_08138,16,7,0
HH_08139,7,5,4
HH_08140,16,4,1
HH_08141,8,3,3
HH_08142,18,12,1
HH_08143,20,1,1
HH_08144,12,3,2
HH_08145,12,4,1
HH_08146,15,7,0
HH_08147,23,4,1
HH_08148,18,4,1
HH_08149,12,6,0
HH_08150,13,8,2
HH_08151,9,2,0
HH_08152,15,5,0
HH_08153,17,3,1
HH_08154,11,4,0
HH_08155,16,2,3
HH_08156,12,4,2
HH_08157,13,3,2
HH_08158,9,6,0
HH_08159,12,7,1
HH_08160,13,4,2
HH_08161,10,5,1
HH_08162,12,1,2
HH_08163,13,8,1
HH_08164,11,4,1
HH_08165,14,5,2
HH_08166,10,5,0
HH_08167,6,4,0
HH_08168,7,4,0
HH_08169,14,6,1
HH_08170,17,1,0
HH_08171,6,4,1
HH_08172,7,5,2
HH_08173,14,4,1
HH_08174,10,7,1
HH_08175,11,6,1
HH_08176,11,5,2
HH_08177,12,8,2
HH_08178,10,4,0
HH_08179,9,9,2
HH_08180,9,5,1
HH_08181,18,5,2
HH_08182,13,7,1
HH_08183,13,4,1
HH_08184,6,3,1
HH_08185,17,5,4
HH_08186,12,3,2
HH_08187,9,2,1
HH_08188,14,4,1
HH_08189,12,4,1
HH_08190,5,5,1
HH_08191,16,8,0
HH_08192,14,4,1
HH_08193,11,3,1
HH_08194,12,3,0
HH_08195,10,3,1
HH_08196,22,4,1
HH_08197,12,5,3
HH_08198,11,3,0
HH_08199,8,5,1
HH_08200,11,7,1
HH_08201,20,6,0
HH_08202,13,6,0
HH_08203,6,4,0
HH_08204,14,8,1
HH_08205,18,5,0
HH_08206,20,7,0
HH_08207,15,6,1
HH_08208,7,4,0
HH_08209,9,4,2
HH_08210,18,8,1
HH_08211,11,5,0
HH_08212,18,6,1
HH_08213,17,6,2
HH_08214,8,1,1
HH_08215,17,1,3
HH_08216,10,10,0
HH_08217,9,5,2
HH_08218,10,8,0
HH_08219,11,6,2
HH_08220,10,2,1
HH_08221,9,5,0
HH_08222,15,9,0
HH_08223,15,6,0
HH_08224,12,6,1
HH_08225,12,1,2
HH_08226,9,4,0
HH_08227,14,5,0
HH_08228,14,3,0
HH_08229,16,6,3
HH_08230,10,3,0
HH_08231,11,8,0
HH_08232,9,6,1
HH_08233,14,4,1
HH_08234,15,7,1
HH_08235,11,5,2
HH_08236,16,5,2
HH_08237,14,1,0
HH_08238,9,5,1
HH_08239,8,5,1
HH_08240,14,1,0
HH_08241,9,8,1
HH_08242,5,3,5
HH_08243,13,7,1
HH_08244,7,4,0
HH_08245,11,3,0
HH_08246,12,6,1
HH_08247,17,7,3
HH_08248,14,5,1
HH_08249,13,4,0
HH_08250,7,4,0
HH_08251,17,2,2
HH_08252,18,3,1
HH_08253,14,10,1
HH_08254,7,2,1
HH_08255,9,2,1
HH_08256,13,3,0
HH_08257,20,5,0
HH_08258,15,6,2
HH_08259,9,7,2
HH_08260,13,2,0
HH_08261,10,11,1
HH_08262,9,2,0
HH_08263,15,3,0
HH_08264,14,5,1
HH_08265,14,4,1
HH_08266,13,5,2
HH_08267,16,5,2
HH_08268,8,6,0
HH_08269,13,5,1
HH_08270,14,5,0
HH_08271,8,8,1
HH_08272,12,8,1
HH_08273,13,5,0
HH_08274,9,6,1
HH_08275,18,6,1
HH_08276,10,3,0
HH_08277,6,3,1
HH_08278,12,6,1
HH_08279,11,6,1
HH_08280,10,10,2
HH_08281,14,4,1
HH_08282,13,8,1
HH_08283,9,4,0
HH_08284,12,2,0
HH_08285,11,3,2
HH_08286,15,5,2
HH_08287,9,3,1
HH_08288,12,1,4
HH_08289,10,2,0
HH_08290,11,5,0
HH_08291,15,7,0
HH_08292,15,4,1
HH_08293,9,1,0
HH_08294,13,5,2
HH_08295,17,4,0
HH_08296,12,5,0
HH_08297,13,7,1
HH_08298,25,3,4
HH_08299,18,4,0
HH_08300,16,1,0
HH_08301,9,4,1
HH_08302,12,3,1
HH_08303,17,4,1
HH_08304,6,6,0
HH_08305,11,8,1
HH_08306,11,6,0
HH_08307,13,6,2
HH_08308,7,4,0
HH_08309,11,2,1
HH_08310,11,6,2
HH_08311,16,5,0
HH_08312,11,2,0
HH_08313,15,6,0
HH_08314,9,3,3
HH_08315,11,6,2
HH_08316,15,2,0
HH_08317,11,7,0
HH_08318,12,4,0
HH_08319,6,5,1
HH_08320,19,9,1
HH_08321,9,6,0
HH_08322,14,8,0
HH_08323,9,4,2
HH_08324,9,5,1
HH_08325,10,8,1
HH_08326,13,1,1
HH_08327,6,3,1
HH_08328,7,4,2
HH_08329,13,4,0
HH_08330,13,4,1
HH_08331,12,2,1
HH_08332,12,6,0
HH_08333,13,5,1
HH_08334,10,6,1
HH_08335,14,4,1
HH_08336,10,3,1
HH_08337,11,3,1
HH_08338,16,5,0
HH_08339,9,3,1
HH_08340,12,6,1
HH_08341,15,5,0
HH_08342,19,5,1
HH_08343,22,5,1
HH_08344,13,5,1
HH_08345,17,6,0
HH_08346,14,4,1
HH_08347,11,4,0
HH_08348,11,5,1
HH_08349,14,5,2
HH_08350,15,5,1
HH_08351,10,1,1
HH_08352,15,4,1
HH_08353,10,5,0
HH_08354,8,8,1
HH_08355,12,3,1
HH_08356,13,5,1
HH_08357,10,3,2
HH_08358,9,6,0
HH_08359,14,3,0
HH_08360,17,1,0
HH_08361,13,3,1
HH_08362,8,4,1
HH_08363,11,4,1
HH_08364,13,10,2
HH_08365,16,3,0
HH_08366,6,3,1
HH_08367,7,4,1
HH_08368,16,6,0
HH_08369,10,5,0
HH_08370,8,3,1
HH_08371,14,4,2
HH_08372,10,0,1
HH_08373,11,8,2
HH_08374,14,4,0
HH_08375,10,5,2
HH_08376,19,6,0
HH_08377,13,7,2
HH_08378,10,9,0
HH_08379,17,3,1
HH_08380,7,8,0
HH_08381,10,6,1
HH_08382,11,4,1
HH_08383,12,5,1
HH_08384,14,7,1
HH_08385,9,8,1
HH_08386,12,4,2
HH_08387,8,6,1
HH_08388,15,3,3
HH_08389,13,3,3
HH_08390,14,5,0
HH_08391,17,5,0
HH_08392,10,8,0
HH_08393,14,2,1
HH_08394,15,5,1
HH_08395,7,3,1
HH_08396,5,3,0
HH_08397,10,2,2
HH_08398,9,4,0
HH_08399,11,3,2
HH_08400,10,6,1
HH_08401,9,2,0
HH_08402,10,3,2
HH_08403,15,4,1
HH_08404,14,4,0
HH_08405,15,7,0
HH_08406,12,4,0
HH_08407,14,5,0
HH_08408,15,7,1
HH_08409,13,6,3
HH_08410,15,2,0
HH_08411,16,2,0
HH_08412,11,4,0
HH_08413,12,5,2
HH_08414,14,6,2
HH_08415,16,4,0
HH_08416,18,8,0
HH_08417,14,4,2
HH_08418,14,3,2
HH_08419,14,2,1
HH_08420,8,6,0
HH_08421,14,4,1
HH_08422,9,8,2
HH_08423,19,4,0
HH_08424,11,3,1
HH_08425,11,3,0
HH_08426,12,6,1
HH_08427,16,10,2
HH_08428,5,5,0
HH_08429,16,5,0
HH_08430,12,2,0
HH_08431,13,10,0
HH_08432,8,5,3
HH_08433,13,7,1
HH_08434,6,5,0
HH_08435,12,4,0
HH_08436,10,5,0
HH_08437,11,3,1
HH_08438,13,7,0
HH_08439,10,5,0
HH_08440,12,10,0
HH_08441,15,5,2
HH_08442,10,3,3
HH_08443,9,8,1
HH_08444,10,7,0
HH_08445,8,10,1
HH_08446,8,2,2
HH_08447,7,4,4
HH_08448,13,6,0
HH_08449,6,2,0
HH_08450,13,7,0
HH_08451,11,4,0
HH_08452,4,3,0
HH_08453,9,4,1
HH_08454,18,7,2
HH_08455,13,4,0
HH_08456,18,7,1
HH_08457,13,6,0
HH_08458,13,5,0
HH_08459,7,5,0
HH_08460,13,10,0
HH_08461,12,4,0
HH_08462,15,6,1
HH_08463,10,4,0
HH_08464,10,3,2
HH_08465,9,9,4
HH_08466,16,6,0
HH_08467,10,6,0
HH_08468,15,8,1
HH_08469,13,2,1
HH_08470,17,12,3
HH_08471,12,3,2
HH_08472,8,8,1
HH_08473,13,4,2
HH_08474,11,6,0
HH_08475,10,5,1
HH_08476,10,6,1
HH_08477,6,5,0
HH_08478,10,4,1
HH_08479,12,2,0
HH_08480,12,4,0
HH_08481,15,4,2
HH_08482,17,4,0
HH_08483,14,4,2
HH_08484,13,8,2
HH_08485,10,4,0
HH_08486,11,5,1
HH_08487,11,7,3
HH_08488,14,3,0
HH_08489,17,4,1
HH_08490,7,5,2
HH_08491,8,6,0
HH_08492,10,7,1
HH_08493,10,4,3
HH_08494,15,11,2
HH_08495,15,2,0
HH_08496,9,2,0
HH_08497,17,4,0
HH_08498,13,7,1
HH_08499,15,3,2
HH_08500,12,5,0
HH_08501,8,3,1
HH_08502,6,0,0
HH_08503,13,6,0
HH_08504,6,5,1
HH_08505,11,6,2
HH_08506,11,7,1
HH_08507,6,5,1
HH_08508,12,5,3
HH_08509,9,7,1
HH_08510,13,6,1
HH_08511,19,3,2
HH_08512,14,9,1
HH_08513,16,5,2
HH_08514,13,5,1
HH_08515,8,6,0
HH_08516,12,4,0
HH_08517,15,6,0
HH_08518,13,7,1
HH_08519,12,5,0
HH_08520,9,3,1
HH_08521,15,6,0
HH_08522,11,10,2
HH_08523,12,6,2
HH_08524,15,7,1
HH_08525,22,5,1
HH_08526,8,3,2
HH_08527,8,1,1
HH_08528,19,4,1
HH_08529,13,2,2
HH_08530,10,3,2
HH_08531,8,3,1
HH_08532,8,4,2
HH_08533,15,3,0
HH_08534,15,3,1
HH_08535,14,3,0
HH_08536,8,5,0
HH_08537,15,4,0
HH_08538,12,5,2
HH_08539,17,3,2
HH_08540,12,1,0
HH_08541,11,3,1
HH_08542,14,10,2
HH_08543,11,4,1
HH_08544,11,4,2
HH_08545,6,5,2
HH_08546,12,4,1
HH_08547,13,3,1
HH_08548,16,3,0
HH_08549,8,4,0
HH_08550,11,12,0
HH_08551,16,2,0
HH_08552,11,3,2
HH_08553,16,6,0
HH_08554,13,3,2
HH_08555,18,8,0
HH_08556,16,7,2
HH_08557,13,4,1
HH_08558,15,5,1
HH_08559,11,3,1
HH_08560,12,2,0
HH_08561,13,4,1
HH_08562,12,6,0
HH_08563,17,3,2
HH_08564,11,3,1
HH_08565,8,5,0
HH_08566,12,5,1
HH_08567,12,3,2
HH_08568,6,11,0
HH_08569,19,2,1
HH_08570,10,5,2
HH_08571,9,4,0
HH_08572,7,5,0
HH_08573,14,3,1
HH_08574,13,3,2
HH_08575,6,7,0
HH_08576,9,5,1
HH_08577,14,6,0
HH_08578,13,5,2
HH_08579,7,5,1
HH_08580,8,4,3
HH_08581,14,8,1
HH_08582,14,8,2
HH_08583,15,9,0
HH_08584,9,4,3
HH_08585,7,5,0
HH_08586,15,3,1
HH_08587,15,8,2
HH_08588,9,2,0
HH_08589,10,6,1
HH_08590,14,6,2
HH_08591,19,7,3
HH_08592,9,1,0
HH_08593,6,13,1
HH_08594,12,4,0
HH_08595,8,3,2
HH_08596,10,1,1
HH_08597,13,9,0
HH_08598,16,6,1
HH_08599,11,5,0
HH_08600,10,5,0
HH_08601,11,4,2
HH_08602,18,5,0
HH_08603,11,3,0
HH_08604,10,2,0
HH_08605,18,5,1
HH_08606,11,7,1
HH_08607,7,6,4
HH_08608,7,4,0
HH_08609,17,7,0
HH_08610,10,4,2
HH_08611,12,6,0
HH_08612,20,5,0
HH_08613,19,5,3
HH_08614,13,3,1
HH_08615,9,10,0
HH_08616,18,4,0
HH_08617,11,3,2
HH_08618,8,5,3
HH_08619,12,6,1
HH_08620,10,4,0
HH_08621,13,4,1
HH_08622,7,6,2
HH_08623,12,7,1
HH_08624,16,3,1
HH_08625,8,3,2
HH_08626,14,2,2
HH_08627,13,2,2
HH_08628,11,5,0
HH_08629,8,4,4
HH_08630,9,5,1
HH_08631,8,6,1
HH_08632,9,6,0
HH_08633,10,5,0
HH_08634,16,5,1
HH_08635,12,7,1
HH_08636,16,4,2
HH_08637,11,6,2
HH_08638,16,7,0
HH_08639,14,4,3
HH_08640,10,4,3
HH_08641,7,12,1
HH_08642,7,3,1
HH_08643,14,3,1
HH_08644,19,2,1
HH_08645,17,3,0
HH_08646,13,6,2
HH_08647,8,5,1
HH_08648,11,7,1
HH_08649,16,5,0
HH_08650,12,7,0
HH_08651,13,7,1
HH_08652,18,5,2
HH_08653,11,3,0
HH_08654,15,9,0
HH_08655,15,2,1
HH_08656,9,8,2
HH_08657,13,3,1
HH_08658,7,7,2
HH_08659,10,0,1
HH_08660,12,6,0
HH_08661,10,5,1
HH_08662,9,6,1
HH_08663,11,3,1
HH_08664,12,5,1
HH_08665,11,8,0
HH_08666,17,3,1
HH_08667,17,6,0
HH_08668,13,6,0
HH_08669,9,5,0
HH_08670,12,5,1
HH_08671,10,1,2
HH_08672,12,4,0
HH_08673,5,6,1
HH_08674,17,9,3
HH_08675,13,3,2
HH_08676,18,4,2
HH_08677,16,1,0
HH_08678,15,4,2
HH_08679,7,5,1
HH_08680,12,2,1
HH_08681,19,3,0
HH_08682,10,6,0
HH_08683,13,4,3
HH_08684,17,5,1
HH_08685,8,7,2
HH_08686,8,4,1
HH_08687,16,3,2
HH_08688,10,2,0
HH_08689,12,3,2
HH_08690,10,1,1
HH_08691,15,17,0
HH_08692,20,10,1
HH_08693,6,3,2
HH_08694,10,7,1
HH_08695,13,5,1
HH_08696,9,4,0
HH_08697,12,2,0
HH_08698,16,6,1
HH_08699,12,5,1
HH_08700,6,3,0
HH_08701,7,7,2
HH_08702,10,10,0
HH_08703,13,5,0
HH_08704,9,3,0
HH_08705,14,7,2
HH_08706,17,6,0
HH_08707,11,3,1
HH_08708,7,4,1
HH_08709,15,5,0
HH_08710,8,4,2
HH_08711,18,3,2
HH_08712,15,2,2
HH_08713,7,6,0
HH_08714,14,4,0
HH_08715,11,6,0
HH_08716,12,5,0
HH_08717,8,6,0
HH_08718,15,2,0
HH_08719,11,6,0
HH_08720,12,6,2
HH_08721,12,6,2
HH_08722,13,7,0
HH_08723,6,2,3
HH_08724,14,2,1
HH_08725,16,5,0
HH_08726,9,6,1
HH_08727,11,3,0
HH_08728,17,6,2
HH_08729,13,3,1
HH_08730,17,5,0
HH_08731,10,5,0
HH_08732,10,6,2
HH_08733,19,5,0
HH_08734,21,7,1
HH_08735,11,7,1
HH_08736,10,6,4
HH_08737,8,6,0
HH_08738,16,7,2
HH_08739,14,4,1
HH_08740,11,3,1
HH_08741,6,6,1
HH_08742,12,3,1
HH_08743,13,8,0
HH_08744,6,6,1
HH_08745,14,2,2
HH_08746,6,7,0
HH_08747,7,9,4
HH_08748,9,2,1
HH_08749,16,7,2
HH_08750,11,8,1
HH_08751,11,6,0
HH_08752,14,11,2
HH_08753,8,5,1
HH_08754,10,3,2
HH_08755,16,2,0
HH_08756,12,7,2
HH_08757,15,3,1
HH_08758,10,3,1
HH_08759,7,7,4
HH_08760,14,2,1
HH_08761,9,7,2
HH_08762,9,2,0
HH_08763,15,3,1
HH_08764,10,1,1
HH_08765,9,6,0
HH_08766,7,6,1
HH_08767,13,6,2
HH_08768,14,0,0
HH_08769,20,4,2
HH_08770,7,3,1
HH_08771,12,7,0
HH_08772,12,8,0
HH_08773,10,5,2
HH_08774,12,8,1
HH_08775,14,4,1
HH_08776,18,7,0
HH_08777,16,6,1
HH_08778,15,4,1
HH_08779,13,4,2
HH_08780,10,3,0
HH_08781,17,4,2
HH_08782,15,4,1
HH_08783,13,5,1
HH_08784,12,5,0
HH_08785,11,6,0
HH_08786,10,3,0
HH_08787,9,7,2
HH_08788,11,5,2
HH_08789,5,2,0
HH_08790,16,5,0
HH_08791,16,4,0
HH_08792,9,3,1
HH_08793,14,5,1
HH_08794,9,6,0
HH_08795,14,10,1
HH_08796,13,8,2
HH_08797,6,2,0
HH_08798,18,5,0
HH_08799,12,4,3
HH_08800,14,8,0
HH_08801,16,4,1
HH_08802,14,5,0
HH_08803,7,5,1
HH_08804,16,8,1
HH_08805,13,7,0
HH_08806,18,4,1
HH_08807,15,7,2
HH_08808,7,3,0
HH_08809,15,3,1
HH_08810,7,3,1
HH_08811,9,6,0
HH_08812,7,6,0
HH_08813,6,2,1
HH_08814,12,2,2
HH_08815,15,5,1
HH_08816,7,2,0
HH_08817,15,2,0
HH_08818,17,4,0
HH_08819,13,6,2
HH_08820,10,3,1
HH_08821,10,6,2
HH_08822,12,4,1
HH_08823,10,5,0
HH_08824,7,7,1
HH_08825,13,6,0
HH_08826,12,5,0
HH_08827,8,2,1
HH_08828,17,3,1
HH_08829,14,3,1
HH_08830,10,3,0
HH_08831,10,3,0
HH_08832,12,7,0
HH_08833,12,7,1
HH_08834,12,6,0
HH_08835,16,7,0
HH_08836,7,2,2
HH_08837,15,4,0
HH_08838,13,7,1
HH_08839,8,3,0
HH_08840,14,4,0
HH_08841,18,7,1
HH_08842,14,6,2
HH_08843,12,5,0
HH_08844,16,4,2
HH_08845,15,9,1
HH_08846,9,8,0
HH_08847,11,5,0
HH_08848,10,4,2
HH_08849,3,6,1
HH_08850,9,5,1
HH_08851,17,5,1
HH_08852,13,4,1
HH_08853,4,3,1
HH_08854,14,2,0
HH_08855,15,7,0
HH_08856,9,8,0
HH_08857,13,2,0
HH_08858,20,8,3
HH_08859,9,7,2
HH_08860,11,8,1
HH_08861,12,6,1
HH_08862,15,3,1
HH_08863,12,5,2
HH_08864,9,4,2
HH_08865,18,4,2
HH_08866,12,6,0
HH_08867,8,8,1
HH_08868,10,4,3
HH_08869,12,8,2
HH_08870,7,5,1
HH_08871,10,4,2
HH_08872,16,6,1
HH_08873,9,7,0
HH_08874,18,9,2
HH_08875,11,5,0
HH_08876,12,4,0
HH_08877,13,1,0
HH_08878,16,2,1
HH_08879,13,7,0
HH_08880,7,3,2
HH_08881,9,3,2
HH_08882,4,6,1
HH_08883,17,2,0
HH_08884,13,5,3
HH_08885,16,5,2
HH_08886,10,4,1
HH_08887,10,4,2
HH_08888,13,0,3
HH_08889,9,5,2
HH_08890,11,5,0
HH_08891,12,1,1
HH_08892,14,7,1
HH_08893,16,4,1
HH_08894,7,6,2
HH_08895,11,6,0
HH_08896,14,5,2
HH_08897,11,7,1
HH_08898,13,3,2
HH_08899,18,6,1
HH_08900,10,6,1
HH_08901,6,4,1
HH_08902,12,6,1
HH_08903,8,8,2
HH_08904,7,6,0
HH_08905,13,2,2
HH_08906,10,12,1
HH_08907,7,3,2
HH_08908,10,3,1
HH_08909,13,6,1
HH_08910,8,5,1
HH_08911,14,5,1
HH_08912,8,5,5
HH_08913,8,1,0
HH_08914,13,4,3
HH_08915,6,8,1
HH_08916,12,5,2
HH_08917,14,11,2
HH_08918,8,4,2
HH_08919,13,8,1
HH_08920,11,4,0
HH_08921,13,4,1
HH_08922,14,7,1
HH_08923,11,5,1
HH_08924,7,7,0
HH_08925,6,3,1
HH_08926,21,8,2
HH_08927,12,11,0
HH_08928,12,8,2
HH_08929,11,3,4
HH_08930,9,10,2
HH_08931,10,5,2
HH_08932,9,3,1
HH_08933,11,7,2
HH_08934,13,3,1
HH_08935,14,9,3
HH_08936,16,4,0
HH_08937,14,6,1
HH_08938,9,6,2
HH_08939,11,3,1
HH_08940,11,6,0
HH_08941,9,8,1
HH_08942,10,7,0
HH_08943,14,2,3
HH_08944,12,9,1
HH_08945,11,6,1
HH_08946,13,8,1
HH_08947,14,5,2
HH_08948,9,4,2
HH_08949,8,5,0
HH_08950,13,1,2
HH_08951,14,6,1
HH_08952,16,5,3
HH_08953,13,4,0
HH_08954,8,2,1
HH_08955,9,3,2
HH_08956,10,6,0
HH_08957,11,6,1
HH_08958,18,5,1
HH_08959,10,4,2
HH_08960,19,4,3
HH_08961,13,9,0
HH_08962,14,2,2
HH_08963,12,2,0
HH_08964,13,5,0
HH_08965,18,5,2
HH_08966,9,0,0
HH_08967,12,8,2
HH_08968,12,6,0
HH_08969,9,2,4
HH_08970,13,7,1
HH_08971,11,4,0
HH_08972,8,3,2
HH_08973,16,6,1
HH_08974,6,6,2
HH_08975,18,6,2
HH_08976,10,4,1
HH_08977,14,6,1
HH_08978,10,3,0
HH_08979,8,2,1
HH_08980,11,4,3
HH_08981,10,6,0
HH_08982,16,2,3
HH_08983,11,6,2
HH_08984,14,2,0
HH_08985,11,1,2
HH_08986,14,6,0
HH_08987,13,3,2
HH_08988,3,9,3
HH_08989,8,2,0
HH_08990,15,8,0
HH_08991,15,6,2
HH_08992,9,4,2
HH_08993,14,5,1
HH_08994,15,7,1
HH_08995,11,6,2
HH_08996,8,3,2
HH_08997,8,4,3
HH_08998,8,6,0
HH_08999,17,6,0
HH_09000,15,4,0
HH_09001,12,3,5
HH_09002,12,5,0
HH_09003,11,5,1
HH_09004,16,2,0
HH_09005,12,6,1
HH_09006,12,0,0
HH_09007,11,8,0
HH_09008,11,6,0
HH_09009,11,2,2
HH_09010,14,2,0
HH_09011,13,10,1
HH_09012,11,4,2
HH_09013,8,5,1
HH_09014,10,2,0
HH_09015,17,4,0
HH_09016,12,4,0
HH_09017,12,5,1
HH_09018,13,6,0
HH_09019,12,0,0
HH_09020,12,5,2
HH_09021,7,5,1
HH_09022,11,4,0
HH_09023,13,6,0
HH_09024,13,8,0
HH_09025,17,5,1
HH_09026,12,3,1
HH_09027,9,5,2
HH_09028,10,5,0
HH_09029,8,4,0
HH_09030,12,5,0
HH_09031,12,6,0
HH_09032,13,4,3
HH_09033,12,4,1
HH_09034,15,6,0
HH_09035,5,10,2
HH_09036,17,4,1
HH_09037,13,8,1
HH_09038,11,2,1
HH_09039,8,5,0
HH_09040,9,4,2
HH_09041,15,4,4
HH_09042,14,3,2
HH_09043,8,5,1
HH_09044,12,4,0
HH_09045,13,2,0
HH_09046,10,4,2
HH_09047,8,5,2
HH_09048,12,2,2
HH_09049,11,5,1
HH_09050,14,6,1
HH_09051,9,3,0
HH_09052,17,1,0
HH_09053,12,4,1
HH_09054,14,3,0
HH_09055,15,4,0
HH_09056,7,4,1
HH_09057,11,3,0
HH_09058,13,3,0
HH_09059,12,7,4
HH_09060,11,5,1
HH_09061,12,2,0
HH_09062,10,4,1
HH_09063,17,2,1
HH_09064,7,2,0
HH_09065,12,3,0
HH_09066,14,4,0
HH_09067,15,1,0
HH_09068,8,6,3
HH_09069,11,3,1
HH_09070,5,4,1
HH_09071,12,6,0
HH_09072,13,8,0
HH_09073,11,3,1
HH_09074,7,2,0
HH_09075,15,2,3
HH_09076,13,3,2
HH_09077,16,2,1
HH_09078,9,6,2
HH_09079,9,1,2
HH_09080,12,5,0
HH_09081,7,8,1
HH_09082,8,5,0
HH_09083,15,7,1
HH_09084,10,4,1
HH_09085,16,5,1
HH_09086,15,4,1
HH_09087,8,6,2
HH_09088,12,2,1
HH_09089,10,7,1
HH_09090,9,8,0
HH_09091,7,7,0
HH_09092,11,4,3
HH_09093,12,3,0
HH_09094,11,8,0
HH_09095,12,3,0
HH_09096,20,8,2
HH_09097,11,5,1
HH_09098,9,3,1
HH_09099,8,4,2
HH_09100,12,6,0
HH_09101,14,5,1
HH_09102,11,1,0
HH_09103,11,10,0
HH_09104,15,2,3
HH_09105,12,2,1
HH_09106,11,7,0
HH_09107,14,6,2
HH_09108,13,10,0
HH_09109,19,9,0
HH_09110,18,3,0
HH_09111,19,4,0
HH_09112,4,7,1
HH_09113,15,7,1
HH_09114,11,7,2
HH_09115,14,5,3
HH_09116,12,7,2
HH_09117,12,3,1
HH_09118,12,7,0
HH_09119,12,8,0
HH_09120,12,1,4
HH_09121,12,6,1
HH_09122,15,9,1
HH_09123,14,5,0
HH_09124,11,3,2
HH_09125,18,6,0
HH_09126,13,6,3
HH_09127,13,2,1
HH_09128,13,4,0
HH_09129,17,7,0
HH_09130,12,4,2
HH_09131,5,3,0
HH_09132,16,8,0
HH_09133,13,3,1
HH_09134,12,8,1
HH_09135,13,5,2
HH_09136,14,8,1
HH_09137,7,2,1
HH_09138,9,5,3
HH_09139,14,6,0
HH_09140,14,7,3
HH_09141,13,4,2
HH_09142,14,6,1
HH_09143,10,9,0
HH_09144,9,8,1
HH_09145,16,6,2
HH_09146,12,5,2
HH_09147,16,4,1
HH_09148,13,3,1
HH_09149,5,3,3
HH_09150,18,4,1
HH_09151,13,9,0
HH_09152,14,6,1
HH_09153,7,1,0
HH_09154,13,3,0
HH_09155,12,4,0
HH_09156,16,6,1
HH_09157,9,9,0
HH_09158,9,2,2
HH_09159,9,8,1
HH_09160,6,7,2
HH_09161,12,2,2
HH_09162,12,6,1
HH_09163,8,6,0
HH_09164,12,2,1
HH_09165,14,5,1
HH_09166,10,5,1
HH_09167,11,1,2
HH_09168,14,8,1
HH_09169,17,7,0
HH_09170,10,6,2
HH_09171,13,5,4
HH_09172,10,3,1
HH_09173,12,5,3
HH_09174,19,3,0
HH_09175,9,7,1
HH_09176,13,6,2
HH_09177,11,6,1
HH_09178,10,5,0
HH_09179,12,7,2
HH_09180,10,2,2
HH_09181,10,5,3
HH_09182,9,7,2
HH_09183,13,5,2
HH_09184,10,3,2
HH_09185,13,4,2
HH_09186,11,4,0
HH_09187,14,4,2
HH_09188,16,4,0
HH_09189,11,4,1
HH_09190,14,5,1
HH_09191,11,2,0
HH_09192,20,7,0
HH_09193,21,7,0
HH_09194,18,3,0
HH_09195,11,3,0
HH_09196,13,1,1
HH_09197,19,2,0
HH_09198,16,3,0
HH_09199,13,9,2
HH_09200,16,4,0
HH_09201,8,5,0
HH_09202,12,2,0
HH_09203,12,8,0
HH_09204,10,8,2
HH_09205,4,2,1
HH_09206,14,8,2
HH_09207,9,5,0
HH_09208,12,6,0
HH_09209,12,4,2
HH_09210,19,7,1
HH_09211,16,2,0
HH_09212,13,2,0
HH_09213,16,8,1
HH_09214,9,6,0
HH_09215,9,4,1
HH_09216,15,6,0
HH_09217,11,5,0
HH_09218,14,5,1
HH_09219,13,7,0
HH_09220,12,5,1
HH_09221,12,4,1
HH_09222,7,3,0
HH_09223,13,5,1
HH_09224,15,11,0
HH_09225,10,3,1
HH_09226,12,7,0
HH_09227,5,7,0
HH_09228,15,3,1
HH_09229,10,8,1
HH_09230,12,0,1
HH_09231,5,8,0
HH_09232,8,2,0
HH_09233,7,3,2
HH_09234,10,4,1
HH_09235,8,7,0
HH_09236,9,4,1
HH_09237,14,10,2
HH_09238,18,3,1
HH_09239,14,6,1
HH_09240,12,3,1
HH_09241,9,3,2
HH_09242,18,8,1
HH_09243,9,8,0
HH_09244,14,7,1
HH_09245,5,4,1
HH_09246,12,7,0
HH_09247,12,5,2
HH_09248,14,5,0
HH_09249,10,6,0
HH_09250,9,3,1
HH_09251,12,3,1
HH_09252,14,10,1
HH_09253,12,2,1
HH_09254,16,2,0
HH_09255,11,4,0
HH_09256,18,6,1
HH_09257,10,4,0
HH_09258,9,5,0
HH_09259,8,4,1
HH_09260,11,3,1
HH_09261,12,2,1
HH_09262,8,7,3
HH_09263,13,9,0
HH_09264,7,9,1
HH_09265,13,2,1
HH_09266,5,4,1
HH_09267,21,5,0
HH_09268,11,5,0
HH_09269,8,4,1
HH_09270,15,5,1
HH_09271,9,5,2
HH_09272,15,8,1
HH_09273,9,5,1
HH_09274,17,5,1
HH_09275,15,5,1
HH_09276,8,5,0
HH_09277,10,8,0
HH_09278,7,5,0
HH_09279,12,6,1
HH_09280,7,6,0
HH_09281,8,4,1
HH_09282,18,9,0
HH_09283,12,9,2
HH_09284,12,11,1
HH_09285,11,6,1
HH_09286,11,2,1
HH_09287,7,5,2
HH_09288,6,6,1
HH_09289,13,3,1
HH_09290,9,4,0
HH_09291,12,3,0
HH_09292,16,8,1
HH_09293,15,9,2
HH_09294,23,7,1
HH_09295,10,7,1
HH_09296,10,4,2
HH_09297,12,7,4
HH_09298,15,2,1
HH_09299,10,4,0
HH_09300,10,6,1
HH_09301,10,7,2
HH_09302,17,6,0
HH_09303,11,5,1
HH_09304,11,6,3
HH_09305,11,6,0
HH_09306,10,5,2
HH_09307,12,7,3
HH_09308,20,4,1
HH_09309,10,1,0
HH_09310,13,8,2
HH_09311,10,3,0
HH_09312,8,4,2
HH_09313,11,10,0
HH_09314,7,10,2
HH_09315,13,5,1
HH_09316,7,2,1
HH_09317,10,5,2
HH_09318,12,7,1
HH_09319,16,8,1
HH_09320,5,11,0
HH_09321,9,6,0
HH_09322,11,3,1
HH_09323,10,2,1
HH_09324,13,8,1
HH_09325,16,2,2
HH_09326,15,4,0
HH_09327,11,9,2
HH_09328,12,2,1
HH_09329,7,4,0
HH_09330,17,5,0
HH_09331,12,3,0
HH_09332,17,3,2
HH_09333,17,4,0
HH_09334,9,8,0
HH_09335,9,3,2
HH_09336,11,3,4
HH_09337,13,6,1
HH_09338,8,4,1
HH_09339,12,7,0
HH_09340,10,4,2
HH_09341,5,4,1
HH_09342,10,6,1
HH_09343,4,7,1
HH_09344,17,5,2
HH_09345,14,8,2
HH_09346,13,5,1
HH_09347,13,4,1
HH_09348,13,3,1
HH_09349,11,7,2
HH_09350,6,6,3
HH_09351,15,5,1
HH_09352,10,5,1
HH_09353,11,6,1
HH_09354,12,1,1
HH_09355,10,5,0
HH_09356,13,2,4
HH_09357,18,8,1
HH_09358,10,5,1
HH_09359,12,6,0
HH_09360,13,6,1
HH_09361,11,5,3
HH_09362,13,7,0
HH_09363,15,10,0
HH_09364,12,6,0
HH_09365,8,4,1
HH_09366,10,0,2
HH_09367,12,3,1
HH_09368,13,3,3
HH_09369,11,5,1
HH_09370,9,3,2
HH_09371,16,3,2
HH_09372,15,5,0
HH_09373,8,2,0
HH_09374,8,5,0
HH_09375,9,3,2
HH_09376,9,7,2
HH_09377,7,6,2
HH_09378,10,6,0
HH_09379,10,2,2
HH_09380,11,2,1
HH_09381,17,5,1
HH_09382,16,2,1
HH_09383,10,9,1
HH_09384,14,3,0
HH_09385,14,7,1
HH_09386,10,5,0
HH_09387,14,5,2
HH_09388,8,6,1
HH_09389,18,4,1
HH_09390,9,5,0
HH_09391,15,3,2
HH_09392,6,3,1
HH_09393,14,6,2
HH_09394,15,3,0
HH_09395,13,1,2
HH_09396,14,7,1
HH_09397,23,3,3
HH_09398,10,5,0
HH_09399,9,3,1
HH_09400,14,9,1
HH_09401,5,6,1
HH_09402,13,2,3
HH_09403,12,4,1
HH_09404,13,10,3
HH_09405,8,3,1
HH_09406,8,3,0
HH_09407,17,8,1
HH_09408,12,5,0
HH_09409,11,5,3
HH_09410,18,4,0
HH_09411,12,4,1
HH_09412,20,4,0
HH_09413,16,4,1
HH_09414,15,6,0
HH_09415,13,3,0
HH_09416,11,5,5
HH_09417,13,10,1
HH_09418,11,3,1
HH_09419,12,2,0
HH_09420,13,8,1
HH_09421,4,1,0
HH_09422,13,5,1
HH_09423,15,3,2
HH_09424,8,6,2
HH_09425,12,4,3
HH_09426,13,2,0
HH_09427,15,9,1
HH_09428,17,4,1
HH_09429,13,4,1
HH_09430,9,5,1
HH_09431,10,6,1
HH_09432,12,5,0
HH_09433,11,8,1
HH_09434,7,5,1
HH_09435,12,5,0
HH_09436,10,7,1
HH_09437,12,5,1
HH_09438,15,7,0
HH_09439,9,1,1
HH_09440,11,8,0
HH_09441,11,1,0
HH_09442,19,4,1
HH_09443,9,9,1
HH_09444,7,7,1
HH_09445,14,15,0
HH_09446,7,7,1
HH_09447,16,4,1
HH_09448,13,7,4
HH_09449,16,7,2
HH_09450,12,3,0
HH_09451,11,6,1
HH_09452,12,8,2
HH_09453,12,5,3
HH_09454,8,7,0
HH_09455,10,5,1
HH_09456,11,6,0
HH_09457,11,7,1
HH_09458,17,9,0
HH_09459,11,7,2
HH_09460,19,10,1
HH_09461,13,6,1
HH_09462,10,7,0
HH_09463,10,2,1
HH_09464,10,5,0
HH_09465,22,6,1
HH_09466,9,5,1
HH_09467,10,5,1
HH_09468,18,6,0
HH_09469,11,6,1
HH_09470,17,3,1
HH_09471,19,6,1
HH_09472,12,6,0
HH_09473,18,7,1
HH_09474,8,6,1
HH_09475,15,5,1
HH_09476,12,3,2
HH_09477,7,5,0
HH_09478,13,7,2
HH_09479,16,6,3
HH_09480,10,10,2
HH_09481,8,2,0
HH_09482,12,5,1
HH_09483,8,2,1
HH_09484,13,8,0
HH_09485,12,6,0
HH_09486,11,6,0
HH_09487,10,5,0
HH_09488,9,1,1
HH_09489,14,4,3
HH_09490,11,2,2
HH_09491,7,4,0
HH_09492,12,2,1
HH_09493,16,5,1
HH_09494,15,3,1
HH_09495,13,3,0
HH_09496,11,8,1
HH_09497,9,3,1
HH_09498,15,3,4
HH_09499,21,2,0
HH_09500,16,3,0
HH_09501,9,1,2
HH_09502,11,5,5
HH_09503,10,8,0
HH_09504,16,4,1
HH_09505,18,4,0
HH_09506,7,4,3
HH_09507,15,5,0
HH_09508,13,2,1
HH_09509,12,6,0
HH_09510,16,3,1
HH_09511,11,4,1
HH_09512,15,6,1
HH_09513,17,5,1
HH_09514,8,5,2
HH_09515,11,8,2
HH_09516,4,5,1
HH_09517,15,4,0
HH_09518,11,6,0
HH_09519,11,2,1
HH_09520,7,4,0
HH_09521,10,9,2
HH_09522,14,5,0
HH_09523,12,5,0
HH_09524,13,4,1
HH_09525,8,3,1
HH_09526,12,1,1
HH_09527,18,11,1
HH_09528,10,3,1
HH_09529,7,3,0
HH_09530,12,6,1
HH_09531,10,3,0
HH_09532,10,7,3
HH_09533,10,4,1
HH_09534,11,2,1
HH_09535,9,6,1
HH_09536,11,5,1
HH_09537,15,7,1
HH_09538,10,4,3
HH_09539,6,3,0
HH_09540,10,8,0
HH_09541,12,2,0
HH_09542,12,5,0
HH_09543,14,6,0
HH_09544,15,4,2
HH_09545,20,6,2
HH_09546,11,4,0
HH_09547,13,3,0
HH_09548,10,5,0
HH_09549,8,6,0
HH_09550,11,3,1
HH_09551,12,4,2
HH_09552,17,6,0
HH_09553,15,5,1
HH_09554,16,3,2
HH_09555,10,1,1
HH_09556,17,2,1
HH_09557,9,1,1
HH_09558,10,7,1
HH_09559,18,5,1
HH_09560,13,5,3
HH_09561,12,6,2
HH_09562,7,5,1
HH_09563,12,6,0
HH_09564,9,7,0
HH_09565,13,3,1
HH_09566,14,6,1
HH_09567,15,3,1
HH_09568,12,5,0
HH_09569,13,6,0
HH_09570,10,7,1
HH_09571,3,4,0
HH_09572,13,6,1
HH_09573,11,5,0
HH_09574,17,4,1
HH_09575,12,8,1
HH_09576,6,4,1
HH_09577,12,7,2
HH_09578,14,4,0
HH_09579,13,7,3
HH_09580,10,5,0
HH_09581,11,4,2
HH_09582,6,2,0
HH_09583,21,7,0
HH_09584,12,7,1
HH_09585,13,7,1
HH_09586,15,2,2
HH_09587,15,10,0
HH_09588,14,7,1
HH_09589,13,5,2
HH_09590,12,4,2
HH_09591,13,6,0
HH_09592,12,9,0
HH_09593,5,8,0
HH_09594,7,4,2
HH_09595,12,6,0
HH_09596,15,2,1
HH_09597,19,7,1
HH_09598,12,5,1
HH_09599,14,6,0
HH_09600,12,5,0
HH_09601,8,7,0
HH_09602,6,5,2
HH_09603,17,4,1
HH_09604,14,5,1
HH_09605,13,6,0
HH_09606,6,9,1
HH_09607,13,2,0
HH_09608,12,8,0
HH_09609,4,4,2
HH_09610,12,3,2
HH_09611,8,5,0
HH_09612,11,2,2
HH_09613,9,3,2
HH_09614,13,6,1
HH_09615,8,4,1
HH_09616,5,7,2
HH_09617,11,12,1
HH_09618,13,8,0
HH_09619,7,3,1
HH_09620,13,4,2
HH_09621,12,5,0
HH_09622,13,5,2
HH_09623,14,10,0
HH_09624,12,6,1
HH_09625,18,8,2
HH_09626,16,5,1
HH_09627,14,1,2
HH_09628,13,4,3
HH_09629,15,12,3
HH_09630,9,5,0
HH_09631,13,5,0
HH_09632,12,1,0
HH_09633,19,6,0
HH_09634,9,6,3
HH_09635,10,1,0
HH_09636,7,4,3
HH_09637,13,2,0
HH_09638,11,4,1
HH_09639,12,12,0
HH_09640,14,10,0
HH_09641,9,1,1
HH_09642,15,5,0
HH_09643,14,2,1
HH_09644,22,9,1
HH_09645,11,7,1
HH_09646,13,6,1
HH_09647,11,8,0
HH_09648,11,5,1
HH_09649,15,5,1
HH_09650,7,5,1
HH_09651,10,8,1
HH_09652,9,6,1
HH_09653,13,5,0
HH_09654,8,6,0
HH_09655,15,3,1
HH_09656,16,5,0
HH_09657,13,2,2
HH_09658,8,3,1
HH_09659,17,7,2
HH_09660,12,4,0
HH_09661,15,6,0
HH_09662,14,5,0
HH_09663,14,3,1
HH_09664,11,3,1
HH_09665,9,10,1
HH_09666,9,9,4
HH_09667,15,6,2
HH_09668,9,5,1
HH_09669,14,2,1
HH_09670,8,3,1
HH_09671,9,3,1
HH_09672,16,13,1
HH_09673,10,4,3
HH_09674,12,0,0
HH_09675,18,13,1
HH_09676,12,6,0
HH_09677,16,6,0
HH_09678,16,3,2
HH_09679,11,3,0
HH_09680,12,9,0
HH_09681,10,4,1
HH_09682,17,4,1
HH_09683,11,8,1
HH_09684,11,8,0
HH_09685,10,5,0
HH_09686,14,10,1
HH_09687,12,5,3
HH_09688,15,5,1
HH_09689,8,7,3
HH_09690,15,2,1
HH_09691,8,3,1
HH_09692,11,3,3
HH_09693,10,5,1
HH_09694,12,1,1
HH_09695,12,6,2
HH_09696,7,6,2
HH_09697,13,3,3
HH_09698,14,7,3
HH_09699,11,6,1
HH_09700,16,3,0
HH_09701,12,6,0
HH_09702,13,2,0
HH_09703,13,7,0
HH_09704,12,3,1
HH_09705,12,1,2
HH_09706,15,6,2
HH_09707,13,4,0
HH_09708,11,7,2
HH_09709,7,6,3
HH_09710,8,6,1
HH_09711,7,4,1
HH_09712,17,6,0
HH_09713,14,2,2
HH_09714,14,5,0
HH_09715,16,5,0
HH_09716,9,3,3
HH_09717,14,3,0
HH_09718,8,9,1
HH_09719,12,2,0
HH_09720,15,4,2
HH_09721,11,7,0
HH_09722,15,3,0
HH_09723,17,7,1
HH_09724,15,2,3
HH_09725,11,1,0
HH_09726,12,3,3
HH_09727,12,2,2
HH_09728,12,5,2
HH_09729,16,3,0
HH_09730,12,4,2
HH_09731,12,5,0
HH_09732,14,5,1
HH_09733,9,2,2
HH_09734,7,6,1
HH_09735,17,4,1
HH_09736,12,8,0
HH_09737,16,7,1
HH_09738,12,3,2
HH_09739,8,5,1
HH_09740,16,8,0
HH_09741,15,10,1
HH_09742,5,6,2
HH_09743,19,3,0
HH_09744,12,3,2
HH_09745,14,2,2
HH_09746,17,3,0
HH_09747,10,6,2
HH_09748,17,6,2
HH_09749,9,6,0
HH_09750,13,4,2
HH_09751,13,4,1
HH_09752,22,6,1
HH_09753,12,5,0
HH_09754,6,6,0
HH_09755,10,5,0
HH_09756,7,6,1
HH_09757,10,9,0
HH_09758,6,3,2
HH_09759,19,3,0
HH_09760,19,5,0
HH_09761,13,4,1
HH_09762,14,3,1
HH_09763,10,5,3
HH_09764,6,2,0
HH_09765,12,4,0
HH_09766,13,6,0
HH_09767,8,4,0
HH_09768,12,7,0
HH_09769,12,3,0
HH_09770,6,3,1
HH_09771,9,3,0
HH_09772,15,5,0
HH_09773,8,5,1
HH_09774,13,5,2
HH_09775,12,4,1
HH_09776,10,8,0
HH_09777,11,4,0
HH_09778,10,6,1
HH_09779,14,9,1
HH_09780,13,5,1
HH_09781,13,4,1
HH_09782,10,6,3
HH_09783,12,2,0
HH_09784,10,3,0
HH_09785,11,2,2
HH_09786,11,3,1
HH_09787,5,6,0
HH_09788,12,2,1
HH_09789,17,1,1
HH_09790,13,7,0
HH_09791,6,5,0
HH_09792,12,5,0
HH_09793,13,1,3
HH_09794,13,3,0
HH_09795,16,1,1
HH_09796,13,4,0
HH_09797,9,10,2
HH_09798,18,4,1
HH_09799,12,9,1
HH_09800,13,7,1
HH_09801,9,5,1
HH_09802,15,14,4
HH_09803,14,4,2
HH_09804,13,3,0
HH_09805,13,3,0
HH_09806,9,3,2
HH_09807,14,1,0
HH_09808,10,7,1
HH_09809,14,4,0
HH_09810,11,6,1
HH_09811,13,8,1
HH_09812,9,3,0
HH_09813,16,4,2
HH_09814,9,6,0
HH_09815,10,5,1
HH_09816,9,6,1
HH_09817,7,9,1
HH_09818,6,3,0
HH_09819,19,4,0
HH_09820,10,7,2
HH_09821,11,5,2
HH_09822,13,1,1
HH_09823,13,4,0
HH_09824,13,9,2
HH_09825,12,4,0
HH_09826,11,8,0
HH_09827,11,5,2
HH_09828,15,6,0
HH_09829,12,4,1
HH_09830,12,7,1
HH_09831,11,3,3
HH_09832,9,6,3
HH_09833,8,3,0
HH_09834,10,4,1
HH_09835,14,7,1
HH_09836,10,8,1
HH_09837,16,1,2
HH_09838,7,7,1
HH_09839,10,2,1
HH_09840,10,3,1
HH_09841,14,7,0
HH_09842,8,5,2
HH_09843,10,5,0
HH_09844,11,4,1
HH_09845,11,7,0
HH_09846,14,2,0
HH_09847,10,2,1
HH_09848,17,6,0
HH_09849,10,9,1
HH_09850,10,3,0
HH_09851,21,5,1
HH_09852,13,6,2
HH_09853,13,6,0
HH_09854,8,3,0
HH_09855,5,6,1
HH_09856,10,3,0
HH_09857,14,10,3
HH_09858,11,6,1
HH_09859,9,7,1
HH_09860,14,4,0
HH_09861,7,3,1
HH_09862,12,4,0
HH_09863,13,4,0
HH_09864,10,8,0
HH_09865,21,7,0
HH_09866,15,6,2
HH_09867,15,3,0
HH_09868,11,3,1
HH_09869,13,6,0
HH_09870,18,7,0
HH_09871,13,5,1
HH_09872,15,7,0
HH_09873,13,8,4
HH_09874,16,7,2
HH_09875,13,6,1
HH_09876,11,6,0
HH_09877,11,5,2
HH_09878,15,2,1
HH_09879,18,5,0
HH_09880,12,5,0
HH_09881,9,2,1
HH_09882,15,3,1
HH_09883,17,6,2
HH_09884,10,5,2
HH_09885,13,6,1
HH_09886,17,5,0
HH_09887,12,6,0
HH_09888,7,6,0
HH_09889,14,4,2
HH_09890,12,7,2
HH_09891,15,3,0
HH_09892,10,8,1
HH_09893,14,7,0
HH_09894,17,4,2
HH_09895,8,2,2
HH_09896,10,0,2
HH_09897,18,7,1
HH_09898,11,10,1
HH_09899,15,4,2
HH_09900,10,1,0
HH_09901,11,5,1
HH_09902,11,3,0
HH_09903,9,3,0
HH_09904,8,4,1
HH_09905,11,6,1
HH_09906,23,5,3
HH_09907,7,5,0
HH_09908,8,7,1
HH_09909,10,2,1
HH_09910,12,5,3
HH_09911,21,4,1
HH_09912,12,5,3
HH_09913,15,7,2
HH_09914,15,5,1
HH_09915,13,3,3
HH_09916,5,3,1
HH_09917,10,3,2
HH_09918,9,4,1
HH_09919,17,4,0
HH_09920,8,2,0
HH_09921,13,2,2
HH_09922,15,8,1
HH_09923,13,7,1
HH_09924,13,4,1
HH_09925,22,3,1
HH_09926,11,5,3
HH_09927,15,4,1
HH_09928,9,4,0
HH_09929,12,5,0
HH_09930,7,4,1
HH_09931,12,4,0
HH_09932,12,7,2
HH_09933,16,4,0
HH_09934,12,6,1
HH_09935,9,8,1
HH_09936,6,5,0
HH_09937,4,3,0
HH_09938,8,5,1
HH_09939,7,4,1
HH_09940,19,3,2
HH_09941,12,5,3
HH_09942,21,4,0
HH_09943,11,1,0
HH_09944,19,5,2
HH_09945,10,1,0
HH_09946,8,6,1
HH_09947,19,4,2
HH_09948,11,7,1
HH_09949,7,6,0
HH_09950,13,1,1
HH_09951,10,6,1
HH_09952,13,10,0
HH_09953,12,7,1
HH_09954,9,6,0
HH_09955,11,2,0
HH_09956,14,5,1
HH_09957,7,3,2
HH_09958,8,8,2
HH_09959,12,9,1
HH_09960,10,9,0
HH_09961,12,4,0
HH_09962,13,3,2
HH_09963,19,6,0
HH_09964,18,6,2
HH_09965,13,5,2
HH_09966,14,5,1
HH_09967,11,3,1
HH_09968,9,4,3
HH_09969,13,4,4
HH_09970,13,3,0
HH_09971,10,1,0
HH_09972,14,2,0
HH_09973,14,7,0
HH_09974,15,6,0
HH_09975,13,1,0
HH_09976,9,6,2
HH_09977,13,5,0
HH_09978,13,3,0
HH_09979,15,6,1
HH_09980,10,5,0
HH_09981,12,5,0
HH_09982,13,4,1
HH_09983,21,5,1
HH_09984,13,3,0
HH_09985,10,8,1
HH_09986,13,5,0
HH_09987,15,2,3
HH_09988,14,5,2
HH_09989,7,6,4
HH_09990,14,8,1
HH_09991,19,4,0
HH_09992,12,3,1
HH_09993,8,3,2
HH_09994,10,7,2
HH_09995,15,8,1
HH_09996,12,4,0
HH_09997,8,9,1
HH_09998,9,5,0
HH_09999,13,6,2
HH_10000,13,6,2
HH_10001,12,5,0
HH_10002,11,5,0
HH_10003,11,8,0
HH_10004,9,4,2
HH_10005,7,5,0
HH_10006,14,3,2
HH_10007,13,5,3
HH_10008,9,2,1
HH_10009,19,2,1
HH_10010,16,8,2
HH_10011,6,8,3
HH_10012,14,5,0
HH_10013,13,7,0
HH_10014,11,1,2
HH_10015,11,6,1
HH_10016,14,4,1
HH_10017,16,11,3
HH_10018,13,5,0
HH_10019,17,7,2
HH_10020,10,3,2
HH_10021,13,7,1
HH_10022,10,5,5
HH_10023,11,4,1
HH_10024,14,5,2
HH_10025,12,9,1
HH_10026,14,1,0
HH_10027,17,4,0
HH_10028,10,2,3
HH_10029,10,7,0
HH_10030,11,6,3
HH_10031,12,5,2
HH_10032,13,7,0
HH_10033,11,2,3
HH_10034,9,4,1
HH_10035,18,5,2
HH_10036,12,7,2
HH_10037,13,5,0
HH_10038,11,5,1
HH_10039,12,6,1
HH_10040,17,5,1
HH_10041,8,5,2
HH_10042,9,6,0
HH_10043,12,4,0
HH_10044,17,5,1
HH_10045,14,3,0
HH_10046,10,5,1
HH_10047,14,6,1
HH_10048,13,9,0
HH_10049,14,2,2
HH_10050,9,5,0
HH_10051,15,7,1
HH_10052,21,6,0
HH_10053,13,5,0
HH_10054,17,7,2
HH_10055,9,2,0
HH_10056,11,4,1
HH_10057,14,6,0
HH_10058,14,1,2
HH_10059,5,5,1
HH_10060,12,6,2
HH_10061,14,10,0
HH_10062,14,4,1
HH_10063,8,6,1
HH_10064,12,6,0
HH_10065,10,7,1
HH_10066,13,16,0
HH_10067,7,5,2
HH_10068,11,7,1
HH_10069,10,3,2
HH_10070,21,9,2
HH_10071,8,5,0
HH_10072,12,6,0
HH_10073,12,8,0
HH_10074,14,5,1
HH_10075,12,11,2
HH_10076,6,4,2
HH_10077,13,2,0
HH_10078,5,0,0
HH_10079,15,2,1
HH_10080,10,4,0
HH_10081,15,4,1
HH_10082,17,1,1
HH_10083,14,7,1
HH_10084,9,0,1
HH_10085,13,3,1
HH_10086,10,7,4
HH_10087,7,7,0
HH_10088,8,7,0
HH_10089,10,8,1
HH_10090,20,5,0
HH_10091,11,5,0
HH_10092,10,9,0
HH_10093,14,3,0
HH_10094,16,5,4
HH_10095,12,6,0
HH_10096,14,3,0
HH_10097,10,4,0
HH_10098,12,3,2
HH_10099,15,3,0
HH_10100,6,6,2
HH_10101,10,5,2
HH_10102,10,10,2
HH_10103,12,5,1
HH_10104,17,7,1
HH_10105,10,4,0
HH_10106,8,4,3
HH_10107,12,3,2
HH_10108,12,4,2
HH_10109,14,4,0
HH_10110,17,3,1
HH_10111,15,6,0
HH_10112,19,14,1
HH_10113,14,6,2
HH_10114,10,5,0
HH_10115,10,4,0
HH_10116,13,7,0
HH_10117,12,4,0
HH_10118,14,3,3
HH_10119,11,5,3
HH_10120,18,3,1
HH_10121,16,4,3
HH_10122,7,7,0
HH_10123,15,4,0
HH_10124,10,4,0
HH_10125,7,5,1
HH_10126,11,5,0
HH_10127,16,4,0
HH_10128,13,10,2
HH_10129,17,4,0
HH_10130,9,3,1
HH_10131,9,5,1
HH_10132,10,4,1
HH_10133,16,5,1
HH_10134,9,10,0
HH_10135,10,4,1
HH_10136,12,3,0
HH_10137,13,5,0
HH_10138,13,2,2
HH_10139,13,7,0
HH_10140,12,5,1
HH_10141,18,6,2
HH_10142,9,3,1
HH_10143,8,2,1
HH_10144,4,10,2
HH_10145,14,2,5
HH_10146,18,5,1
HH_10147,15,9,2
HH_10148,9,7,2
HH_10149,16,7,1
HH_10150,12,6,1
HH_10151,13,4,0
HH_10152,12,7,2
HH_10153,11,6,2
HH_10154,5,4,2
HH_10155,15,3,0
HH_10156,12,4,1
HH_10157,10,5,1
HH_10158,8,6,0
HH_10159,15,4,1
HH_10160,11,2,0
HH_10161,8,5,3
HH_10162,11,7,2
HH_10163,7,5,0
HH_10164,10,7,1
HH_10165,22,3,1
HH_10166,7,2,0
HH_10167,14,5,2
HH_10168,11,6,2
HH_10169,12,4,0
HH_10170,11,5,0
HH_10171,10,6,1
HH_10172,18,5,2
HH_10173,17,4,3
HH_10174,13,6,2
HH_10175,11,3,0
HH_10176,13,6,3
HH_10177,17,7,1
HH_10178,11,9,0
HH_10179,6,0,0
HH_10180,15,4,1
HH_10181,13,1,2
HH_10182,13,5,1
HH_10183,7,4,0
HH_10184,16,2,0
HH_10185,13,2,1
HH_10186,12,9,0
HH_10187,14,5,1
HH_10188,12,5,2
HH_10189,15,8,2
HH_10190,12,9,1
HH_10191,11,2,1
HH_10192,6,6,1
HH_10193,11,4,0
HH_10194,18,2,0
HH_10195,6,2,1
HH_10196,18,5,1
HH_10197,14,6,0
HH_10198,8,5,1
HH_10199,11,3,0
HH_10200,12,4,2
HH_10201,8,6,1
HH_10202,19,3,0
HH_10203,10,8,0
HH_10204,11,5,1
HH_10205,6,2,1
HH_10206,10,7,1
HH_10207,12,8,0
HH_10208,12,4,0
HH_10209,14,5,1
HH_10210,9,2,2
HH_10211,13,2,0
HH_10212,10,5,1
HH_10213,12,3,1
HH_10214,13,6,0
HH_10215,9,6,3
HH_10216,6,6,0
HH_10217,12,1,1
HH_10218,13,8,1
HH_10219,8,4,1
HH_10220,16,5,2
HH_10221,13,5,0
HH_10222,13,6,1
HH_10223,9,4,2
HH_10224,11,5,0
HH_10225,17,7,1
HH_10226,10,7,3
HH_10227,12,2,3
HH_10228,16,2,0
HH_10229,13,4,1
HH_10230,18,8,3
HH_10231,12,1,2
HH_10232,16,3,1
HH_10233,10,5,2
HH_10234,10,2,1
HH_10235,14,10,2
HH_10236,8,3,0
HH_10237,10,5,2
HH_10238,16,5,2
HH_10239,18,2,3
HH_10240,11,4,2
HH_10241,7,3,0
HH_10242,9,3,0
HH_10243,9,6,3
HH_10244,15,4,1
HH_10245,10,4,1
HH_10246,9,3,1
HH_10247,13,3,4
HH_10248,9,4,2
HH_10249,15,4,1
HH_10250,8,3,0
HH_10251,11,5,2
HH_10252,16,3,0
HH_10253,7,3,3
HH_10254,19,9,0
HH_10255,16,2,0
HH_10256,14,4,3
HH_10257,15,9,1
HH_10258,7,4,1
HH_10259,14,4,0
HH_10260,8,1,0
HH_10261,12,8,0
HH_10262,12,2,0
HH_10263,18,8,0
HH_10264,11,5,1
HH_10265,14,7,1
HH_10266,14,9,1
HH_10267,13,5,0
HH_10268,15,4,0
HH_10269,18,6,0
HH_10270,15,3,0
HH_10271,16,6,1
HH_10272,12,5,1
HH_10273,10,4,0
HH_10274,11,3,2
HH_10275,12,8,0
HH_10276,6,5,0
HH_10277,14,8,0
HH_10278,13,5,0
HH_10279,8,4,1
HH_10280,15,6,0
HH_10281,12,5,1
HH_10282,5,4,0
HH_10283,9,4,1
HH_10284,16,2,2
HH_10285,12,1,3
HH_10286,10,2,0
HH_10287,8,4,1
HH_10288,13,10,2
HH_10289,13,2,1
HH_10290,9,6,3
HH_10291,16,1,0
HH_10292,9,4,0
HH_10293,11,4,0
HH_10294,14,6,1
HH_10295,16,3,0
HH_10296,14,6,1
HH_10297,11,8,3
HH_10298,17,8,4
HH_10299,16,3,2
HH_10300,12,4,0
HH_10301,16,4,0
HH_10302,9,5,1
HH_10303,12,5,1
HH_10304,11,4,1
HH_10305,12,3,1
HH_10306,15,2,0
HH_10307,17,4,0
HH_10308,20,6,1
HH_10309,17,4,1
HH_10310,13,4,1
HH_10311,19,7,0
HH_10312,11,4,0
HH_10313,12,3,0
HH_10314,11,1,6
HH_10315,16,8,0
HH_10316,13,6,1
HH_10317,13,5,0
HH_10318,7,6,1
HH_10319,13,5,0
HH_10320,11,5,0
HH_10321,6,4,2
HH_10322,11,5,1
HH_10323,15,8,2
HH_10324,10,4,0
HH_10325,9,8,1
HH_10326,9,2,0
HH_10327,19,9,1
HH_10328,12,9,1
HH_10329,10,6,0
HH_10330,8,3,0
HH_10331,12,8,1
HH_10332,12,1,2
HH_10333,17,3,1
HH_10334,14,3,1
HH_10335,12,6,2
HH_10336,10,3,0
HH_10337,11,4,3
HH_10338,17,4,0
HH_10339,15,3,0
HH_10340,9,6,0
HH_10341,12,4,1
HH_10342,11,1,3
HH_10343,10,7,3
HH_10344,11,2,1
HH_10345,12,5,1
HH_10346,11,4,1
HH_10347,9,3,0
HH_10348,11,1,0
HH_10349,19,3,1
HH_10350,12,2,0
HH_10351,6,3,2
HH_10352,12,5,0
HH_10353,9,3,2
HH_10354,15,3,0
HH_10355,9,4,0
HH_10356,15,5,2
HH_10357,17,2,3
HH_10358,12,9,1
HH_10359,14,3,0
HH_10360,9,3,2
HH_10361,23,5,2
HH_10362,8,7,1
HH_10363,13,5,0
HH_10364,9,3,1
HH_10365,11,7,1
HH_10366,14,5,0
HH_10367,10,4,1
HH_10368,11,2,1
HH_10369,11,3,1
HH_10370,8,8,2
HH_10371,12,7,1
HH_10372,13,4,2
HH_10373,16,7,0
HH_10374,15,7,3
HH_10375,8,3,0
HH_10376,6,6,0
HH_10377,12,3,1
HH_10378,9,3,3
HH_10379,12,6,2
HH_10380,11,4,1
HH_10381,15,6,3
HH_10382,19,6,0
HH_10383,11,6,0
HH_10384,8,4,0
HH_10385,10,5,2
HH_10386,9,4,0
HH_10387,14,4,0
HH_10388,7,2,0
HH_10389,3,4,1
HH_10390,10,3,1
HH_10391,12,1,0
HH_10392,4,3,1
HH_10393,11,7,0
HH_10394,14,5,0
HH_10395,6,4,0
HH_10396,13,7,0
HH_10397,8,6,1
HH_10398,22,2,2
HH_10399,8,6,1
HH_10400,10,6,2
HH_10401,5,8,1
HH_10402,9,6,0
HH_10403,9,5,1
HH_10404,3,8,1
HH_10405,12,7,2
HH_10406,14,7,0
HH_10407,11,3,0
HH_10408,12,6,1
HH_10409,10,3,2
HH_10410,16,4,1
HH_10411,13,9,3
HH_10412,14,1,1
HH_10413,5,6,0
HH_10414,16,3,1
HH_10415,7,4,0
HH_10416,12,9,0
HH_10417,13,7,2
HH_10418,12,4,0
HH_10419,9,8,0
HH_10420,10,4,1
HH_10421,11,7,1
HH_10422,19,3,0
HH_10423,11,7,1
HH_10424,10,2,1
HH_10425,13,3,1
HH_10426,17,7,3
HH_10427,18,5,1
HH_10428,15,5,1
HH_10429,12,7,0
HH_10430,15,5,1
HH_10431,12,3,3
HH_10432,14,4,1
HH_10433,7,5,3
HH_10434,13,4,0
HH_10435,12,6,1
HH_10436,15,2,1
HH_10437,7,3,1
HH_10438,13,5,1
HH_10439,9,4,0
HH_10440,11,3,0
HH_10441,11,8,1
HH_10442,13,3,2
HH_10443,17,6,2
HH_10444,7,7,0
HH_10445,8,3,0
HH_10446,9,6,0
HH_10447,11,6,1
HH_10448,7,3,1
HH_10449,9,8,1
HH_10450,6,7,3
HH_10451,10,7,1
HH_10452,12,7,0
HH_10453,7,8,1
HH_10454,9,3,0
HH_10455,15,7,1
HH_10456,13,4,1
HH_10457,10,6,1
HH_10458,13,1,1
HH_10459,12,2,0
HH_10460,15,1,2
HH_10461,9,5,0
HH_10462,13,10,1
HH_10463,9,3,1
HH_10464,13,5,2
HH_10465,12,2,1
HH_10466,6,9,0
HH_10467,10,4,3
HH_10468,18,6,0
HH_10469,17,7,1
HH_10470,10,3,0
HH_10471,8,4,1
HH_10472,9,3,1
HH_10473,12,8,3
HH_10474,14,4,2
HH_10475,9,4,0
HH_10476,14,5,3
HH_10477,8,8,2
HH_10478,6,4,0
HH_10479,10,5,2
HH_10480,13,3,0
HH_10481,10,4,0
HH_10482,13,7,2
HH_10483,17,4,1
HH_10484,17,4,3
HH_10485,15,6,1
HH_10486,20,3,1
HH_10487,7,4,1
HH_10488,7,7,0
HH_10489,14,9,0
HH_10490,13,5,2
HH_10491,16,5,0
HH_10492,17,4,0
HH_10493,14,6,1
HH_10494,13,6,2
HH_10495,13,3,1
HH_10496,10,8,1
HH_10497,8,3,1
HH_10498,9,8,1
HH_10499,10,8,1
HH_10500,15,3,4
HH_10501,12,3,1
HH_10502,19,8,1
HH_10503,8,5,0
HH_10504,11,11,4
HH_10505,13,6,1
HH_10506,14,4,0
HH_10507,10,4,0
HH_10508,16,7,0
HH_10509,16,1,2
HH_10510,12,4,0
HH_10511,14,7,2
HH_10512,10,10,0
HH_10513,12,4,0
HH_10514,9,5,1
HH_10515,8,5,1
HH_10516,8,5,1
HH_10517,12,2,3
HH_10518,13,2,0
HH_10519,12,6,0
HH_10520,10,2,1
HH_10521,8,4,1
HH_10522,16,3,1
HH_10523,10,4,0
HH_10524,14,3,0
HH_10525,10,7,0
HH_10526,7,6,1
HH_10527,9,11,0
HH_10528,18,4,1
HH_10529,15,3,1
HH_10530,13,1,2
HH_10531,9,8,1
HH_10532,17,10,2
HH_10533,20,4,3
HH_10534,20,5,3
HH_10535,9,4,0
HH_10536,15,4,0
HH_10537,9,4,4
HH_10538,6,3,0
HH_10539,13,4,2
HH_10540,12,1,3
HH_10541,10,5,1
HH_10542,12,4,2
HH_10543,10,5,1
HH_10544,7,5,0
HH_10545,13,5,1
HH_10546,7,6,0
HH_10547,16,4,2
HH_10548,15,6,0
HH_10549,12,9,2
HH_10550,13,3,0
HH_10551,17,6,2
HH_10552,14,7,1
HH_10553,12,8,0
HH_10554,11,5,0
HH_10555,9,4,0
HH_10556,11,5,1
HH_10557,10,4,1
HH_10558,17,5,0
HH_10559,17,1,0
HH_10560,12,6,1
HH_10561,16,3,2
HH_10562,8,4,0
HH_10563,13,5,0
HH_10564,14,8,3
HH_10565,5,6,2
HH_10566,11,9,2
HH_10567,11,7,0
HH_10568,15,5,1
HH_10569,8,6,1
HH_10570,8,13,0
HH_10571,10,3,0
HH_10572,10,7,1
HH_10573,11,6,0
HH_10574,13,3,0
HH_10575,10,4,0
HH_10576,11,11,2
HH_10577,11,5,0
HH_10578,8,2,0
HH_10579,16,7,3
HH_10580,13,5,1
HH_10581,8,2,0
HH_10582,14,5,1
HH_10583,13,5,0
HH_10584,12,7,1
HH_10585,14,4,1
HH_10586,11,7,3
HH_10587,8,7,2
HH_10588,12,8,0
HH_10589,15,3,0
HH_10590,7,6,1
HH_10591,3,3,1
HH_10592,6,7,1
HH_10593,12,7,1
HH_10594,10,3,1
HH_10595,14,4,0
HH_10596,12,10,1
HH_10597,14,10,0
HH_10598,14,2,1
HH_10599,11,5,1
HH_10600,16,6,0
HH_10601,13,4,0
HH_10602,15,5,1
HH_10603,4,10,3
HH_10604,14,4,1
HH_10605,9,6,0
HH_10606,8,6,2
HH_10607,15,3,0
HH_10608,14,3,1
HH_10609,15,8,0
HH_10610,12,6,2
HH_10611,19,10,4
HH_10612,13,2,1
HH_10613,13,7,1
HH_10614,12,7,1
HH_10615,9,7,1
HH_10616,11,8,0
HH_10617,10,4,1
HH_10618,15,7,0
HH_10619,13,7,1
HH_10620,16,4,0
HH_10621,16,3,1
HH_10622,14,13,0
HH_10623,18,6,0
HH_10624,14,6,1
HH_10625,17,4,1
HH_10626,10,8,2
HH_10627,15,7,1
HH_10628,9,6,0
HH_10629,9,7,0
HH_10630,16,7,0
HH_10631,9,7,3
HH_10632,14,6,0
HH_10633,11,3,1
HH_10634,12,9,1
HH_10635,7,3,0
HH_10636,14,7,1
HH_10637,15,6,0
HH_10638,19,4,0
HH_10639,19,5,2
HH_10640,11,4,0
HH_10641,8,2,1
HH_10642,16,2,0
HH_10643,15,3,0
HH_10644,10,7,2
HH_10645,8,4,1
HH_10646,15,3,0
HH_10647,13,5,1
HH_10648,12,3,1
HH_10649,6,3,0
HH_10650,11,2,1
HH_10651,12,2,2
HH_10652,13,2,0
HH_10653,12,2,1
HH_10654,7,5,2
HH_10655,10,6,0
HH_10656,11,7,0
HH_10657,12,4,0
HH_10658,13,4,0
HH_10659,14,1,2
HH_10660,11,4,1
HH_10661,15,6,2
HH_10662,12,6,1
HH_10663,12,8,0
HH_10664,11,4,2
HH_10665,11,4,0
HH_10666,9,4,3
HH_10667,13,3,2
HH_10668,20,2,2
HH_10669,9,6,2
HH_10670,9,3,0
HH_10671,13,2,1
HH_10672,9,5,1
HH_10673,15,8,1
HH_10674,13,2,1
HH_10675,12,2,1
HH_10676,11,3,1
HH_10677,11,7,2
HH_10678,15,7,1
HH_10679,15,6,0
HH_10680,9,2,2
HH_10681,12,4,1
HH_10682,10,6,0
HH_10683,8,6,2
HH_10684,11,6,3
HH_10685,16,9,1
HH_10686,12,6,2
HH_10687,4,2,0
HH_10688,20,3,2
HH_10689,13,7,2
HH_10690,14,3,1
HH_10691,9,5,2
HH_10692,10,1,0
HH_10693,15,8,1
HH_10694,12,6,0
HH_10695,13,5,2
HH_10696,15,5,0
HH_10697,16,4,2
HH_10698,15,5,1
HH_10699,16,5,1
HH_10700,8,3,3
HH_10701,10,7,1
HH_10702,12,2,1
HH_10703,9,6,3
HH_10704,12,4,3
HH_10705,13,4,0
HH_10706,7,6,2
HH_10707,12,4,1
HH_10708,10,9,3
HH_10709,14,3,2
HH_10710,14,6,1
HH_10711,12,8,1
HH_10712,17,6,1
HH_10713,6,5,1
HH_10714,12,6,3
HH_10715,16,4,0
HH_10716,10,5,1
HH_10717,7,8,1
HH_10718,12,10,1
HH_10719,17,4,0
HH_10720,14,7,2
HH_10721,8,6,1
HH_10722,12,3,1
HH_10723,7,5,0
HH_10724,17,3,1
HH_10725,7,9,2
HH_10726,11,3,1
HH_10727,13,4,0
HH_10728,14,8,2
HH_10729,13,3,1
HH_10730,9,7,0
HH_10731,13,4,1
HH_10732,11,3,0
HH_10733,13,3,0
HH_10734,15,3,1
HH_10735,10,7,2
HH_10736,4,5,1
HH_10737,19,4,2
HH_10738,8,3,0
HH_10739,12,9,0
HH_10740,11,1,0
HH_10741,14,4,1
HH_10742,9,5,0
HH_10743,9,5,3
HH_10744,14,5,0
HH_10745,15,3,1
HH_10746,18,1,2
HH_10747,17,3,0
HH_10748,12,3,0
HH_10749,16,6,1
HH_10750,7,5,2
HH_10751,7,3,1
HH_10752,8,3,1
HH_10753,14,5,0
HH_10754,13,6,0
HH_10755,16,6,2
HH_10756,17,3,2
HH_10757,17,6,1
HH_10758,8,6,1
HH_10759,17,5,2
HH_10760,12,6,2
HH_10761,9,6,0
HH_10762,13,2,0
HH_10763,4,6,0
HH_10764,9,8,0
HH_10765,9,4,0
HH_10766,12,4,2
HH_10767,13,5,0
HH_10768,12,3,0
HH_10769,11,0,0
HH_10770,11,6,0
HH_10771,16,6,1
HH_10772,11,5,0
HH_10773,11,3,0
HH_10774,14,10,0
HH_10775,9,6,0
HH_10776,13,7,0
HH_10777,10,5,2
HH_10778,17,3,1
HH_10779,11,4,1
HH_10780,9,3,2
HH_10781,6,8,0
HH_10782,15,8,0
HH_10783,11,2,1
HH_10784,21,5,0
HH_10785,15,5,1
HH_10786,13,1,0
HH_10787,12,1,2
HH_10788,14,6,2
HH_10789,10,8,0
HH_10790,7,9,1
HH_10791,8,7,4
HH_10792,12,9,2
HH_10793,15,6,0
HH_10794,8,6,0
HH_10795,12,4,1
HH_10796,10,6,2
HH_10797,12,6,0
HH_10798,10,8,1
HH_10799,9,3,0
HH_10800,11,0,0
HH_10801,5,4,1
HH_10802,17,6,2
HH_10803,20,2,1
HH_10804,16,6,1
HH_10805,11,9,1
HH_10806,20,3,1
HH_10807,9,6,1
HH_10808,10,5,0
HH_10809,12,6,2
HH_10810,23,2,0
HH_10811,13,7,3
HH_10812,18,5,0
HH_10813,4,5,1
HH_10814,16,8,4
HH_10815,18,8,0
HH_10816,13,3,1
HH_10817,13,4,2
HH_10818,17,7,2
HH_10819,13,9,1
HH_10820,11,1,1
HH_10821,6,5,3
HH_10822,10,4,2
HH_10823,15,9,0
HH_10824,14,1,1
HH_10825,12,5,0
HH_10826,11,3,2
HH_10827,16,2,2
HH_10828,16,9,0
HH_10829,15,9,0
HH_10830,23,3,0
HH_10831,10,3,0
HH_10832,14,3,2
HH_10833,7,2,2
HH_10834,11,5,1
HH_10835,10,6,0
HH_10836,10,2,0
HH_10837,15,3,0
HH_10838,7,5,0
HH_10839,19,6,3
HH_10840,9,6,2
HH_10841,18,8,4
HH_10842,5,8,2
HH_10843,6,7,1
HH_10844,11,7,0
HH_10845,8,9,1
HH_10846,8,4,0
HH_10847,15,6,1
HH_10848,8,3,3
HH_10849,11,3,0
HH_10850,14,1,1
HH_10851,16,4,2
HH_10852,16,5,0
HH_10853,13,7,1
HH_10854,9,6,0
HH_10855,11,3,0
HH_10856,8,4,2
HH_10857,14,8,1
HH_10858,22,9,2
HH_10859,15,5,2
HH_10860,8,4,0
HH_10861,16,5,0
HH_10862,12,6,1
HH_10863,18,9,1
HH_10864,14,4,0
HH_10865,9,6,1
HH_10866,9,3,0
HH_10867,10,7,2
HH_10868,13,9,0
HH_10869,8,9,2
HH_10870,9,2,2
HH_10871,9,8,1
HH_10872,13,4,1
HH_10873,12,2,3
HH_10874,14,12,3
HH_10875,8,7,2
HH_10876,15,3,1
HH_10877,9,5,3
HH_10878,11,6,1
HH_10879,13,5,1
HH_10880,14,6,2
HH_10881,10,6,2
HH_10882,15,4,1
HH_10883,19,5,1
HH_10884,15,3,0
HH_10885,10,6,1
HH_10886,10,6,2
HH_10887,9,8,1
HH_10888,14,6,2
HH_10889,14,3,2
HH_10890,10,2,0
HH_10891,12,4,0
HH_10892,10,7,1
HH_10893,15,6,1
HH_10894,15,5,0
HH_10895,12,3,1
HH_10896,10,6,0
HH_10897,12,1,1
HH_10898,15,7,1
HH_10899,9,5,1
HH_10900,11,5,0
HH_10901,11,3,2
HH_10902,11,2,0
HH_10903,14,3,3
HH_10904,14,7,0
HH_10905,8,5,1
HH_10906,11,3,0
HH_10907,9,4,2
HH_10908,11,2,0
HH_10909,9,6,0
HH_10910,10,4,0
HH_10911,11,6,0
HH_10912,7,13,1
HH_10913,13,7,1
HH_10914,8,4,0
HH_10915,11,6,1
HH_10916,15,3,1
HH_10917,11,3,0
HH_10918,15,6,2
HH_10919,15,7,2
HH_10920,11,4,2
HH_10921,9,3,1
HH_10922,10,7,0
HH_10923,10,7,2
HH_10924,7,7,0
HH_10925,24,9,0
HH_10926,10,3,1
HH_10927,11,5,0
HH_10928,8,5,1
HH_10929,10,3,0
HH_10930,10,9,0
HH_10931,12,6,1
HH_10932,13,3,0
HH_10933,12,4,0
HH_10934,10,8,0
HH_10935,16,6,1
HH_10936,15,5,3
HH_10937,16,5,0
HH_10938,7,4,0
HH_10939,12,3,2
HH_10940,15,4,1
HH_10941,10,4,0
HH_10942,14,10,0
HH_10943,13,6,2
HH_10944,11,3,0
HH_10945,11,2,3
HH_10946,10,3,2
HH_10947,8,4,2
HH_10948,15,7,2
HH_10949,9,7,1
HH_10950,7,5,0
HH_10951,15,6,1
HH_10952,13,3,0
HH_10953,7,10,2
HH_10954,15,7,2
HH_10955,14,4,1
HH_10956,11,9,4
HH_10957,8,8,1
HH_10958,11,3,1
HH_10959,13,7,1
HH_10960,4,5,0
HH_10961,10,4,1
HH_10962,14,4,0
HH_10963,11,8,0
HH_10964,21,4,0
HH_10965,8,4,0
HH_10966,6,7,1
HH_10967,12,7,0
HH_10968,11,5,0
HH_10969,14,6,0
HH_10970,15,4,2
HH_10971,11,4,0
HH_10972,16,4,1
HH_10973,9,6,2
HH_10974,11,7,1
HH_10975,12,4,2
HH_10976,10,4,0
HH_10977,9,6,1
HH_10978,15,6,0
HH_10979,11,4,1
HH_10980,19,4,0
HH_10981,15,3,1
HH_10982,12,5,1
HH_10983,12,5,1
HH_10984,12,9,2
HH_10985,11,3,1
HH_10986,13,6,1
HH_10987,11,5,0
HH_10988,10,7,0
HH_10989,10,2,2
HH_10990,12,4,2
HH_10991,9,2,1
HH_10992,8,4,0
HH_10993,14,8,1
HH_10994,19,0,1
HH_10995,17,3,2
HH_10996,7,4,0
HH_10997,13,6,2
HH_10998,9,5,1
HH_10999,16,4,0
HH_11000,12,4,2
HH_11001,8,5,3
HH_11002,4,8,1
HH_11003,15,4,1
HH_11004,19,1,1
HH_11005,9,5,0
HH_11006,13,5,0
HH_11007,15,6,2
HH_11008,10,5,3
HH_11009,19,4,1
HH_11010,9,4,3
HH_11011,13,8,2
HH_11012,7,4,0
HH_11013,13,3,2
HH_11014,11,5,2
HH_11015,14,5,1
HH_11016,8,5,1
HH_11017,11,9,1
HH_11018,14,1,1
HH_11019,8,5,2
HH_11020,9,3,0
HH_11021,16,1,1
HH_11022,10,5,1
HH_11023,15,5,0
HH_11024,11,6,1
HH_11025,12,9,0
HH_11026,13,3,2
HH_11027,11,7,1
HH_11028,15,5,0
HH_11029,17,4,2
HH_11030,17,2,1
HH_11031,7,5,4
HH_11032,15,3,0
HH_11033,11,1,3
HH_11034,14,10,1
HH_11035,9,8,0
HH_11036,14,8,3
HH_11037,13,6,0
HH_11038,16,6,1
HH_11039,11,3,1
HH_11040,8,4,1
HH_11041,13,4,1
HH_11042,13,5,0
HH_11043,11,6,1
HH_11044,12,7,0
HH_11045,11,7,2
HH_11046,10,6,0
HH_11047,12,3,1
HH_11048,15,8,0
HH_11049,9,8,1
HH_11050,18,6,1
HH_11051,13,4,2
HH_11052,17,6,4
HH_11053,16,1,1
HH_11054,4,7,0
HH_11055,14,5,3
HH_11056,13,3,1
HH_11057,9,7,1
HH_11058,8,4,0
HH_11059,14,13,2
HH_11060,13,4,3
HH_11061,23,4,1
HH_11062,18,6,1
HH_11063,11,3,0
HH_11064,7,6,1
HH_11065,11,5,2
HH_11066,10,6,1
HH_11067,8,5,3
HH_11068,14,6,1
HH_11069,15,4,2
HH_11070,11,3,1
HH_11071,14,4,1
HH_11072,5,3,0
HH_11073,19,3,1
HH_11074,16,8,0
HH_11075,9,6,1
HH_11076,14,6,0
HH_11077,12,3,0
HH_11078,17,6,1
HH_11079,15,1,1
HH_11080,14,2,2
HH_11081,13,6,1
HH_11082,16,4,3
HH_11083,9,4,0
HH_11084,10,3,1
HH_11085,12,7,2
HH_11086,14,9,0
HH_11087,8,6,1
HH_11088,8,5,1
HH_11089,14,3,0
HH_11090,14,5,0
HH_11091,11,4,0
HH_11092,10,6,0
HH_11093,22,6,3
HH_11094,12,3,1
HH_11095,13,3,1
HH_11096,8,7,0
HH_11097,15,6,1
HH_11098,10,4,2
HH_11099,18,2,3
HH_11100,11,6,1
HH_11101,15,8,1
HH_11102,14,4,1
HH_11103,12,2,0
HH_11104,12,4,1
HH_11105,9,1,0
HH_11106,15,4,0
HH_11107,13,3,0
HH_11108,12,6,0
HH_11109,7,3,0
HH_11110,13,6,1
HH_11111,16,4,0
HH_11112,7,5,0
HH_11113,13,6,1
HH_11114,16,7,0
HH_11115,9,4,1
HH_11116,10,8,0
HH_11117,10,6,1
HH_11118,15,10,0
HH_11119,10,5,0
HH_11120,18,5,1
HH_11121,13,6,3
HH_11122,13,7,0
HH_11123,15,7,2
HH_11124,6,5,0
HH_11125,23,3,1
HH_11126,18,6,1
HH_11127,12,11,2
HH_11128,9,4,0
HH_11129,15,8,2
HH_11130,14,7,0
HH_11131,18,8,0
HH_11132,12,5,0
HH_11133,14,2,1
HH_11134,13,5,0
HH_11135,11,5,1
HH_11136,8,2,0
HH_11137,8,5,1
HH_11138,12,1,1
HH_11139,13,3,0
HH_11140,13,3,0
HH_11141,9,3,1
HH_11142,18,6,0
HH_11143,8,5,0
HH_11144,11,9,3
HH_11145,16,9,3
HH_11146,5,4,0
HH_11147,17,6,2
HH_11148,15,3,1
HH_11149,13,4,3
HH_11150,10,4,2
HH_11151,14,1,1
HH_11152,14,6,0
HH_11153,11,5,1
HH_11154,16,0,2
HH_11155,18,3,0
HH_11156,10,5,1
HH_11157,11,8,2
HH_11158,14,6,1
HH_11159,14,4,1
HH_11160,11,4,0
HH_11161,8,5,0
HH_11162,13,5,3
HH_11163,13,6,0
HH_11164,15,2,2
HH_11165,11,3,0
HH_11166,18,7,1
HH_11167,12,6,0
HH_11168,15,5,1
HH_11169,15,6,1
HH_11170,10,5,2
HH_11171,21,4,0
HH_11172,14,5,0
HH_11173,15,3,0
HH_11174,9,3,2
HH_11175,5,7,4
HH_11176,8,7,0
HH_11177,12,6,2
HH_11178,10,4,2
HH_11179,9,8,1
HH_11180,12,8,0
HH_11181,11,3,0
HH_11182,12,4,1
HH_11183,12,4,1
HH_11184,7,3,3
HH_11185,10,3,1
HH_11186,16,4,0
HH_11187,11,11,0
HH_11188,9,5,0
HH_11189,17,2,1
HH_11190,7,7,1
HH_11191,13,3,0
HH_11192,16,8,2
HH_11193,15,6,0
HH_11194,11,8,3
HH_11195,9,5,1
HH_11196,12,5,0
HH_11197,16,3,2
HH_11198,16,7,0
HH_11199,18,10,1
HH_11200,11,5,0
HH_11201,9,4,0
HH_11202,14,9,1
HH_11203,14,5,1
HH_11204,17,4,1
HH_11205,6,5,1
HH_11206,10,7,1
HH_11207,11,7,1
HH_11208,12,5,2
HH_11209,12,4,5
HH_11210,14,4,1
HH_11211,8,5,0
HH_11212,5,4,0
HH_11213,10,4,0
HH_11214,11,7,1
HH_11215,11,4,3
HH_11216,9,5,1
HH_11217,9,0,0
HH_11218,15,6,1
HH_11219,10,6,2
HH_11220,10,10,1
HH_11221,6,6,1
HH_11222,8,3,1
HH_11223,8,4,0
HH_11224,12,6,1
HH_11225,14,6,0
HH_11226,10,7,0
HH_11227,8,9,0
HH_11228,13,6,0
HH_11229,9,5,0
HH_11230,22,8,0
HH_11231,10,5,0
HH_11232,13,3,0
HH_11233,12,3,3
HH_11234,9,9,1
HH_11235,7,3,1
HH_11236,9,6,1
HH_11237,10,4,1
HH_11238,19,5,1
HH_11239,13,4,0
HH_11240,13,3,0
HH_11241,11,7,1
HH_11242,10,4,0
HH_11243,7,6,2
HH_11244,17,6,0
HH_11245,7,5,1
HH_11246,7,4,1
HH_11247,16,5,1
HH_11248,18,4,2
HH_11249,9,3,0
HH_11250,17,6,1
HH_11251,8,5,0
HH_11252,14,5,0
HH_11253,9,4,1
HH_11254,14,8,2
HH_11255,17,3,3
HH_11256,9,6,0
HH_11257,11,2,2
HH_11258,18,7,1
HH_11259,14,2,0
HH_11260,11,5,3
HH_11261,12,3,1
HH_11262,10,4,0
HH_11263,14,2,2
HH_11264,16,7,0
HH_11265,16,5,1
HH_11266,13,5,2
HH_11267,9,10,1
HH_11268,13,1,1
HH_11269,11,4,1
HH_11270,15,8,2
HH_11271,13,6,2
HH_11272,14,2,0
HH_11273,10,9,0
HH_11274,17,11,0
HH_11275,6,5,1
HH_11276,12,6,1
HH_11277,8,3,2
HH_11278,10,4,5
HH_11279,11,6,1
HH_11280,9,3,1
HH_11281,13,4,3
HH_11282,11,6,0
HH_11283,15,6,2
HH_11284,14,1,0
HH_11285,15,6,1
HH_11286,8,7,1
HH_11287,18,4,0
HH_11288,11,2,0
HH_11289,10,3,1
HH_11290,12,3,0
HH_11291,12,4,0
HH_11292,13,8,1
HH_11293,9,5,1
HH_11294,19,4,0
HH_11295,9,1,1
HH_11296,6,5,1
HH_11297,19,7,0
HH_11298,9,6,1
HH_11299,10,8,1
HH_11300,8,7,2
HH_11301,11,2,2
HH_11302,13,7,2
HH_11303,7,4,1
HH_11304,10,9,2
HH_11305,10,6,2
HH_11306,14,5,0
HH_11307,10,8,0
HH_11308,12,4,0
HH_11309,17,3,0
HH_11310,16,6,2
HH_11311,9,5,5
HH_11312,11,5,1
HH_11313,8,6,2
HH_11314,4,6,2
HH_11315,12,4,0
HH_11316,9,6,1
HH_11317,13,4,1
HH_11318,10,3,1
HH_11319,12,4,0
HH_11320,9,7,1
HH_11321,10,4,2
HH_11322,17,3,0
HH_11323,8,4,0
HH_11324,12,4,1
HH_11325,9,10,0
HH_11326,10,7,0
HH_11327,14,5,2
HH_11328,14,7,0
HH_11329,13,6,1
HH_11330,10,2,2
HH_11331,17,4,1
HH_11332,12,6,3
HH_11333,8,3,1
HH_11334,10,5,0
HH_11335,16,6,2
HH_11336,12,2,3
HH_11337,10,6,0
HH_11338,12,5,2
HH_11339,11,5,0
HH_11340,8,7,1
HH_11341,13,5,1
HH_11342,16,4,3
HH_11343,10,7,0
HH_11344,12,5,1
HH_11345,14,3,2
HH_11346,15,3,1
HH_11347,17,7,4
HH_11348,17,4,0
HH_11349,11,5,1
HH_11350,15,3,0
HH_11351,17,5,1
HH_11352,7,11,0
HH_11353,11,8,1
HH_11354,16,5,0
HH_11355,12,6,0
HH_11356,9,7,1
HH_11357,16,7,1
HH_11358,15,8,2
HH_11359,16,4,3
HH_11360,14,2,1
HH_11361,12,1,1
HH_11362,15,2,1
HH_11363,16,7,3
HH_11364,15,4,1
HH_11365,11,4,3
HH_11366,9,4,1
HH_11367,10,7,0
HH_11368,18,4,1
HH_11369,9,3,0
HH_11370,14,5,0
HH_11371,12,2,0
HH_11372,4,5,0
HH_11373,17,6,1
HH_11374,12,2,3
HH_11375,10,5,0
HH_11376,18,7,4
HH_11377,8,3,3
HH_11378,11,8,0
HH_11379,11,8,2
HH_11380,16,3,0
HH_11381,12,3,2
HH_11382,12,4,1
HH_11383,8,6,1
HH_11384,16,6,0
HH_11385,17,4,3
HH_11386,10,3,3
HH_11387,16,7,0
HH_11388,8,7,1
HH_11389,9,5,0
HH_11390,11,3,2
HH_11391,11,8,2
HH_11392,5,7,0
HH_11393,15,4,0
HH_11394,10,4,2
HH_11395,11,7,2
HH_11396,20,9,0
HH_11397,7,8,2
HH_11398,7,3,2
HH_11399,17,7,2
HH_11400,10,12,1
HH_11401,13,5,0
HH_11402,10,7,0
HH_11403,6,6,0
HH_11404,15,7,1
HH_11405,16,2,0
HH_11406,10,3,1
HH_11407,15,6,0
HH_11408,14,7,0
HH_11409,16,3,1
HH_11410,10,9,1
HH_11411,15,7,0
HH_11412,17,5,0
HH_11413,16,5,1
HH_11414,12,2,1
HH_11415,15,5,2
HH_11416,9,5,3
HH_11417,10,6,1
HH_11418,10,7,2
HH_11419,12,5,2
HH_11420,13,4,1
HH_11421,11,3,1
HH_11422,9,6,0
HH_11423,10,4,1
HH_11424,7,5,2
HH_11425,8,3,1
HH_11426,8,7,1
HH_11427,15,5,2
HH_11428,12,8,0
HH_11429,11,6,1
HH_11430,9,8,4
HH_11431,16,6,2
HH_11432,10,4,3
HH_11433,14,2,1
HH_11434,12,7,4
HH_11435,15,2,1
HH_11436,17,3,0
HH_11437,11,4,2
HH_11438,11,6,0
HH_11439,11,8,5
HH_11440,13,7,3
HH_11441,13,9,1
HH_11442,10,4,1
HH_11443,13,6,1
HH_11444,14,3,1
HH_11445,4,4,2
HH_11446,13,3,0
HH_11447,9,9,2
HH_11448,10,1,2
HH_11449,8,6,0
HH_11450,9,6,1
HH_11451,17,6,1
HH_11452,14,6,2
HH_11453,16,4,1
HH_11454,7,4,0
HH_11455,10,7,1
HH_11456,23,4,1
HH_11457,13,3,1
HH_11458,19,3,0
HH_11459,8,4,2
HH_11460,10,7,2
HH_11461,18,5,0
HH_11462,13,2,0
HH_11463,12,6,1
HH_11464,12,4,1
HH_11465,13,5,1
HH_11466,14,8,1
HH_11467,13,5,1
HH_11468,13,10,0
HH_11469,17,6,3
HH_11470,17,8,2
HH_11471,11,5,1
HH_11472,11,5,1
HH_11473,16,4,1
HH_11474,12,4,1
HH_11475,12,8,1
HH_11476,20,9,0
HH_11477,14,4,0
HH_11478,7,2,1
HH_11479,16,1,3
HH_11480,9,1,0
HH_11481,8,10,1
HH_11482,11,4,2
HH_11483,14,6,3
HH_11484,8,7,1
HH_11485,13,6,1
HH_11486,15,3,0
HH_11487,17,9,4
HH_11488,10,5,0
HH_11489,13,3,3
HH_11490,12,8,0
HH_11491,10,4,0
HH_11492,15,6,2
HH_11493,17,7,2
HH_11494,11,4,1
HH_11495,6,6,1
HH_11496,15,4,1
HH_11497,12,4,0
HH_11498,12,9,0
HH_11499,10,1,0
HH_11500,15,1,0
HH_11501,5,8,2
HH_11502,12,2,2
HH_11503,12,4,2
HH_11504,15,8,1
HH_11505,12,4,3
HH_11506,15,8,1
HH_11507,11,6,0
HH_11508,11,3,1
HH_11509,13,10,0
HH_11510,8,4,2
HH_11511,9,3,1
HH_11512,18,5,2
HH_11513,17,6,0
HH_11514,16,4,0
HH_11515,8,6,1
HH_11516,10,9,3
HH_11517,14,0,0
HH_11518,18,6,1
HH_11519,11,5,0
HH_11520,12,8,3
HH_11521,19,4,4
HH_11522,13,3,0
HH_11523,12,4,0
HH_11524,13,12,3
HH_11525,8,8,1
HH_11526,15,7,0
HH_11527,8,8,1
HH_11528,11,8,1
HH_11529,14,8,0
HH_11530,10,5,2
HH_11531,15,5,1
HH_11532,16,3,2
HH_11533,17,2,2
HH_11534,11,7,1
HH_11535,12,6,0
HH_11536,12,5,0
HH_11537,9,7,2
HH_11538,8,7,1
HH_11539,10,3,1
HH_11540,11,0,0
HH_11541,9,9,1
HH_11542,7,6,0
HH_11543,19,2,0
HH_11544,12,3,3
HH_11545,14,4,1
HH_11546,12,6,1
HH_11547,15,4,1
HH_11548,15,7,0
HH_11549,13,7,0
HH_11550,10,6,0
HH_11551,12,4,2
HH_11552,8,5,2
HH_11553,10,6,1
HH_11554,17,6,1
HH_11555,18,4,0
HH_11556,10,5,2
HH_11557,16,5,1
HH_11558,14,9,1
HH_11559,9,2,0
HH_11560,9,4,0
HH_11561,11,5,0
HH_11562,12,8,1
HH_11563,10,1,0
HH_11564,9,5,3
HH_11565,7,6,0
HH_11566,10,2,1
HH_11567,6,7,1
HH_11568,13,5,0
HH_11569,13,2,0
HH_11570,8,4,1
HH_11571,16,3,1
HH_11572,17,5,2
HH_11573,15,6,1
HH_11574,17,2,1
HH_11575,4,5,1
HH_11576,12,4,1
HH_11577,10,8,0
HH_11578,15,3,0
HH_11579,15,6,1
HH_11580,16,3,0
HH_11581,8,7,1
HH_11582,11,8,0
HH_11583,12,4,2
HH_11584,10,10,0
HH_11585,9,3,0
HH_11586,17,5,0
HH_11587,10,9,1
HH_11588,15,3,0
HH_11589,11,8,0
HH_11590,5,6,1
HH_11591,9,3,1
HH_11592,15,8,0
HH_11593,17,9,1
HH_11594,12,12,2
HH_11595,7,6,2
HH_11596,9,2,2
HH_11597,10,7,0
HH_11598,8,2,1
HH_11599,11,4,1
HH_11600,9,4,1
HH_11601,8,10,1
HH_11602,15,5,0
HH_11603,20,4,0
HH_11604,19,4,1
HH_11605,8,7,1
HH_11606,10,4,1
HH_11607,16,4,0
HH_11608,15,2,1
HH_11609,15,7,0
HH_11610,9,4,1
HH_11611,19,7,2
HH_11612,5,3,1
HH_11613,5,6,0
HH_11614,14,6,2
HH_11615,11,8,3
HH_11616,4,1,1
HH_11617,9,4,1
HH_11618,13,3,0
HH_11619,15,5,1
HH_11620,9,4,0
HH_11621,10,4,0
HH_11622,11,6,2
HH_11623,19,2,0
HH_11624,11,5,0
HH_11625,14,11,0
HH_11626,8,6,2
HH_11627,12,7,2
HH_11628,12,5,2
HH_11629,8,3,2
HH_11630,9,11,0
HH_11631,10,8,2
HH_11632,12,5,2
HH_11633,7,4,3
HH_11634,11,4,1
HH_11635,5,5,1
HH_11636,6,5,2
HH_11637,11,12,1
HH_11638,10,4,0
HH_11639,14,5,0
HH_11640,6,5,1
HH_11641,15,7,1
HH_11642,14,1,1
HH_11643,12,3,1
HH_11644,13,7,2
HH_11645,10,6,3
HH_11646,15,6,0
HH_11647,8,5,0
HH_11648,13,7,1
HH_11649,15,5,1
HH_11650,10,3,0
HH_11651,11,5,0
HH_11652,12,3,2
HH_11653,20,10,3
HH_11654,10,6,1
HH_11655,10,2,2
HH_11656,7,5,2
HH_11657,15,7,2
HH_11658,13,4,0
HH_11659,16,10,1
HH_11660,9,1,1
HH_11661,10,7,1
HH_11662,9,3,1
HH_11663,12,8,1
HH_11664,7,4,2
HH_11665,9,4,4
HH_11666,16,4,0
HH_11667,11,6,1
HH_11668,11,6,1
HH_11669,11,5,2
HH_11670,9,7,3
HH_11671,19,8,3
HH_11672,11,6,1
HH_11673,16,3,0
HH_11674,12,5,1
HH_11675,12,4,0
HH_11676,12,5,3
HH_11677,16,9,1
HH_11678,11,6,1
HH_11679,6,2,0
HH_11680,6,3,0
HH_11681,14,4,3
HH_11682,2,5,3
HH_11683,10,2,1
HH_11684,13,6,1
HH_11685,10,3,3
HH_11686,18,6,3
HH_11687,14,4,0
HH_11688,6,7,2
HH_11689,13,4,0
HH_11690,11,6,0
HH_11691,11,2,1
HH_11692,13,6,2
HH_11693,6,6,0
HH_11694,9,7,2
HH_11695,17,2,0
HH_11696,10,6,0
HH_11697,12,3,0
HH_11698,11,3,1
HH_11699,13,3,0
HH_11700,16,6,2
HH_11701,8,4,0
HH_11702,13,5,1
HH_11703,13,6,0
HH_11704,12,6,1
HH_11705,15,4,0
HH_11706,13,7,1
HH_11707,9,10,1
HH_11708,19,4,0
HH_11709,10,5,2
HH_11710,10,8,0
HH_11711,16,2,2
HH_11712,11,3,0
HH_11713,14,8,1
HH_11714,9,1,1
HH_11715,10,4,1
HH_11716,8,6,1
HH_11717,14,1,0
HH_11718,9,3,1
HH_11719,15,4,2
HH_11720,10,6,0
HH_11721,13,7,3
HH_11722,11,3,0
HH_11723,9,4,2
HH_11724,25,4,2
HH_11725,17,8,2
HH_11726,12,4,3
HH_11727,17,5,1
HH_11728,11,4,0
HH_11729,9,7,1
HH_11730,15,2,1
HH_11731,10,5,2
HH_11732,11,3,1
HH_11733,6,5,1
HH_11734,11,6,2
HH_11735,11,4,0
HH_11736,12,4,1
HH_11737,9,3,0
HH_11738,11,4,1
HH_11739,15,6,1
HH_11740,13,3,1
HH_11741,11,4,1
HH_11742,17,3,3
HH_11743,8,3,2
HH_11744,13,2,0
HH_11745,18,4,2
HH_11746,10,6,1
HH_11747,6,4,0
HH_11748,9,3,3
HH_11749,13,4,2
HH_11750,8,7,0
HH_11751,10,12,0
HH_11752,12,2,1
HH_11753,18,1,0
HH_11754,19,7,0
HH_11755,8,4,1
HH_11756,15,4,1
HH_11757,9,5,1
HH_11758,9,6,1
HH_11759,16,2,2
HH_11760,14,4,1
HH_11761,5,4,0
HH_11762,11,9,2
HH_11763,13,5,0
HH_11764,4,5,1
HH_11765,5,3,0
HH_11766,10,5,2
HH_11767,7,4,0
HH_11768,11,4,1
HH_11769,8,2,2
HH_11770,12,8,1
HH_11771,15,3,0
HH_11772,10,3,0
HH_11773,13,5,2
HH_11774,18,6,0
HH_11775,10,5,1
HH_11776,17,4,1
HH_11777,14,4,0
HH_11778,13,9,1
HH_11779,10,5,1
HH_11780,13,6,0
HH_11781,14,3,1
HH_11782,17,4,2
HH_11783,13,8,1
HH_11784,10,9,0
HH_11785,11,10,0
HH_11786,15,2,0
HH_11787,11,2,2
HH_11788,8,4,2
HH_11789,14,6,2
HH_11790,15,5,1
HH_11791,18,4,3
HH_11792,9,3,1
HH_11793,10,7,1
HH_11794,12,6,0
HH_11795,8,5,3
HH_11796,10,6,2
HH_11797,12,4,1
HH_11798,15,3,1
HH_11799,8,4,0
HH_11800,14,3,1
HH_11801,10,9,1
HH_11802,7,1,2
HH_11803,14,6,0
HH_11804,13,5,1
HH_11805,18,5,0
HH_11806,20,0,2
HH_11807,11,7,1
HH_11808,18,7,1
HH_11809,13,5,2
HH_11810,13,4,0
HH_11811,10,5,0
HH_11812,11,5,4
HH_11813,8,4,2
HH_11814,11,5,1
HH_11815,10,6,0
HH_11816,13,6,1
HH_11817,5,9,0
HH_11818,10,5,2
HH_11819,7,5,1
HH_11820,19,11,3
HH_11821,10,7,1
HH_11822,14,1,3
HH_11823,12,5,2
HH_11824,14,2,2
HH_11825,11,5,0
HH_11826,16,2,1
HH_11827,12,4,0
HH_11828,13,5,1
HH_11829,13,5,0
HH_11830,9,4,0
HH_11831,13,6,0
HH_11832,9,5,2
HH_11833,8,6,2
HH_11834,12,3,0
HH_11835,14,4,0
HH_11836,11,1,1
HH_11837,20,8,2
HH_11838,7,4,1
HH_11839,11,5,0
HH_11840,13,5,1
HH_11841,8,8,1
HH_11842,15,7,3
HH_11843,11,8,1
HH_11844,14,2,4
HH_11845,10,3,1
HH_11846,4,6,1
HH_11847,11,1,0
HH_11848,12,5,1
HH_11849,14,7,1
HH_11850,11,6,0
HH_11851,8,2,0
HH_11852,10,4,1
HH_11853,11,6,3
HH_11854,10,5,0
HH_11855,15,4,0
HH_11856,16,5,0
HH_11857,14,10,1
HH_11858,11,1,2
HH_11859,18,7,0
HH_11860,10,4,1
HH_11861,9,8,3
HH_11862,15,2,0
HH_11863,9,9,1
HH_11864,10,2,2
HH_11865,15,7,0
HH_11866,10,3,3
HH_11867,11,6,1
HH_11868,11,3,1
HH_11869,8,4,2
HH_11870,14,1,0
HH_11871,13,1,2
HH_11872,8,2,1
HH_11873,6,5,0
HH_11874,15,5,1
HH_11875,12,5,0
HH_11876,11,4,1
HH_11877,9,9,1
HH_11878,12,2,2
HH_11879,13,6,4
HH_11880,9,1,1
HH_11881,6,3,1
HH_11882,12,2,0
HH_11883,11,6,1
HH_11884,11,6,1
HH_11885,10,4,1
HH_11886,12,8,1
HH_11887,13,5,0
HH_11888,20,8,4
HH_11889,16,2,3
HH_11890,11,7,2
HH_11891,10,2,1
HH_11892,18,5,2
HH_11893,11,3,1
HH_11894,13,4,1
HH_11895,14,6,0
HH_11896,17,4,1
HH_11897,17,7,3
HH_11898,9,7,1
HH_11899,5,5,0
HH_11900,8,7,2
HH_11901,20,6,2
HH_11902,7,3,0
HH_11903,19,3,0
HH_11904,13,7,0
HH_11905,14,4,2
HH_11906,21,6,1
HH_11907,10,5,0
HH_11908,8,4,0
HH_11909,14,3,1
HH_11910,10,5,1
HH_11911,15,10,0
HH_11912,10,7,1
HH_11913,10,8,0
HH_11914,7,7,1
HH_11915,21,4,1
HH_11916,15,6,3
HH_11917,13,3,2
HH_11918,13,6,1
HH_11919,8,7,1
HH_11920,14,6,4
HH_11921,9,6,1
HH_11922,9,5,0
HH_11923,22,4,2
HH_11924,9,5,0
HH_11925,15,2,1
HH_11926,17,5,0
HH_11927,10,7,0
HH_11928,12,4,1
HH_11929,9,5,2
HH_11930,12,4,2
HH_11931,20,10,2
HH_11932,8,8,0
HH_11933,4,4,1
HH_11934,12,3,2
HH_11935,20,4,2
HH_11936,17,4,1
HH_11937,12,3,0
HH_11938,11,4,1
HH_11939,10,4,0
HH_11940,16,11,2
HH_11941,6,2,3
HH_11942,11,7,0
HH_11943,18,9,1
HH_11944,17,7,1
HH_11945,5,3,1
HH_11946,19,5,1
HH_11947,7,5,1
HH_11948,7,5,0
HH_11949,13,5,0
HH_11950,18,3,0
HH_11951,15,6,0
HH_11952,12,5,2
HH_11953,14,3,0
HH_11954,12,6,2
HH_11955,11,4,0
HH_11956,6,7,1
HH_11957,15,6,1
HH_11958,13,5,0
HH_11959,17,7,1
HH_11960,18,6,0
HH_11961,17,2,0
HH_11962,20,2,2
HH_11963,14,7,0
HH_11964,14,4,4
HH_11965,9,4,0
HH_11966,8,6,1
HH_11967,15,7,0
HH_11968,9,8,1
HH_11969,17,5,0
HH_11970,11,8,1
HH_11971,16,5,0
HH_11972,11,9,0
HH_11973,13,3,1
HH_11974,7,2,0
HH_11975,10,11,1
HH_11976,8,9,0
HH_11977,13,2,1
HH_11978,8,3,0
HH_11979,11,4,1
HH_11980,11,2,1
HH_11981,10,5,1
HH_11982,11,7,1
HH_11983,13,4,2
HH_11984,9,4,0
HH_11985,11,2,2
HH_11986,8,11,2
HH_11987,10,6,1
HH_11988,6,6,0
HH_11989,15,2,1
HH_11990,17,4,0
HH_11991,11,7,1
HH_11992,21,7,2
HH_11993,14,2,0
HH_11994,10,5,0
HH_11995,12,3,0
HH_11996,12,10,0
HH_11997,11,6,0
HH_11998,6,3,0
HH_11999,11,5,0
HH_12000,11,5,0
HH_12001,8,6,0
HH_12002,11,6,2
HH_12003,14,3,0
HH_12004,6,7,1
HH_12005,7,5,0
HH_12006,13,5,0
HH_12007,15,8,0
HH_12008,13,7,1
HH_12009,8,5,2
HH_12010,6,8,0
HH_12011,13,6,0
HH_12012,15,5,1
HH_12013,13,5,0
HH_12014,13,9,0
HH_12015,18,4,2
HH_12016,4,4,3
HH_12017,9,7,1
HH_12018,12,4,1
HH_12019,12,4,1
HH_12020,12,5,1
HH_12021,13,4,1
HH_12022,12,4,2
HH_12023,9,7,1
HH_12024,14,8,1
HH_12025,16,2,0
HH_12026,18,10,1
HH_12027,16,4,1
HH_12028,14,4,1
HH_12029,13,6,1
HH_12030,13,10,0
HH_12031,11,5,0
HH_12032,10,9,2
HH_12033,12,8,1
HH_12034,11,4,2
HH_12035,16,7,0
HH_12036,18,7,0
HH_12037,11,2,0
HH_12038,15,4,3
HH_12039,6,5,1
HH_12040,14,5,0
HH_12041,11,3,1
HH_12042,13,7,2
HH_12043,10,12,0
HH_12044,3,3,0
HH_12045,16,4,0
HH_12046,16,6,1
HH_12047,11,1,1
HH_12048,13,5,1
HH_12049,10,4,1
HH_12050,10,6,0
HH_12051,10,7,1
HH_12052,6,5,0
HH_12053,6,2,2
HH_12054,6,5,0
HH_12055,11,5,2
HH_12056,11,11,1
HH_12057,18,8,0
HH_12058,16,2,1
HH_12059,7,4,1
HH_12060,19,1,1
HH_12061,12,8,0
HH_12062,15,5,1
HH_12063,13,8,0
HH_12064,11,7,0
HH_12065,10,5,1
HH_12066,12,4,0
HH_12067,11,3,1
HH_12068,15,2,0
HH_12069,9,7,0
HH_12070,11,2,0
HH_12071,16,4,1
HH_12072,12,5,2
HH_12073,8,3,1
HH_12074,9,6,1
HH_12075,6,10,0
HH_12076,16,4,2
HH_12077,14,8,0
HH_12078,9,9,0
HH_12079,12,2,1
HH_12080,10,3,2
HH_12081,14,6,2
HH_12082,18,8,4
HH_12083,13,2,2
HH_12084,15,6,1
HH_12085,9,4,1
HH_12086,12,5,1
HH_12087,14,5,0
HH_12088,12,5,1
HH_12089,11,1,2
HH_12090,12,6,2
HH_12091,10,5,1
HH_12092,10,7,0
HH_12093,12,3,1
HH_12094,13,7,0
HH_12095,10,6,0
HH_12096,16,2,1
HH_12097,10,8,0
HH_12098,16,4,1
HH_12099,15,4,3
HH_12100,12,7,0
HH_12101,9,8,0
HH_12102,14,2,2
HH_12103,12,7,1
HH_12104,15,5,1
HH_12105,11,3,0
HH_12106,14,6,1
HH_12107,18,2,0
HH_12108,18,2,0
HH_12109,12,7,0
HH_12110,14,4,2
HH_12111,17,7,0
HH_12112,14,7,0
HH_12113,12,6,0
HH_12114,9,4,2
HH_12115,15,4,0
HH_12116,12,3,0
HH_12117,16,6,3
HH_12118,12,7,1
HH_12119,13,5,1
HH_12120,12,4,1
HH_12121,22,4,1
HH_12122,8,6,0
HH_12123,14,4,0
HH_12124,9,4,1
HH_12125,3,5,0
HH_12126,8,3,0
HH_12127,15,4,0
HH_12128,15,6,3
HH_12129,9,5,2
HH_12130,6,3,1
HH_12131,9,2,2
HH_12132,19,6,0
HH_12133,11,2,0
HH_12134,13,5,2
HH_12135,12,3,2
HH_12136,14,4,1
HH_12137,11,4,1
HH_12138,16,2,1
HH_12139,9,6,1
HH_12140,7,4,1
HH_12141,6,6,0
HH_12142,8,7,0
HH_12143,9,4,0
HH_12144,10,4,2
HH_12145,16,5,1
HH_12146,10,8,1
HH_12147,9,6,0
HH_12148,13,5,1
HH_12149,12,6,1
HH_12150,14,5,3
HH_12151,9,7,0
HH_12152,10,6,0
HH_12153,14,7,1
HH_12154,10,3,2
HH_12155,8,5,0
HH_12156,10,4,1
HH_12157,11,7,2
HH_12158,13,3,1
HH_12159,9,3,0
HH_12160,11,7,0
HH_12161,6,4,3
HH_12162,4,7,0
HH_12163,11,6,2
HH_12164,16,6,3
HH_12165,5,6,0
HH_12166,12,6,2
HH_12167,11,4,0
HH_12168,13,7,1
HH_12169,7,9,2
HH_12170,8,5,0
HH_12171,12,1,1
HH_12172,12,3,2
HH_12173,16,7,0
HH_12174,8,7,0
HH_12175,10,5,1
HH_12176,16,6,1
HH_12177,15,5,2
HH_12178,9,6,2
HH_12179,17,2,0
HH_12180,11,1,1
HH_12181,14,4,2
HH_12182,6,3,2
HH_12183,14,3,0
HH_12184,12,6,1
HH_12185,14,8,0
HH_12186,4,7,1
HH_12187,8,5,1
HH_12188,19,5,1
HH_12189,14,7,0
HH_12190,15,5,0
HH_12191,12,6,2
HH_12192,7,6,1
HH_12193,12,3,2
HH_12194,14,1,0
HH_12195,11,6,2
HH_12196,10,2,0
HH_12197,18,10,0
HH_12198,14,7,3
HH_12199,7,8,1
HH_12200,10,5,1
HH_12201,15,3,3
HH_12202,9,4,0
HH_12203,11,3,0
HH_12204,8,6,1
HH_12205,14,2,1
HH_12206,10,7,1
HH_12207,16,4,0
HH_12208,21,3,1
HH_12209,14,4,2
HH_12210,11,1,0
HH_12211,13,8,0
HH_12212,15,3,0
HH_12213,10,12,0
HH_12214,14,4,2
HH_12215,15,4,1
HH_12216,15,5,0
HH_12217,16,2,1
HH_12218,9,6,1
HH_12219,10,7,1
HH_12220,9,5,1
HH_12221,9,7,0
HH_12222,9,6,1
HH_12223,16,5,1
HH_12224,14,3,2
HH_12225,11,6,0
HH_12226,13,6,1
HH_12227,10,10,1
HH_12228,10,8,1
HH_12229,13,6,1
HH_12230,12,7,0
HH_12231,9,3,0
HH_12232,7,2,3
HH_12233,18,2,0
HH_12234,12,8,1
HH_12235,12,3,0
HH_12236,11,7,0
HH_12237,14,10,1
HH_12238,17,4,1
HH_12239,10,4,0
HH_12240,12,3,0
HH_12241,8,5,0
HH_12242,12,4,3
HH_12243,13,7,0
HH_12244,11,4,1
HH_12245,8,5,0
HH_12246,12,5,2
HH_12247,8,6,1
HH_12248,9,8,1
HH_12249,10,8,1
HH_12250,16,6,1
HH_12251,12,6,1
HH_12252,12,7,1
HH_12253,16,4,0
HH_12254,12,6,0
HH_12255,10,16,2
HH_12256,18,7,0
HH_12257,8,5,0
HH_12258,10,8,0
HH_12259,10,5,1
HH_12260,12,5,1
HH_12261,12,5,1
HH_12262,14,6,3
HH_12263,13,3,1
HH_12264,11,5,1
HH_12265,9,9,0
HH_12266,12,5,0
HH_12267,8,4,0
HH_12268,11,6,1
HH_12269,15,4,0
HH_12270,12,4,0
HH_12271,10,1,2
HH_12272,17,6,0
HH_12273,12,3,1
HH_12274,12,3,2
HH_12275,11,8,0
HH_12276,16,3,0
HH_12277,13,6,1
HH_12278,22,5,2
HH_12279,13,9,0
HH_12280,11,6,2
HH_12281,11,4,2
HH_12282,12,6,2
HH_12283,14,1,1
HH_12284,12,4,2
HH_12285,7,2,1
HH_12286,12,7,1
HH_12287,8,2,1
HH_12288,16,6,1
HH_12289,16,4,1
HH_12290,12,1,0
HH_12291,10,7,2
HH_12292,9,7,0
HH_12293,10,3,2
HH_12294,16,2,2
HH_12295,12,9,0
HH_12296,17,3,1
HH_12297,11,3,0
HH_12298,16,8,1
HH_12299,11,3,0
HH_12300,15,3,1
HH_12301,10,5,2
HH_12302,23,9,1
HH_12303,7,4,1
HH_12304,14,3,2
HH_12305,12,5,0
HH_12306,13,6,1
HH_12307,21,4,0
HH_12308,13,6,1
HH_12309,9,7,2
HH_12310,15,4,1
HH_12311,6,7,0
HH_12312,16,8,0
HH_12313,9,2,1
HH_12314,13,8,0
HH_12315,17,9,0
HH_12316,12,2,0
HH_12317,17,12,1
HH_12318,7,4,1
HH_12319,12,5,2
HH_12320,18,4,0
HH_12321,13,4,1
HH_12322,12,7,0
HH_12323,13,4,0
HH_12324,11,8,0
HH_12325,8,6,2
HH_12326,11,4,1
HH_12327,11,2,1
HH_12328,12,6,0
HH_12329,14,7,0
HH_12330,8,3,0
HH_12331,16,5,2
HH_12332,9,6,0
HH_12333,17,4,0
HH_12334,17,5,0
HH_12335,13,4,1
HH_12336,17,5,2
HH_12337,18,3,0
HH_12338,12,5,2
HH_12339,10,3,0
HH_12340,10,4,0
HH_12341,7,2,1
HH_12342,13,5,0
HH_12343,12,4,1
HH_12344,18,4,0
HH_12345,17,7,0
HH_12346,9,1,2
HH_12347,15,3,0
HH_12348,7,4,4
HH_12349,17,3,1
HH_12350,11,6,3
HH_12351,16,3,0
HH_12352,8,4,1
HH_12353,12,5,2
HH_12354,17,4,3
HH_12355,11,5,4
HH_12356,5,3,0
HH_12357,11,5,4
HH_12358,12,4,1
HH_12359,6,4,1
HH_12360,14,4,0
HH_12361,14,5,1
HH_12362,14,5,0
HH_12363,7,1,0
HH_12364,12,5,1
HH_12365,8,5,1
HH_12366,9,4,0
HH_12367,10,6,5
HH_12368,9,7,2
HH_12369,8,10,0
HH_12370,15,1,2
HH_12371,13,8,0
HH_12372,15,3,1
HH_12373,9,2,0
HH_12374,10,6,1
HH_12375,13,7,0
HH_12376,14,2,1
HH_12377,10,5,1
HH_12378,9,5,0
HH_12379,12,5,1
HH_12380,11,3,1
HH_12381,15,7,1
HH_12382,7,3,1
HH_12383,14,5,0
HH_12384,14,8,2
HH_12385,13,10,0
HH_12386,12,12,1
HH_12387,10,5,0
HH_12388,5,3,1
HH_12389,16,4,1
HH_12390,10,5,0
HH_12391,5,11,0
HH_12392,15,3,1
HH_12393,12,6,1
HH_12394,6,1,2
HH_12395,10,7,1
HH_12396,12,3,1
HH_12397,12,8,0
HH_12398,7,6,1
HH_12399,11,5,1
HH_12400,8,4,0
HH_12401,16,5,2
HH_12402,11,5,3
HH_12403,18,6,1
HH_12404,13,7,2
HH_12405,14,5,3
HH_12406,8,7,1
HH_12407,17,3,1
HH_12408,15,11,0
HH_12409,14,4,2
HH_12410,14,3,2
HH_12411,14,5,3
HH_12412,15,7,3
HH_12413,14,9,1
HH_12414,15,10,3
HH_12415,13,5,1
HH_12416,13,4,1
HH_12417,12,4,0
HH_12418,16,5,2
HH_12419,13,6,1
HH_12420,5,5,1
HH_12421,10,4,1
HH_12422,7,4,0
HH_12423,10,4,0
HH_12424,12,4,1
HH_12425,16,2,3
HH_12426,10,4,0
HH_12427,15,7,1
HH_12428,9,5,1
HH_12429,14,6,0
HH_12430,12,1,1
HH_12431,13,5,1
HH_12432,11,7,1
HH_12433,10,3,1
HH_12434,14,4,2
HH_12435,15,4,1
HH_12436,20,3,2
HH_12437,4,7,0
HH_12438,9,7,0
HH_12439,8,11,0
HH_12440,13,6,1
HH_12441,6,5,0
HH_12442,17,3,1
HH_12443,12,1,2
HH_12444,12,5,0
HH_12445,13,4,0
HH_12446,10,6,1
HH_12447,16,7,0
HH_12448,16,3,2
HH_12449,7,4,1
HH_12450,10,3,2
HH_12451,8,11,1
HH_12452,10,4,1
HH_12453,8,4,1
HH_12454,12,7,1
HH_12455,13,5,0
HH_12456,12,4,2
HH_12457,12,6,1
HH_12458,13,3,1
HH_12459,14,7,0
HH_12460,8,3,1
HH_12461,11,9,2
HH_12462,15,3,3
HH_12463,10,4,0
HH_12464,13,4,1
HH_12465,10,5,0
HH_12466,12,5,3
HH_12467,9,7,3
HH_12468,11,6,0
HH_12469,12,7,1
HH_12470,16,3,1
HH_12471,9,7,1
HH_12472,15,5,1
HH_12473,13,4,2
HH_12474,11,7,0
HH_12475,13,8,1
HH_12476,8,5,2
HH_12477,13,3,1
HH_12478,8,4,0
HH_12479,7,7,0
HH_12480,12,5,0
HH_12481,9,3,2
HH_12482,16,2,1
HH_12483,14,7,1
HH_12484,16,6,1
HH_12485,17,7,4
HH_12486,16,2,1
HH_12487,14,5,3
HH_12488,10,6,1
HH_12489,11,9,0
HH_12490,10,3,2
HH_12491,7,3,1
HH_12492,6,6,1
HH_12493,9,3,0
HH_12494,11,4,1
HH_12495,14,5,1
HH_12496,17,5,2
HH_12497,15,6,0
HH_12498,16,8,0
HH_12499,11,8,1
HH_12500,13,3,1
HH_12501,15,4,0
HH_12502,7,8,0
HH_12503,13,2,0
HH_12504,11,5,1
HH_12505,7,8,0
HH_12506,8,7,0
HH_12507,9,6,1
HH_12508,10,3,1
HH_12509,9,4,1
HH_12510,14,3,0
HH_12511,9,4,1
HH_12512,11,2,2
HH_12513,13,9,2
HH_12514,11,6,1
HH_12515,16,1,1
HH_12516,9,4,0
HH_12517,16,1,2
HH_12518,14,6,1
HH_12519,16,8,1
HH_12520,11,1,0
HH_12521,22,8,1
HH_12522,5,2,2
HH_12523,18,4,0
HH_12524,19,9,1
HH_12525,15,6,1
HH_12526,14,3,2
HH_12527,10,4,0
HH_12528,11,1,0
HH_12529,8,10,3
HH_12530,12,6,0
HH_12531,6,3,0
HH_12532,14,4,1
HH_12533,17,3,3
HH_12534,9,3,0
HH_12535,8,9,0
HH_12536,14,5,2
HH_12537,5,4,1
HH_12538,9,6,0
HH_12539,5,8,2
HH_12540,13,1,1
HH_12541,9,7,1
HH_12542,11,3,0
HH_12543,10,7,0
HH_12544,14,3,3
HH_12545,17,9,2
HH_12546,15,3,1
HH_12547,8,5,2
HH_12548,6,6,0
HH_12549,9,6,0
HH_12550,15,5,0
HH_12551,13,3,2
HH_12552,12,4,0
HH_12553,20,2,0
HH_12554,9,3,1
HH_12555,12,8,1
HH_12556,8,5,0
HH_12557,8,4,1
HH_12558,11,6,0
HH_12559,19,9,1
HH_12560,17,4,0
HH_12561,10,5,1
HH_12562,14,5,1
HH_12563,8,3,0
HH_12564,11,8,0
HH_12565,14,6,0
HH_12566,26,5,1
HH_12567,12,3,1
HH_12568,13,6,1
HH_12569,11,4,1
HH_12570,11,8,0
HH_12571,10,6,1
HH_12572,12,2,2
HH_12573,8,2,3
HH_12574,8,5,0
HH_12575,12,3,1
HH_12576,10,7,1
HH_12577,12,1,2
HH_12578,9,8,0
HH_12579,12,4,2
HH_12580,19,4,2
HH_12581,14,4,0
HH_12582,9,5,0
HH_12583,10,5,0
HH_12584,8,2,2
HH_12585,9,5,1
HH_12586,16,6,0
HH_12587,17,2,2
HH_12588,13,5,1
HH_12589,9,7,0
HH_12590,8,2,0
HH_12591,8,5,1
HH_12592,12,5,0
HH_12593,12,6,0
HH_12594,13,4,0
HH_12595,11,5,2
HH_12596,10,6,0
HH_12597,15,8,1
HH_12598,12,10,2
HH_12599,9,6,1
HH_12600,12,8,0
HH_12601,16,5,1
HH_12602,16,4,0
HH_12603,16,4,0
HH_12604,7,4,2
HH_12605,9,10,2
HH_12606,10,8,1
HH_12607,15,1,0
HH_12608,9,4,1
HH_12609,18,3,0
HH_12610,15,3,2
HH_12611,16,3,0
HH_12612,9,7,0
HH_12613,9,4,1
HH_12614,10,8,1
HH_12615,12,5,0
HH_12616,12,6,1
HH_12617,14,6,0
HH_12618,10,3,0
HH_12619,16,5,2
HH_12620,5,5,1
HH_12621,19,2,0
HH_12622,9,7,1
HH_12623,7,4,1
HH_12624,12,7,2
HH_12625,11,4,0
HH_12626,15,3,0
HH_12627,14,2,1
HH_12628,7,10,3
HH_12629,8,4,0
HH_12630,9,4,3
HH_12631,12,6,0
HH_12632,15,6,0
HH_12633,17,3,0
HH_12634,19,2,1
HH_12635,15,6,0
HH_12636,15,4,1
HH_12637,13,6,0
HH_12638,13,5,0
HH_12639,13,8,1
HH_12640,11,5,1
HH_12641,8,4,2
HH_12642,7,4,2
HH_12643,12,4,0
HH_12644,17,3,0
HH_12645,12,7,0
HH_12646,10,4,1
HH_12647,14,1,0
HH_12648,9,4,3
HH_12649,18,3,1
HH_12650,20,4,2
HH_12651,10,7,0
HH_12652,11,2,2
HH_12653,10,4,1
HH_12654,16,5,1
HH_12655,16,3,2
HH_12656,10,5,0
HH_12657,11,7,0
HH_12658,9,6,1
HH_12659,16,4,2
HH_12660,9,7,0
HH_12661,14,6,3
HH_12662,11,5,2
HH_12663,7,5,2
HH_12664,11,6,2
HH_12665,12,5,1
HH_12666,7,5,0
HH_12667,17,2,1
HH_12668,14,2,2
HH_12669,5,5,2
HH_12670,10,3,1
HH_12671,11,4,0
HH_12672,15,7,4
HH_12673,8,5,2
HH_12674,9,5,1
HH_12675,11,4,1
HH_12676,13,8,1
HH_12677,12,6,2
HH_12678,8,6,0
HH_12679,18,5,2
HH_12680,15,1,2
HH_12681,9,4,2
HH_12682,13,2,0
HH_12683,6,7,1
HH_12684,10,8,2
HH_12685,15,6,0
HH_12686,8,2,0
HH_12687,15,5,2
HH_12688,12,6,0
HH_12689,11,5,0
HH_12690,16,4,0
HH_12691,16,4,0
HH_12692,13,6,0
HH_12693,12,6,3
HH_12694,18,8,1
HH_12695,13,4,1
HH_12696,12,4,3
HH_12697,9,7,3
HH_12698,16,8,2
HH_12699,11,9,0
HH_12700,14,6,2
HH_12701,14,7,1
HH_12702,16,8,3
HH_12703,9,4,2
HH_12704,17,2,1
HH_12705,8,1,1
HH_12706,20,7,0
HH_12707,12,3,0
HH_12708,7,2,0
HH_12709,10,3,3
HH_12710,8,4,0
HH_12711,12,7,0
HH_12712,13,1,2
HH_12713,18,4,1
HH_12714,12,5,0
HH_12715,15,5,0
HH_12716,20,7,0
HH_12717,16,7,0
HH_12718,7,3,0
HH_12719,13,6,2
HH_12720,10,7,4
HH_12721,6,5,0
HH_12722,9,4,0
HH_12723,10,3,1
HH_12724,15,5,2
HH_12725,12,4,0
HH_12726,14,8,2
HH_12727,10,4,1
HH_12728,11,3,0
HH_12729,8,5,0
HH_12730,11,3,1
HH_12731,13,5,3
HH_12732,13,4,0
HH_12733,11,7,0
HH_12734,13,4,1
HH_12735,21,6,0
HH_12736,16,5,1
HH_12737,16,2,0
HH_12738,8,4,1
HH_12739,7,9,2
HH_12740,15,5,1
HH_12741,11,5,0
HH_12742,7,4,0
HH_12743,15,1,0
HH_12744,6,4,1
HH_12745,15,3,0
HH_12746,13,3,0
HH_12747,11,5,0
HH_12748,14,7,1
HH_12749,16,5,0
HH_12750,12,6,0
HH_12751,8,3,0
HH_12752,6,5,2
HH_12753,10,2,1
HH_12754,8,2,0
HH_12755,5,4,2
HH_12756,22,2,1
HH_12757,18,1,2
HH_12758,15,3,1
HH_12759,8,6,1
HH_12760,7,4,0
HH_12761,10,8,0
HH_12762,7,4,0
HH_12763,12,2,1
HH_12764,22,10,3
HH_12765,14,7,0
HH_12766,11,6,0
HH_12767,13,7,0
HH_12768,15,3,1
HH_12769,15,5,3
HH_12770,16,4,1
HH_12771,15,3,0
HH_12772,9,6,0
HH_12773,13,8,0
HH_12774,7,8,1
HH_12775,13,6,2
HH_12776,15,10,0
HH_12777,7,8,0
HH_12778,12,9,0
HH_12779,19,9,1
HH_12780,12,4,0
HH_12781,10,5,2
HH_12782,8,5,1
HH_12783,9,5,0
HH_12784,13,4,1
HH_12785,14,5,0
HH_12786,14,8,0
HH_12787,14,7,1
HH_12788,18,9,0
HH_12789,13,4,1
HH_12790,10,3,1
HH_12791,13,6,2
HH_12792,15,4,2
HH_12793,21,4,1
HH_12794,14,6,1
HH_12795,10,1,1
HH_12796,17,4,1
HH_12797,14,6,0
HH_12798,9,7,0
HH_12799,8,5,1
HH_12800,9,1,0
HH_12801,12,6,1
HH_12802,13,3,0
HH_12803,10,6,1
HH_12804,17,3,1
HH_12805,22,1,0
HH_12806,9,6,0
HH_12807,19,5,1
HH_12808,12,4,2
HH_12809,7,3,0
HH_12810,16,5,2
HH_12811,16,4,0
HH_12812,14,6,1
HH_12813,10,6,0
HH_12814,18,8,1
HH_12815,8,2,0
HH_12816,15,4,1
HH_12817,11,4,0
HH_12818,6,7,1
HH_12819,14,7,1
HH_12820,9,4,1
HH_12821,12,3,1
HH_12822,13,8,1
HH_12823,10,6,1
HH_12824,16,5,2
HH_12825,16,5,3
HH_12826,13,0,0
HH_12827,11,7,1
HH_12828,15,7,0
HH_12829,17,4,2
HH_12830,14,7,0
HH_12831,15,10,0
HH_12832,18,3,0
HH_12833,10,4,0
HH_12834,9,5,2
HH_12835,21,7,0
HH_12836,12,7,0
HH_12837,9,6,0
HH_12838,14,5,0
HH_12839,13,4,2
HH_12840,9,5,0
HH_12841,10,5,0
HH_12842,14,3,0
HH_12843,18,7,0
HH_12844,12,6,0
HH_12845,16,5,2
HH_12846,10,5,0
HH_12847,14,6,2
HH_12848,15,3,0
HH_12849,10,6,1
HH_12850,8,4,0
HH_12851,11,9,0
HH_12852,14,5,1
HH_12853,8,3,2
HH_12854,15,3,1
HH_12855,12,2,2
HH_12856,12,0,0
HH_12857,10,2,3
HH_12858,14,10,0
HH_12859,7,4,2
HH_12860,11,2,1
HH_12861,11,8,0
HH_12862,15,3,0
HH_12863,12,4,1
HH_12864,12,3,2
HH_12865,15,3,1
HH_12866,10,7,1
HH_12867,17,10,0
HH_12868,14,1,1
HH_12869,9,7,0
HH_12870,9,10,0
HH_12871,13,6,1
HH_12872,17,2,4
HH_12873,16,1,1
HH_12874,14,2,1
HH_12875,7,4,2
HH_12876,10,2,3
HH_12877,13,2,2
HH_12878,7,5,2
HH_12879,12,12,2
HH_12880,3,9,2
HH_12881,14,1,0
HH_12882,10,4,2
HH_12883,11,7,1
HH_12884,10,8,1
HH_12885,16,8,0
HH_12886,13,5,1
HH_12887,10,4,0
HH_12888,13,2,0
HH_12889,8,7,2
HH_12890,9,7,0
HH_12891,8,4,1
HH_12892,16,5,1
HH_12893,12,4,1
HH_12894,11,1,0
HH_12895,8,6,0
HH_12896,14,2,0
HH_12897,17,3,1
HH_12898,15,8,1
HH_12899,16,5,2
HH_12900,15,9,1
HH_12901,5,1,0
HH_12902,11,5,1
HH_12903,10,4,1
HH_12904,11,4,1
HH_12905,11,6,2
HH_12906,9,6,1
HH_12907,9,2,2
HH_12908,19,4,1
HH_12909,14,4,1
HH_12910,12,3,1
HH_12911,6,5,2
HH_12912,10,8,1
HH_12913,12,9,1
HH_12914,14,3,0
HH_12915,13,7,1
HH_12916,11,4,5
HH_12917,14,10,2
HH_12918,13,4,0
HH_12919,11,6,0
HH_12920,9,6,1
HH_12921,16,4,0
HH_12922,10,3,1
HH_12923,17,6,2
HH_12924,15,5,1
HH_12925,4,3,3
HH_12926,12,0,1
HH_12927,10,11,0
HH_12928,16,4,1
HH_12929,12,9,3
HH_12930,8,4,0
HH_12931,16,6,1
HH_12932,9,4,0
HH_12933,8,2,2
HH_12934,16,9,0
HH_12935,14,8,0
HH_12936,13,8,0
HH_12937,11,4,1
HH_12938,15,3,1
HH_12939,8,2,1
HH_12940,11,8,0
HH_12941,13,6,3
HH_12942,11,5,1
HH_12943,11,6,0
HH_12944,10,0,2
HH_12945,11,4,1
HH_12946,11,8,1
HH_12947,11,6,0
HH_12948,9,3,1
HH_12949,15,6,1
HH_12950,15,2,1
HH_12951,16,4,0
HH_12952,15,4,1
HH_12953,13,4,2
HH_12954,7,3,1
HH_12955,17,3,1
HH_12956,12,5,3
HH_12957,8,7,2
HH_12958,6,4,0
HH_12959,11,7,1
HH_12960,13,5,3
HH_12961,14,8,0
HH_12962,15,6,2
HH_12963,16,4,1
HH_12964,11,9,0
HH_12965,16,5,0
HH_12966,14,6,2
HH_12967,12,5,1
HH_12968,11,5,1
HH_12969,13,2,0
HH_12970,6,3,3
HH_12971,6,3,1
HH_12972,15,3,0
HH_12973,11,4,1
HH_12974,11,5,0
HH_12975,14,11,2
HH_12976,19,6,1
HH_12977,10,5,1
HH_12978,16,2,2
HH_12979,9,7,2
HH_12980,21,3,2
HH_12981,16,6,1
HH_12982,17,9,0
HH_12983,16,2,1
HH_12984,14,9,1
HH_12985,9,5,2
HH_12986,16,11,0
HH_12987,10,7,2
HH_12988,8,5,1
HH_12989,11,6,4
HH_12990,15,3,0
HH_12991,5,2,0
HH_12992,10,8,0
HH_12993,9,7,2
HH_12994,10,5,0
HH_12995,13,9,1
HH_12996,8,8,0
HH_12997,9,2,0
HH_12998,11,6,2
HH_12999,13,4,1
HH_13000,18,4,0
HH_13001,16,6,2
HH_13002,15,6,0
HH_13003,13,2,0
HH_13004,10,6,0
HH_13005,10,5,0
HH_13006,12,6,1
HH_13007,15,2,1
HH_13008,12,7,0
HH_13009,8,7,0
HH_13010,11,6,1
HH_13011,11,5,2
HH_13012,8,8,2
HH_13013,11,5,0
HH_13014,8,5,0
HH_13015,12,6,2
HH_13016,10,3,1
HH_13017,14,8,1
HH_13018,4,3,0
HH_13019,12,2,1
HH_13020,10,6,0
HH_13021,13,7,3
HH_13022,7,6,0
HH_13023,17,3,0
HH_13024,12,8,0
HH_13025,12,5,2
HH_13026,11,7,1
HH_13027,15,9,1
HH_13028,16,8,1
HH_13029,14,6,3
HH_13030,18,5,2
HH_13031,6,5,0
HH_13032,16,6,2
HH_13033,15,7,1
HH_13034,10,1,1
HH_13035,12,3,0
HH_13036,11,4,2
HH_13037,14,4,1
HH_13038,11,3,1
HH_13039,9,6,3
HH_13040,8,5,2
HH_13041,13,2,1
HH_13042,11,2,1
HH_13043,16,4,0
HH_13044,12,7,1
HH_13045,18,5,0
HH_13046,12,5,0
HH_13047,13,5,0
HH_13048,8,11,1
HH_13049,10,6,0
HH_13050,13,2,0
HH_13051,9,12,2
HH_13052,9,9,2
HH_13053,8,2,3
HH_13054,11,5,1
HH_13055,18,7,1
HH_13056,12,2,2
HH_13057,14,5,0
HH_13058,22,7,2
HH_13059,6,7,0
HH_13060,13,5,1
HH_13061,11,4,0
HH_13062,10,3,0
HH_13063,12,6,0
HH_13064,12,5,2
HH_13065,11,4,1
HH_13066,13,4,1
HH_13067,7,12,1
HH_13068,14,6,1
HH_13069,12,5,0
HH_13070,13,7,0
HH_13071,9,4,1
HH_13072,9,5,2
HH_13073,16,9,2
HH_13074,18,5,3
HH_13075,15,8,2
HH_13076,18,8,1
HH_13077,8,4,1
HH_13078,16,3,0
HH_13079,16,4,2
HH_13080,14,1,0
HH_13081,13,3,2
HH_13082,10,5,2
HH_13083,9,3,2
HH_13084,9,4,0
HH_13085,17,2,0
HH_13086,14,6,1
HH_13087,14,2,0
HH_13088,8,2,1
HH_13089,9,5,0
HH_13090,11,3,0
HH_13091,10,3,1
HH_13092,10,4,0
HH_13093,15,6,1
HH_13094,8,10,0
HH_13095,13,7,2
HH_13096,19,9,1
HH_13097,14,6,1
HH_13098,14,5,4
HH_13099,11,3,2
HH_13100,17,8,1
HH_13101,15,5,3
HH_13102,8,6,4
HH_13103,14,6,2
HH_13104,14,5,0
HH_13105,15,2,1
HH_13106,13,6,0
HH_13107,9,9,1
HH_13108,6,2,1
HH_13109,13,7,0
HH_13110,11,6,2
HH_13111,14,9,1
HH_13112,9,4,0
HH_13113,18,6,0
HH_13114,11,7,2
HH_13115,15,7,1
HH_13116,13,5,0
HH_13117,12,2,1
HH_13118,8,6,0
HH_13119,12,4,1
HH_13120,12,6,1
HH_13121,10,8,0
HH_13122,16,4,0
HH_13123,10,6,2
HH_13124,8,2,2
HH_13125,13,6,1
HH_13126,8,5,1
HH_13127,12,8,0
HH_13128,12,1,0
HH_13129,10,6,2
HH_13130,11,10,1
HH_13131,12,5,1
HH_13132,14,5,2
HH_13133,17,6,2
HH_13134,19,7,0
HH_13135,7,3,1
HH_13136,14,6,1
HH_13137,8,2,0
HH_13138,13,4,0
HH_13139,13,3,1
HH_13140,11,3,0
HH_13141,15,2,1
HH_13142,12,8,1
HH_13143,11,5,1
HH_13144,14,7,1
HH_13145,7,3,1
HH_13146,11,2,2
HH_13147,10,3,1
HH_13148,12,5,0
HH_13149,4,3,1
HH_13150,13,6,0
HH_13151,10,9,1
HH_13152,6,6,1
HH_13153,9,6,1
HH_13154,17,6,1
HH_13155,14,5,1
HH_13156,12,4,3
HH_13157,15,4,0
HH_13158,6,4,0
HH_13159,10,12,0
HH_13160,10,3,0
HH_13161,11,10,1
HH_13162,12,5,0
HH_13163,11,10,2
HH_13164,12,8,1
HH_13165,13,9,0
HH_13166,7,3,1
HH_13167,15,7,1
HH_13168,13,9,1
HH_13169,13,10,0
HH_13170,6,1,2
HH_13171,18,5,2
HH_13172,13,5,2
HH_13173,10,2,0
HH_13174,14,5,1
HH_13175,14,10,1
HH_13176,9,2,1
HH_13177,11,8,0
HH_13178,8,7,3
HH_13179,13,6,1
HH_13180,7,7,0
HH_13181,12,4,0
HH_13182,7,7,2
HH_13183,9,6,0
HH_13184,8,2,1
HH_13185,13,1,1
HH_13186,21,9,1
HH_13187,11,4,0
HH_13188,6,3,1
HH_13189,13,2,1
HH_13190,12,4,4
HH_13191,10,3,0
HH_13192,8,7,2
HH_13193,15,7,2
HH_13194,12,4,0
HH_13195,15,11,1
HH_13196,8,5,0
HH_13197,6,3,0
HH_13198,26,6,3
HH_13199,8,6,2
HH_13200,11,8,0
HH_13201,12,6,0
HH_13202,9,3,0
HH_13203,14,5,1
HH_13204,14,6,2
HH_13205,16,3,1
HH_13206,14,4,2
HH_13207,13,5,1
HH_13208,15,3,4
HH_13209,9,4,2
HH_13210,12,3,2
HH_13211,10,6,1
HH_13212,20,7,2
HH_13213,13,7,0
HH_13214,17,7,4
HH_13215,11,6,2
HH_13216,10,4,2
HH_13217,14,2,1
HH_13218,14,4,0
HH_13219,14,5,0
HH_13220,8,3,3
HH_13221,6,6,0
HH_13222,14,5,3
HH_13223,17,6,0
HH_13224,18,6,1
HH_13225,15,8,2
HH_13226,10,6,2
HH_13227,17,1,0
HH_13228,10,5,1
HH_13229,10,11,0
HH_13230,12,7,0
HH_13231,13,6,2
HH_13232,6,3,0
HH_13233,17,3,1
HH_13234,13,8,2
HH_13235,13,5,1
HH_13236,12,1,2
HH_13237,5,6,0
HH_13238,7,5,0
HH_13239,10,3,1
HH_13240,13,4,0
HH_13241,17,5,2
HH_13242,16,6,1
HH_13243,9,4,0
HH_13244,13,9,0
HH_13245,10,5,1
HH_13246,12,6,2
HH_13247,10,3,0
HH_13248,21,1,0
HH_13249,16,10,1
HH_13250,12,7,1
HH_13251,14,4,0
HH_13252,17,5,1
HH_13253,11,9,1
HH_13254,9,3,0
HH_13255,11,2,3
HH_13256,15,3,1
HH_13257,18,5,1
HH_13258,11,6,1
HH_13259,9,3,0
HH_13260,15,2,0
HH_13261,11,5,1
HH_13262,13,8,2
HH_13263,11,7,1
HH_13264,5,5,1
HH_13265,11,2,0
HH_13266,21,5,2
HH_13267,12,4,2
HH_13268,18,2,2
HH_13269,16,9,0
HH_13270,13,3,1
HH_13271,22,4,2
HH_13272,8,7,1
HH_13273,14,5,0
HH_13274,5,4,2
HH_13275,11,1,0
HH_13276,8,3,2
HH_13277,12,5,2
HH_13278,12,6,0
HH_13279,17,5,0
HH_13280,2,4,0
HH_13281,11,8,0
HH_13282,14,8,2
HH_13283,14,5,2
HH_13284,10,6,0
HH_13285,20,4,0
HH_13286,14,7,2
HH_13287,7,7,2
HH_13288,11,7,0
HH_13289,17,2,3
HH_13290,10,6,0
HH_13291,11,4,1
HH_13292,9,7,0
HH_13293,17,4,0
HH_13294,12,8,2
HH_13295,13,3,1
HH_13296,18,1,1
HH_13297,17,2,1
HH_13298,9,6,0
HH_13299,7,7,1
HH_13300,17,3,2
HH_13301,11,5,1
HH_13302,12,7,1
HH_13303,11,4,1
HH_13304,11,4,1
HH_13305,17,3,2
HH_13306,12,8,0
HH_13307,8,9,0
HH_13308,10,7,2
HH_13309,19,3,1
HH_13310,12,9,4
HH_13311,19,6,3
HH_13312,14,9,1
HH_13313,9,4,4
HH_13314,8,4,1
HH_13315,9,8,2
HH_13316,6,3,1
HH_13317,13,5,3
HH_13318,17,2,2
HH_13319,10,4,1
HH_13320,17,10,0
HH_13321,10,4,3
HH_13322,10,1,0
HH_13323,12,4,2
HH_13324,4,4,2
HH_13325,14,6,0
HH_13326,12,5,4
HH_13327,16,6,0
HH_13328,14,9,0
HH_13329,9,2,1
HH_13330,13,2,1
HH_13331,15,6,0
HH_13332,12,3,1
HH_13333,11,6,0
HH_13334,13,4,3
HH_13335,11,6,4
HH_13336,10,3,0
HH_13337,13,1,0
HH_13338,11,6,1
HH_13339,7,2,0
HH_13340,15,4,4
HH_13341,13,3,0
HH_13342,12,6,1
HH_13343,10,1,2
HH_13344,12,5,1
HH_13345,13,4,1
HH_13346,14,4,0
HH_13347,13,4,1
HH_13348,11,4,1
HH_13349,7,3,2
HH_13350,7,8,1
HH_13351,11,10,2
HH_13352,14,4,0
HH_13353,17,4,0
HH_13354,6,5,0
HH_13355,16,6,0
HH_13356,16,6,2
HH_13357,13,4,2
HH_13358,14,6,0
HH_13359,19,5,2
HH_13360,17,6,1
HH_13361,13,6,1
HH_13362,10,4,1
HH_13363,15,8,0
HH_13364,17,10,0
HH_13365,6,3,1
HH_13366,9,5,0
HH_13367,9,5,1
HH_13368,12,11,0
HH_13369,15,5,2
HH_13370,9,4,0
HH_13371,11,4,0
HH_13372,10,4,0
HH_13373,9,3,0
HH_13374,17,5,2
HH_13375,8,3,1
HH_13376,13,4,0
HH_13377,14,8,1
HH_13378,6,6,0
HH_13379,13,0,1
HH_13380,9,7,1
HH_13381,11,1,0
HH_13382,10,7,1
HH_13383,10,7,2
HH_13384,15,5,2
HH_13385,15,5,0
HH_13386,11,4,1
HH_13387,12,3,1
HH_13388,14,6,1
HH_13389,14,0,0
HH_13390,12,9,3
HH_13391,9,2,0
HH_13392,10,1,0
HH_13393,15,7,0
HH_13394,16,6,1
HH_13395,6,5,2
HH_13396,12,4,1
HH_13397,10,8,0
HH_13398,17,5,0
HH_13399,22,1,0
HH_13400,9,4,2
HH_13401,17,5,1
HH_13402,15,8,3
HH_13403,15,9,0
HH_13404,9,6,0
HH_13405,9,5,0
HH_13406,12,5,1
HH_13407,17,7,1
HH_13408,9,6,1
HH_13409,8,6,1
HH_13410,9,5,1
HH_13411,12,3,0
HH_13412,10,5,1
HH_13413,13,5,0
HH_13414,11,7,0
HH_13415,13,8,1
HH_13416,13,7,1
HH_13417,11,3,3
HH_13418,7,5,3
HH_13419,16,4,3
HH_13420,12,7,0
HH_13421,20,6,2
HH_13422,11,1,2
HH_13423,12,8,1
HH_13424,13,4,0
HH_13425,12,5,0
HH_13426,10,6,0
HH_13427,7,2,1
HH_13428,9,8,1
HH_13429,13,5,0
HH_13430,12,3,1
HH_13431,13,6,0
HH_13432,17,6,1
HH_13433,9,7,1
HH_13434,12,7,0
HH_13435,7,8,1
HH_13436,13,5,4
HH_13437,11,3,1
HH_13438,10,5,2
HH_13439,13,7,0
HH_13440,7,3,0
HH_13441,12,7,0
HH_13442,13,3,3
HH_13443,10,3,1
HH_13444,13,3,0
HH_13445,15,5,1
HH_13446,11,4,3
HH_13447,6,4,2
HH_13448,11,7,1
HH_13449,17,2,1
HH_13450,16,4,0
HH_13451,11,6,1
HH_13452,14,4,0
HH_13453,14,6,1
HH_13454,21,3,0
HH_13455,17,9,2
HH_13456,10,5,1
HH_13457,9,10,0
HH_13458,22,7,1
HH_13459,12,6,0
HH_13460,14,2,0
HH_13461,13,4,1
HH_13462,8,5,1
HH_13463,9,7,1
HH_13464,10,9,2
HH_13465,11,4,2
HH_13466,14,6,2
HH_13467,11,9,0
HH_13468,12,8,0
HH_13469,17,3,3
HH_13470,14,10,0
HH_13471,14,3,0
HH_13472,13,3,1
HH_13473,11,3,3
HH_13474,11,3,1
HH_13475,13,6,0
HH_13476,11,6,2
HH_13477,11,7,2
HH_13478,13,5,2
HH_13479,10,6,1
HH_13480,16,8,1
HH_13481,19,4,0
HH_13482,12,4,0
HH_13483,9,7,1
HH_13484,13,7,1
HH_13485,8,1,3
HH_13486,11,7,2
HH_13487,10,7,0
HH_13488,12,3,0
HH_13489,14,3,0
HH_13490,13,9,0
HH_13491,19,3,2
HH_13492,9,11,2
HH_13493,17,0,1
HH_13494,14,7,0
HH_13495,11,6,1
HH_13496,14,7,1
HH_13497,8,5,1
HH_13498,11,3,3
HH_13499,12,10,1
HH_13500,5,2,0
HH_13501,12,2,2
HH_13502,14,5,1
HH_13503,2,4,3
HH_13504,16,7,1
HH_13505,10,3,0
HH_13506,21,4,1
HH_13507,9,5,5
HH_13508,5,6,0
HH_13509,14,7,0
HH_13510,12,2,1
HH_13511,17,7,0
HH_13512,16,6,1
HH_13513,16,5,0
HH_13514,8,5,0
HH_13515,10,7,3
HH_13516,9,3,1
HH_13517,12,7,1
HH_13518,11,4,0
HH_13519,10,9,2
HH_13520,13,3,5
HH_13521,12,5,0
HH_13522,10,3,1
HH_13523,12,5,1
HH_13524,14,3,0
HH_13525,9,7,2
HH_13526,10,4,2
HH_13527,17,4,1
HH_13528,5,6,0
HH_13529,7,6,3
HH_13530,11,4,0
HH_13531,10,1,1
HH_13532,9,4,0
HH_13533,7,5,0
HH_13534,14,2,4
HH_13535,14,4,0
HH_13536,15,7,1
HH_13537,14,2,0
HH_13538,9,6,2
HH_13539,5,9,0
HH_13540,13,5,0
HH_13541,12,9,0
HH_13542,10,9,0
HH_13543,14,9,2
HH_13544,3,6,2
HH_13545,9,3,1
HH_13546,12,5,0
HH_13547,12,7,3
HH_13548,14,7,1
HH_13549,7,5,1
HH_13550,12,4,0
HH_13551,14,6,2
HH_13552,10,6,2
HH_13553,11,5,3
HH_13554,12,9,2
HH_13555,7,3,0
HH_13556,10,5,1
HH_13557,16,5,0
HH_13558,13,12,2
HH_13559,12,2,2
HH_13560,8,3,1
HH_13561,11,5,2
HH_13562,11,5,1
HH_13563,15,6,1
HH_13564,14,3,0
HH_13565,14,3,0
HH_13566,10,2,2
HH_13567,12,4,0
HH_13568,12,3,4
HH_13569,16,3,2
HH_13570,12,3,1
HH_13571,17,6,1
HH_13572,9,7,2
HH_13573,14,7,3
HH_13574,8,2,1
HH_13575,9,5,1
HH_13576,12,6,0
HH_13577,13,4,0
HH_13578,8,5,3
HH_13579,14,4,0
HH_13580,13,10,0
HH_13581,13,6,2
HH_13582,15,5,2
HH_13583,9,5,1
HH_13584,10,3,1
HH_13585,16,2,1
HH_13586,12,3,0
HH_13587,11,1,1
HH_13588,8,4,1
HH_13589,20,3,1
HH_13590,14,6,0
HH_13591,11,8,0
HH_13592,11,3,0
HH_13593,8,2,1
HH_13594,6,3,1
HH_13595,9,4,0
HH_13596,6,6,1
HH_13597,22,0,3
HH_13598,16,8,2
HH_13599,15,8,0
HH_13600,10,5,2
HH_13601,13,9,0
HH_13602,8,4,0
HH_13603,12,3,0
HH_13604,15,5,3
HH_13605,10,3,1
HH_13606,14,6,1
HH_13607,11,0,1
HH_13608,11,3,2
HH_13609,10,5,1
HH_13610,8,4,2
HH_13611,15,4,0
HH_13612,9,5,3
HH_13613,13,6,2
HH_13614,13,6,0
HH_13615,15,5,0
HH_13616,13,4,1
HH_13617,12,7,0
HH_13618,14,2,2
HH_13619,10,7,2
HH_13620,19,6,1
HH_13621,9,2,1
HH_13622,12,8,0
HH_13623,13,4,1
HH_13624,12,4,1
HH_13625,10,5,0
HH_13626,10,4,1
HH_13627,7,10,2
HH_13628,10,5,0
HH_13629,17,4,2
HH_13630,8,3,3
HH_13631,11,5,3
HH_13632,10,4,0
HH_13633,16,6,1
HH_13634,9,3,2
HH_13635,12,8,1
HH_13636,14,3,2
HH_13637,6,4,0
HH_13638,18,9,1
HH_13639,11,5,2
HH_13640,16,2,0
HH_13641,16,5,0
HH_13642,12,7,3
HH_13643,11,4,1
HH_13644,13,3,0
HH_13645,12,4,2
HH_13646,8,1,1
HH_13647,10,6,2
HH_13648,7,4,1
HH_13649,9,5,0
HH_13650,14,7,4
HH_13651,6,5,1
HH_13652,11,2,0
HH_13653,12,2,2
HH_13654,7,5,2
HH_13655,6,4,0
HH_13656,11,5,3
HH_13657,9,7,0
HH_13658,9,4,1
HH_13659,19,7,1
HH_13660,8,5,3
HH_13661,14,4,1
HH_13662,12,0,1
HH_13663,9,11,1
HH_13664,9,6,1
HH_13665,17,6,1
HH_13666,11,2,1
HH_13667,13,6,2
HH_13668,14,3,1
HH_13669,15,5,2
HH_13670,17,9,0
HH_13671,6,4,0
HH_13672,12,7,3
HH_13673,16,3,3
HH_13674,7,12,0
HH_13675,14,1,0
HH_13676,13,6,1
HH_13677,13,9,1
HH_13678,6,3,0
HH_13679,14,7,2
HH_13680,10,4,1
HH_13681,21,0,2
HH_13682,10,11,1
HH_13683,11,5,0
HH_13684,11,10,3
HH_13685,14,5,2
HH_13686,15,4,3
HH_13687,13,6,0
HH_13688,12,12,0
HH_13689,14,4,3
HH_13690,19,3,3
HH_13691,13,8,0
HH_13692,24,4,2
HH_13693,10,7,2
HH_13694,23,2,2
HH_13695,12,3,2
HH_13696,7,5,1
HH_13697,16,1,1
HH_13698,16,3,1
HH_13699,11,5,1
HH_13700,17,5,0
HH_13701,10,5,3
HH_13702,14,3,2
HH_13703,17,5,0
HH_13704,19,3,3
HH_13705,10,8,0
HH_13706,5,4,1
HH_13707,9,6,1
HH_13708,13,5,1
HH_13709,16,2,1
HH_13710,16,5,0
HH_13711,9,3,0
HH_13712,11,4,1
HH_13713,16,7,1
HH_13714,15,6,0
HH_13715,11,6,1
HH_13716,11,6,0
HH_13717,15,5,2
HH_13718,15,4,1
HH_13719,17,5,0
HH_13720,8,4,1
HH_13721,11,3,1
HH_13722,14,3,3
HH_13723,13,5,1
HH_13724,15,5,3
HH_13725,8,9,0
HH_13726,18,6,1
HH_13727,8,2,1
HH_13728,10,6,1
HH_13729,9,8,0
HH_13730,5,4,3
HH_13731,8,4,2
HH_13732,6,5,1
HH_13733,14,6,2
HH_13734,15,3,3
HH_13735,10,5,0
HH_13736,16,1,0
HH_13737,14,7,2
HH_13738,11,8,0
HH_13739,12,6,0
HH_13740,12,6,1
HH_13741,13,4,1
HH_13742,16,5,1
HH_13743,14,11,0
HH_13744,15,6,1
HH_13745,14,6,1
HH_13746,14,4,2
HH_13747,12,5,1
HH_13748,13,6,0
HH_13749,12,2,0
HH_13750,10,4,0
HH_13751,14,9,0
HH_13752,16,9,2
HH_13753,7,9,0
HH_13754,10,5,1
HH_13755,12,13,1
HH_13756,12,4,0
HH_13757,12,7,0
HH_13758,14,7,1
HH_13759,22,5,1
HH_13760,10,6,0
HH_13761,13,5,3
HH_13762,10,8,1
HH_13763,16,4,3
HH_13764,9,2,0
HH_13765,8,7,0
HH_13766,8,4,0
HH_13767,13,5,0
HH_13768,12,6,3
HH_13769,17,1,1
HH_13770,13,5,0
HH_13771,11,7,0
HH_13772,14,5,0
HH_13773,14,5,0
HH_13774,11,7,0
HH_13775,11,3,1
HH_13776,17,3,0
HH_13777,5,2,1
HH_13778,6,2,1
HH_13779,14,6,1
HH_13780,10,6,0
HH_13781,13,7,1
HH_13782,12,5,1
HH_13783,12,9,1
HH_13784,12,8,2
HH_13785,11,7,1
HH_13786,12,4,1
HH_13787,9,7,1
HH_13788,14,2,0
HH_13789,13,3,3
HH_13790,7,8,0
HH_13791,13,3,0
HH_13792,10,6,0
HH_13793,10,1,2
HH_13794,11,6,3
HH_13795,18,2,0
HH_13796,13,0,1
HH_13797,13,8,1
HH_13798,13,9,0
HH_13799,11,5,1
HH_13800,15,3,0
HH_13801,21,4,1
HH_13802,11,6,0
HH_13803,7,3,1
HH_13804,11,5,0
HH_13805,10,5,0
HH_13806,14,6,0
HH_13807,11,7,1
HH_13808,13,2,0
HH_13809,14,0,2
HH_13810,2,1,0
HH_13811,9,5,0
HH_13812,14,5,2
HH_13813,10,7,2
HH_13814,11,7,0
HH_13815,11,6,1
HH_13816,8,7,0
HH_13817,15,4,2
HH_13818,15,6,1
HH_13819,10,5,1
HH_13820,12,5,1
HH_13821,18,5,1
HH_13822,18,5,1
HH_13823,13,6,1
HH_13824,14,4,2
HH_13825,11,4,1
HH_13826,15,6,0
HH_13827,11,7,0
HH_13828,13,6,0
HH_13829,10,3,1
HH_13830,15,5,1
HH_13831,9,4,2
HH_13832,13,7,1
HH_13833,15,3,0
HH_13834,16,6,1
HH_13835,7,3,2
HH_13836,12,7,2
HH_13837,5,4,2
HH_13838,8,3,1
HH_13839,6,10,2
HH_13840,10,7,2
HH_13841,13,3,2
HH_13842,6,7,2
HH_13843,14,4,2
HH_13844,18,6,1
HH_13845,9,7,0
HH_13846,11,8,1
HH_13847,14,4,0
HH_13848,13,5,1
HH_13849,13,6,0
HH_13850,9,6,0
HH_13851,12,8,0
HH_13852,19,6,1
HH_13853,13,5,0
HH_13854,9,4,2
HH_13855,14,7,1
HH_13856,16,10,1
HH_13857,13,8,1
HH_13858,11,4,0
HH_13859,16,4,2
HH_13860,19,6,2
HH_13861,9,3,0
HH_13862,11,7,3
HH_13863,9,5,0
HH_13864,15,10,1
HH_13865,12,6,0
HH_13866,16,8,0
HH_13867,18,3,1
HH_13868,11,7,1
HH_13869,13,6,2
HH_13870,10,6,2
HH_13871,12,6,1
HH_13872,15,5,1
HH_13873,11,3,0
HH_13874,15,5,2
HH_13875,14,4,0
HH_13876,16,5,0
HH_13877,5,7,1
HH_13878,12,5,3
HH_13879,13,3,3
HH_13880,18,6,0
HH_13881,11,5,2
HH_13882,8,2,1
HH_13883,2,6,1
HH_13884,11,1,0
HH_13885,10,1,1
HH_13886,14,7,1
HH_13887,12,8,1
HH_13888,15,3,0
HH_13889,17,8,2
HH_13890,11,5,1
HH_13891,11,4,1
HH_13892,7,3,2
HH_13893,12,4,2
HH_13894,18,2,1
HH_13895,13,6,1
HH_13896,8,5,2
HH_13897,7,6,2
HH_13898,9,6,1
HH_13899,13,7,2
HH_13900,7,2,3
HH_13901,13,6,2
HH_13902,16,2,1
HH_13903,11,5,1
HH_13904,9,3,0
HH_13905,11,3,1
HH_13906,15,5,1
HH_13907,17,5,0
HH_13908,10,6,1
HH_13909,14,6,3
HH_13910,10,5,0
HH_13911,9,4,1
HH_13912,7,5,2
HH_13913,7,6,1
HH_13914,12,5,2
HH_13915,12,4,0
HH_13916,16,4,2
HH_13917,7,3,1
HH_13918,10,6,1
HH_13919,11,7,1
HH_13920,14,6,0
HH_13921,16,4,3
HH_13922,10,4,1
HH_13923,9,6,1
HH_13924,17,4,1
HH_13925,11,8,1
HH_13926,11,6,1
HH_13927,10,9,1
HH_13928,12,3,1
HH_13929,21,12,0
HH_13930,13,6,0
HH_13931,10,6,1
HH_13932,19,4,1
HH_13933,12,8,1
HH_13934,15,14,1
HH_13935,7,6,2
HH_13936,12,6,0
HH_13937,8,3,2
HH_13938,9,6,0
HH_13939,15,6,1
HH_13940,13,8,0
HH_13941,9,6,0
HH_13942,19,3,3
HH_13943,14,3,3
HH_13944,12,8,2
HH_13945,19,4,0
HH_13946,8,6,0
HH_13947,7,6,1
HH_13948,9,4,0
HH_13949,11,6,0
HH_13950,10,1,2
HH_13951,13,3,0
HH_13952,17,3,0
HH_13953,11,4,1
HH_13954,7,4,0
HH_13955,15,6,0
HH_13956,6,8,1
HH_13957,14,8,4
HH_13958,10,6,0
HH_13959,13,8,0
HH_13960,10,5,2
HH_13961,6,4,1
HH_13962,16,6,2
HH_13963,11,6,1
HH_13964,9,5,1
HH_13965,17,5,1
HH_13966,10,5,0
HH_13967,9,6,1
HH_13968,10,7,4
HH_13969,14,2,1
HH_13970,17,6,1
HH_13971,9,6,1
HH_13972,11,8,0
HH_13973,15,8,1
HH_13974,11,11,0
HH_13975,8,5,1
HH_13976,15,2,0
HH_13977,16,4,3
HH_13978,12,7,0
HH_13979,18,1,0
HH_13980,19,7,0
HH_13981,10,5,2
HH_13982,12,4,0
HH_13983,16,3,1
HH_13984,10,3,1
HH_13985,13,3,1
HH_13986,11,11,0
HH_13987,13,5,2
HH_13988,13,7,0
HH_13989,10,5,1
HH_13990,9,8,0
HH_13991,18,8,2
HH_13992,10,7,1
HH_13993,9,3,0
HH_13994,11,3,1
HH_13995,14,5,2
HH_13996,11,2,1
HH_13997,17,2,2
HH_13998,5,5,1
HH_13999,8,10,0
HH_14000,13,6,1
HH_14001,9,4,0
HH_14002,10,7,2
HH_14003,11,2,3
HH_14004,15,8,0
HH_14005,11,2,0
HH_14006,15,2,0
HH_14007,13,8,1
HH_14008,14,5,0
HH_14009,17,7,2
HH_14010,14,7,0
HH_14011,12,6,1
HH_14012,11,5,2
HH_14013,10,3,0
HH_14014,18,2,1
HH_14015,8,4,1
HH_14016,9,6,1
HH_14017,8,4,1
HH_14018,12,3,1
HH_14019,7,6,1
HH_14020,17,6,2
HH_14021,9,6,0
HH_14022,11,3,2
HH_14023,12,5,1
HH_14024,12,6,0
HH_14025,9,10,1
HH_14026,19,1,1
HH_14027,8,5,1
HH_14028,8,4,1
HH_14029,17,6,1
HH_14030,14,5,0
HH_14031,18,3,1
HH_14032,13,4,1
HH_14033,11,5,1
HH_14034,12,5,1
HH_14035,16,12,0
HH_14036,7,5,1
HH_14037,8,13,1
HH_14038,13,2,1
HH_14039,10,5,0
HH_14040,10,6,1
HH_14041,9,2,1
HH_14042,16,4,0
HH_14043,10,4,0
HH_14044,13,5,2
HH_14045,15,5,0
HH_14046,7,4,2
HH_14047,12,4,1
HH_14048,13,5,0
HH_14049,9,5,1
HH_14050,16,8,1
HH_14051,14,7,1
HH_14052,17,5,2
HH_14053,9,2,1
HH_14054,12,3,2
HH_14055,10,7,1
HH_14056,15,3,1
HH_14057,8,6,1
HH_14058,10,6,0
HH_14059,14,6,0
HH_14060,9,6,2
HH_14061,15,6,0
HH_14062,17,7,2
HH_14063,12,4,0
HH_14064,12,7,1
HH_14065,5,2,0
HH_14066,9,8,2
HH_14067,10,1,2
HH_14068,13,4,1
HH_14069,5,7,1
HH_14070,26,6,0
HH_14071,10,3,2
HH_14072,8,6,1
HH_14073,16,6,1
HH_14074,14,4,1
HH_14075,10,2,2
HH_14076,11,6,0
HH_14077,9,2,1
HH_14078,13,6,1
HH_14079,18,7,1
HH_14080,16,2,1
HH_14081,13,5,0
HH_14082,11,8,2
HH_14083,14,6,2
HH_14084,7,5,0
HH_14085,13,6,1
HH_14086,16,6,1
HH_14087,16,9,2
HH_14088,14,6,3
HH_14089,8,8,1
HH_14090,9,4,0
HH_14091,16,3,2
HH_14092,18,4,0
HH_14093,12,6,0
HH_14094,22,6,0
HH_14095,10,3,1
HH_14096,13,4,3
HH_14097,17,5,0
HH_14098,8,6,2
HH_14099,10,6,1
HH_14100,12,12,1
HH_14101,14,4,2
HH_14102,8,2,0
HH_14103,20,6,0
HH_14104,14,8,1
HH_14105,7,4,2
HH_14106,18,6,2
HH_14107,14,4,1
HH_14108,4,3,0
HH_14109,17,3,0
HH_14110,15,2,1
HH_14111,14,3,0
HH_14112,15,6,0
HH_14113,10,6,1
HH_14114,6,6,1
HH_14115,12,4,0
HH_14116,15,8,1
HH_14117,12,3,1
HH_14118,11,1,0
HH_14119,13,2,1
HH_14120,13,6,0
HH_14121,10,3,0
HH_14122,11,2,0
HH_14123,11,8,1
HH_14124,10,8,3
HH_14125,11,7,1
HH_14126,17,5,0
HH_14127,8,6,0
HH_14128,7,5,1
HH_14129,10,3,0
HH_14130,15,5,1
HH_14131,14,6,4
HH_14132,9,4,1
HH_14133,16,3,1
HH_14134,10,4,0
HH_14135,15,6,1
HH_14136,18,6,0
HH_14137,13,4,2
HH_14138,14,7,2
HH_14139,8,6,0
HH_14140,9,9,1
HH_14141,15,5,1
HH_14142,11,5,3
HH_14143,15,3,0
HH_14144,11,5,1
HH_14145,11,5,1
HH_14146,10,5,2
HH_14147,12,5,0
HH_14148,15,2,0
HH_14149,18,9,0
HH_14150,13,2,1
HH_14151,10,4,0
HH_14152,4,9,2
HH_14153,13,5,1
HH_14154,13,4,1
HH_14155,9,5,1
HH_14156,10,8,2
HH_14157,16,5,2
HH_14158,12,3,2
HH_14159,11,5,1
HH_14160,14,2,2
HH_14161,18,10,0
HH_14162,9,7,0
HH_14163,9,4,1
HH_14164,13,6,1
HH_14165,13,6,1
HH_14166,8,11,1
HH_14167,24,10,0
HH_14168,12,3,1
HH_14169,11,2,2
HH_14170,12,7,0
HH_14171,14,7,1
HH_14172,9,4,1
HH_14173,12,0,1
HH_14174,6,5,0
HH_14175,18,6,0
HH_14176,14,5,2
HH_14177,14,4,0
HH_14178,14,3,1
HH_14179,13,7,1
HH_14180,7,7,2
HH_14181,9,2,2
HH_14182,18,4,0
HH_14183,13,3,0
HH_14184,11,4,0
HH_14185,15,8,1
HH_14186,6,8,2
HH_14187,16,5,1
HH_14188,11,4,1
HH_14189,13,3,2
HH_14190,8,6,2
HH_14191,8,5,2
HH_14192,8,4,2
HH_14193,14,5,1
HH_14194,11,2,1
HH_14195,18,3,0
HH_14196,15,5,0
HH_14197,12,9,1
HH_14198,9,6,0
HH_14199,6,4,4
HH_14200,16,7,0
HH_14201,19,3,0
HH_14202,14,7,0
HH_14203,8,4,1
HH_14204,17,7,0
HH_14205,11,10,0
HH_14206,9,2,1
HH_14207,12,5,3
HH_14208,12,7,1
HH_14209,12,3,0
HH_14210,14,9,1
HH_14211,7,6,1
HH_14212,12,4,1
HH_14213,12,7,2
HH_14214,15,3,0
HH_14215,13,10,1
HH_14216,11,7,1
HH_14217,9,5,1
HH_14218,14,9,2
HH_14219,9,9,3
HH_14220,18,3,1
HH_14221,16,7,3
HH_14222,13,3,1
HH_14223,14,6,1
HH_14224,9,6,0
HH_14225,11,1,2
HH_14226,10,6,0
HH_14227,15,11,3
HH_14228,16,5,2
HH_14229,14,5,0
HH_14230,13,6,0
HH_14231,16,4,2
HH_14232,17,7,1
HH_14233,14,6,1
HH_14234,12,7,0
HH_14235,11,5,1
HH_14236,13,4,0
HH_14237,11,5,1
HH_14238,9,4,0
HH_14239,11,7,1
HH_14240,17,9,0
HH_14241,15,6,1
HH_14242,10,6,0
HH_14243,7,7,0
HH_14244,8,2,0
HH_14245,9,4,0
HH_14246,12,6,1
HH_14247,15,7,2
HH_14248,17,7,1
HH_14249,15,14,2
HH_14250,15,6,0
HH_14251,10,7,1
HH_14252,14,5,4
HH_14253,9,2,0
HH_14254,9,6,0
HH_14255,14,6,1
HH_14256,18,2,1
HH_14257,10,3,0
HH_14258,13,5,0
HH_14259,13,1,2
HH_14260,18,4,1
HH_14261,10,4,0
HH_14262,13,0,2
HH_14263,5,6,2
HH_14264,6,5,1
HH_14265,11,2,2
HH_14266,12,4,2
HH_14267,14,4,1
HH_14268,13,8,0
HH_14269,7,5,0
HH_14270,18,3,0
HH_14271,11,4,1
HH_14272,4,2,2
HH_14273,10,5,2
HH_14274,11,2,2
HH_14275,16,4,0
HH_14276,13,4,0
HH_14277,16,4,0
HH_14278,13,10,2
HH_14279,9,4,0
HH_14280,12,4,1
HH_14281,9,6,0
HH_14282,10,3,2
HH_14283,7,8,1
HH_14284,13,9,0
HH_14285,6,6,0
HH_14286,8,8,3
HH_14287,10,4,2
HH_14288,17,7,5
HH_14289,13,3,0
HH_14290,7,7,1
HH_14291,15,4,0
HH_14292,14,5,1
HH_14293,7,3,2
HH_14294,8,5,1
HH_14295,7,4,2
HH_14296,14,4,4
HH_14297,12,5,3
HH_14298,15,8,4
HH_14299,14,7,3
HH_14300,12,7,0
HH_14301,9,5,0
HH_14302,11,5,0
HH_14303,12,6,0
HH_14304,15,5,5
HH_14305,11,8,1
HH_14306,12,3,2
HH_14307,20,7,1
HH_14308,9,4,2
HH_14309,16,6,1
HH_14310,13,4,2
HH_14311,12,5,2
HH_14312,16,2,2
HH_14313,14,4,1
HH_14314,12,6,2
HH_14315,19,2,1
HH_14316,12,9,1
HH_14317,10,4,0
HH_14318,10,4,1
HH_14319,7,9,2
HH_14320,7,6,2
HH_14321,8,7,2
HH_14322,8,4,0
HH_14323,9,5,0
HH_14324,8,4,2
HH_14325,14,6,0
HH_14326,5,7,3
HH_14327,10,4,0
HH_14328,19,6,1
HH_14329,12,6,1
HH_14330,13,14,1
HH_14331,10,5,2
HH_14332,6,5,0
HH_14333,13,3,1
HH_14334,11,5,2
HH_14335,18,6,1
HH_14336,15,7,1
HH_14337,10,5,0
HH_14338,9,2,3
HH_14339,12,11,3
HH_14340,11,7,0
HH_14341,8,7,1
HH_14342,15,4,3
HH_14343,11,4,0
HH_14344,13,6,1
HH_14345,16,2,2
HH_14346,11,3,1
HH_14347,18,10,1
HH_14348,10,6,1
HH_14349,8,5,2
HH_14350,17,5,0
HH_14351,16,7,2
HH_14352,10,8,1
HH_14353,11,6,1
HH_14354,14,4,0
HH_14355,10,9,1
HH_14356,13,7,0
HH_14357,13,5,3
HH_14358,15,9,2
HH_14359,9,1,1
HH_14360,10,1,0
HH_14361,11,5,1
HH_14362,9,3,1
HH_14363,10,5,1
HH_14364,8,5,0
HH_14365,13,5,0
HH_14366,12,5,1
HH_14367,12,2,2
HH_14368,15,8,0
HH_14369,9,2,1
HH_14370,16,6,5
HH_14371,11,7,1
HH_14372,15,2,0
HH_14373,17,3,0
HH_14374,12,7,1
HH_14375,8,5,0
HH_14376,16,3,2
HH_14377,14,5,0
HH_14378,13,7,0
HH_14379,9,3,0
HH_14380,9,6,2
HH_14381,12,6,0
HH_14382,11,6,0
HH_14383,11,3,2
HH_14384,8,3,1
HH_14385,7,2,2
HH_14386,10,2,2
HH_14387,13,5,2
HH_14388,10,6,2
HH_14389,13,7,2
HH_14390,11,2,0
HH_14391,9,5,2
HH_14392,11,4,0
HH_14393,11,1,1
HH_14394,7,8,0
HH_14395,10,4,0
HH_14396,7,8,0
HH_14397,13,6,0
HH_14398,12,7,3
HH_14399,14,3,0
HH_14400,10,4,3
HH_14401,11,3,2
HH_14402,16,7,0
HH_14403,10,6,1
HH_14404,17,4,1
HH_14405,6,6,0
HH_14406,9,5,0
HH_14407,9,5,0
HH_14408,14,4,0
HH_14409,19,4,1
HH_14410,8,4,3
HH_14411,12,6,1
HH_14412,7,4,3
HH_14413,18,4,0
HH_14414,14,8,1
HH_14415,11,4,3
HH_14416,12,2,2
HH_14417,13,4,1
HH_14418,18,7,3
HH_14419,10,9,0
HH_14420,15,7,1
HH_14421,12,5,0
HH_14422,14,3,1
HH_14423,10,3,0
HH_14424,1,9,0
HH_14425,10,10,1
HH_14426,11,7,2
HH_14427,13,6,1
HH_14428,10,2,0
HH_14429,13,5,0
HH_14430,8,3,3
HH_14431,12,5,2
HH_14432,16,5,0
HH_14433,7,2,0
HH_14434,7,4,0
HH_14435,14,4,1
HH_14436,10,7,2
HH_14437,13,4,0
HH_14438,15,6,1
HH_14439,15,1,2
HH_14440,9,2,0
HH_14441,15,2,4
HH_14442,14,4,1
HH_14443,12,4,2
HH_14444,12,3,0
HH_14445,11,4,0
HH_14446,23,3,1
HH_14447,7,5,2
HH_14448,15,6,1
HH_14449,13,8,0
HH_14450,15,5,1
HH_14451,10,4,0
HH_14452,11,1,0
HH_14453,8,3,1
HH_14454,12,7,1
HH_14455,11,5,2
HH_14456,5,3,0
HH_14457,20,4,1
HH_14458,12,3,1
HH_14459,14,5,2
HH_14460,8,5,1
HH_14461,17,7,0
HH_14462,9,3,0
HH_14463,9,8,1
HH_14464,14,6,2
HH_14465,11,5,1
HH_14466,7,5,0
HH_14467,8,3,0
HH_14468,15,7,1
HH_14469,1,4,2
HH_14470,20,7,1
HH_14471,8,4,2
HH_14472,14,8,2
HH_14473,20,2,0
HH_14474,8,3,1
HH_14475,20,5,0
HH_14476,13,7,3
HH_14477,11,0,1
HH_14478,16,5,0
HH_14479,7,7,0
HH_14480,12,7,2
HH_14481,11,6,0
HH_14482,14,6,0
HH_14483,17,8,0
HH_14484,9,3,2
HH_14485,12,5,0
HH_14486,12,4,0
HH_14487,13,7,0
HH_14488,11,2,0
HH_14489,6,2,0
HH_14490,13,2,0
HH_14491,10,7,0
HH_14492,9,8,2
HH_14493,11,5,0
HH_14494,13,3,3
HH_14495,16,4,1
HH_14496,14,3,0
HH_14497,12,6,1
HH_14498,13,3,1
HH_14499,14,1,1
HH_14500,9,5,0
HH_14501,11,5,1
HH_14502,12,5,2
HH_14503,18,7,1
HH_14504,5,4,1
HH_14505,14,4,1
HH_14506,8,7,0
HH_14507,14,5,1
HH_14508,14,2,2
HH_14509,11,7,3
HH_14510,8,3,0
HH_14511,13,3,3
HH_14512,9,3,1
HH_14513,14,5,1
HH_14514,13,6,1
HH_14515,11,3,2
HH_14516,15,4,1
HH_14517,10,4,1
HH_14518,14,4,0
HH_14519,13,1,2
HH_14520,14,1,1
HH_14521,6,5,0
HH_14522,8,7,0
HH_14523,11,5,0
HH_14524,18,4,1
HH_14525,16,7,4
HH_14526,11,5,3
HH_14527,10,5,0
HH_14528,14,6,2
HH_14529,12,2,1
HH_14530,17,2,3
HH_14531,14,4,3
HH_14532,12,7,3
HH_14533,7,3,1
HH_14534,6,3,0
HH_14535,12,9,1
HH_14536,9,4,2
HH_14537,12,4,1
HH_14538,8,7,2
HH_14539,10,6,4
HH_14540,8,3,0
HH_14541,7,8,1
HH_14542,15,6,2
HH_14543,17,1,1
HH_14544,10,7,1
HH_14545,18,5,1
HH_14546,10,4,0
HH_14547,9,9,2
HH_14548,10,11,1
HH_14549,15,11,1
HH_14550,9,2,3
HH_14551,11,10,2
HH_14552,9,3,0
HH_14553,13,3,0
HH_14554,21,9,0
HH_14555,16,3,2
HH_14556,13,4,0
HH_14557,7,4,1
HH_14558,9,6,1
HH_14559,15,11,0
HH_14560,7,4,4
HH_14561,11,0,1
HH_14562,9,7,2
HH_14563,10,5,0
HH_14564,10,5,3
HH_14565,15,3,1
HH_14566,12,4,1
HH_14567,12,7,1
HH_14568,8,2,0
HH_14569,7,7,2
HH_14570,13,9,0
HH_14571,13,7,1
HH_14572,11,4,1
HH_14573,9,5,0
HH_14574,12,6,1
HH_14575,10,5,0
HH_14576,10,3,2
HH_14577,8,8,0
HH_14578,12,4,1
HH_14579,5,4,1
HH_14580,14,4,0
HH_14581,10,8,1
HH_14582,16,8,1
HH_14583,8,5,2
HH_14584,15,1,2
HH_14585,8,4,1
HH_14586,11,6,3
HH_14587,23,5,2
HH_14588,16,7,0
HH_14589,13,2,0
HH_14590,16,9,0
HH_14591,7,7,0
HH_14592,6,4,2
HH_14593,11,6,0
HH_14594,21,7,0
HH_14595,13,5,2
HH_14596,15,5,1
HH_14597,15,5,0
HH_14598,10,3,1
HH_14599,14,4,2
HH_14600,19,4,1
HH_14601,17,10,1
HH_14602,12,2,1
HH_14603,11,3,0
HH_14604,10,6,2
HH_14605,16,8,1
HH_14606,12,7,1
HH_14607,14,9,1
HH_14608,12,5,1
HH_14609,15,3,0
HH_14610,15,3,0
HH_14611,11,5,0
HH_14612,17,5,3
HH_14613,15,5,1
HH_14614,10,5,1
HH_14615,8,3,0
HH_14616,21,2,0
HH_14617,16,5,4
HH_14618,11,7,1
HH_14619,5,5,1
HH_14620,13,6,1
HH_14621,11,7,3
HH_14622,13,4,3
HH_14623,9,5,1
HH_14624,3,2,1
HH_14625,21,3,0
HH_14626,7,4,1
HH_14627,13,3,1
HH_14628,5,10,2
HH_14629,5,7,0
HH_14630,14,5,0
HH_14631,9,3,2
HH_14632,13,6,2
HH_14633,15,4,2
HH_14634,11,2,1
HH_14635,13,2,0
HH_14636,9,4,1
HH_14637,7,4,0
HH_14638,12,9,0
HH_14639,11,0,1
HH_14640,11,7,0
HH_14641,8,2,0
HH_14642,13,5,1
HH_14643,8,5,0
HH_14644,10,3,0
HH_14645,10,3,3
HH_14646,12,8,0
HH_14647,8,5,0
HH_14648,9,3,1
HH_14649,14,7,0
HH_14650,12,1,1
HH_14651,13,6,3
HH_14652,9,3,1
HH_14653,9,3,1
HH_14654,9,6,0
HH_14655,17,6,1
HH_14656,2,5,0
HH_14657,15,6,3
HH_14658,16,5,1
HH_14659,14,5,1
HH_14660,13,8,0
HH_14661,14,8,2
HH_14662,9,6,2
HH_14663,7,6,0
HH_14664,9,7,0
HH_14665,18,2,2
HH_14666,11,3,2
HH_14667,11,4,0
HH_14668,14,10,2
HH_14669,15,8,4
HH_14670,9,0,1
HH_14671,21,3,0
HH_14672,12,11,1
HH_14673,12,8,2
HH_14674,11,6,1
HH_14675,11,3,1
HH_14676,3,7,2
HH_14677,12,8,0
HH_14678,9,6,2
HH_14679,15,10,2
HH_14680,16,3,1
HH_14681,10,5,0
HH_14682,9,3,1
HH_14683,18,3,1
HH_14684,10,4,0
HH_14685,8,7,1
HH_14686,10,5,0
HH_14687,13,5,1
HH_14688,16,6,0
HH_14689,12,7,0
HH_14690,10,5,2
HH_14691,6,2,2
HH_14692,16,4,0
HH_14693,25,3,1
HH_14694,19,8,0
HH_14695,10,5,0
HH_14696,20,7,2
HH_14697,9,6,1
HH_14698,9,8,1
HH_14699,14,6,1
HH_14700,21,4,2
HH_14701,10,7,2
HH_14702,13,5,2
HH_14703,14,10,0
HH_14704,14,3,0
HH_14705,7,5,0
HH_14706,11,9,1
HH_14707,13,7,2
HH_14708,10,2,0
HH_14709,13,3,0
HH_14710,18,4,2
HH_14711,9,5,0
HH_14712,16,2,0
HH_14713,13,3,2
HH_14714,11,6,2
HH_14715,13,5,2
HH_14716,16,5,4
HH_14717,6,4,1
HH_14718,16,5,1
HH_14719,17,5,1
HH_14720,11,3,0
HH_14721,11,1,0
HH_14722,12,3,1
HH_14723,11,3,0
HH_14724,11,6,1
HH_14725,18,4,1
HH_14726,11,15,1
HH_14727,8,4,0
HH_14728,14,9,0
HH_14729,8,6,0
HH_14730,12,4,1
HH_14731,11,7,1
HH_14732,11,7,0
HH_14733,9,8,2
HH_14734,13,5,1
HH_14735,12,6,0
HH_14736,11,5,1
HH_14737,16,3,1
HH_14738,8,3,1
HH_14739,21,4,1
HH_14740,16,2,0
HH_14741,21,7,2
HH_14742,13,3,1
HH_14743,13,3,0
HH_14744,10,4,0
HH_14745,13,6,2
HH_14746,18,4,1
HH_14747,12,3,0
HH_14748,9,10,2
HH_14749,19,6,3
HH_14750,6,11,2
HH_14751,9,4,3
HH_14752,11,4,2
HH_14753,16,7,3
HH_14754,16,4,2
HH_14755,9,7,2
HH_14756,18,5,0
HH_14757,15,8,0
HH_14758,17,8,1
HH_14759,15,3,0
HH_14760,9,1,1
HH_14761,11,7,3
HH_14762,15,7,2
HH_14763,8,5,0
HH_14764,16,7,3
HH_14765,10,5,1
HH_14766,10,5,0
HH_14767,11,8,0
HH_14768,7,3,2
HH_14769,14,4,1
HH_14770,14,5,2
HH_14771,15,4,2
HH_14772,9,5,1
HH_14773,11,2,3
HH_14774,17,5,1
HH_14775,9,7,3
HH_14776,12,4,2
HH_14777,12,4,2
HH_14778,9,6,0
HH_14779,9,4,1
HH_14780,16,2,3
HH_14781,16,3,0
HH_14782,13,8,2
HH_14783,17,3,1
HH_14784,13,9,1
HH_14785,9,5,0
HH_14786,15,6,1
HH_14787,8,7,1
HH_14788,15,6,1
HH_14789,17,6,2
HH_14790,17,3,0
HH_14791,10,6,0
HH_14792,14,1,1
HH_14793,11,4,1
HH_14794,7,8,0
HH_14795,12,5,0
HH_14796,12,4,1
HH_14797,11,4,1
HH_14798,8,6,0
HH_14799,11,10,1
HH_14800,9,6,2
HH_14801,11,3,1
HH_14802,12,3,2
HH_14803,14,3,0
HH_14804,11,3,2
HH_14805,12,7,0
HH_14806,15,2,2
HH_14807,16,3,1
HH_14808,10,7,0
HH_14809,15,4,0
HH_14810,14,3,0
HH_14811,11,8,2
HH_14812,16,5,0
HH_14813,12,3,0
HH_14814,13,11,2
HH_14815,13,4,2
HH_14816,11,4,1
HH_14817,13,5,1
HH_14818,19,4,1
HH_14819,16,7,1
HH_14820,10,5,1
HH_14821,21,4,0
HH_14822,15,4,0
HH_14823,15,6,1
HH_14824,7,3,2
HH_14825,9,5,2
HH_14826,13,5,1
HH_14827,14,4,2
HH_14828,9,6,5
HH_14829,11,5,0
HH_14830,15,3,1
HH_14831,10,3,0
HH_14832,15,4,1
HH_14833,12,4,1
HH_14834,11,3,2
HH_14835,9,6,3
HH_14836,12,5,0
HH_14837,13,3,0
HH_14838,13,8,2
HH_14839,16,4,0
HH_14840,12,5,0
HH_14841,11,6,2
HH_14842,8,5,2
HH_14843,13,5,2
HH_14844,10,7,1
HH_14845,19,3,1
HH_14846,13,6,0
HH_14847,15,4,0
HH_14848,10,5,0
HH_14849,11,2,0
HH_14850,13,6,2
HH_14851,12,3,5
HH_14852,15,2,1
HH_14853,19,3,2
HH_14854,7,2,0
HH_14855,15,5,1
HH_14856,14,7,1
HH_14857,9,2,0
HH_14858,11,5,1
HH_14859,6,3,1
HH_14860,15,9,0
HH_14861,12,8,1
HH_14862,13,5,1
HH_14863,13,7,1
HH_14864,11,1,1
HH_14865,8,7,0
HH_14866,13,6,1
HH_14867,14,8,1
HH_14868,10,3,1
HH_14869,13,4,1
HH_14870,11,6,0
HH_14871,8,6,2
HH_14872,14,6,0
HH_14873,11,13,1
HH_14874,14,7,1
HH_14875,16,7,0
HH_14876,13,5,2
HH_14877,14,7,0
HH_14878,17,5,1
HH_14879,8,7,0
HH_14880,10,9,0
HH_14881,8,2,0
HH_14882,10,7,0
HH_14883,7,5,3
HH_14884,10,7,2
HH_14885,13,6,1
HH_14886,11,6,1
HH_14887,17,5,0
HH_14888,14,5,1
HH_14889,13,7,3
HH_14890,12,6,1
HH_14891,16,9,3
HH_14892,6,6,1
HH_14893,12,2,0
HH_14894,10,3,0
HH_14895,14,3,0
HH_14896,10,5,0
HH_14897,11,2,0
HH_14898,10,3,2
HH_14899,16,4,2
HH_14900,16,9,0
HH_14901,14,5,0
HH_14902,10,2,0
HH_14903,10,4,0
HH_14904,9,3,0
HH_14905,10,4,1
HH_14906,8,2,0
HH_14907,16,2,2
HH_14908,12,6,0
HH_14909,16,3,0
HH_14910,7,7,3
HH_14911,13,5,2
HH_14912,10,4,1
HH_14913,8,3,2
HH_14914,12,4,3
HH_14915,21,5,0
HH_14916,7,5,0
HH_14917,12,5,1
HH_14918,15,3,0
HH_14919,10,8,1
HH_14920,14,8,2
HH_14921,13,8,1
HH_14922,13,7,2
HH_14923,13,5,0
HH_14924,9,3,1
HH_14925,10,7,3
HH_14926,14,5,0
HH_14927,12,3,0
HH_14928,10,3,1
HH_14929,11,12,3
HH_14930,14,4,0
HH_14931,11,5,2
HH_14932,13,2,1
HH_14933,14,6,0
HH_14934,12,12,1
HH_14935,7,4,1
HH_14936,17,4,0
HH_14937,8,1,2
HH_14938,16,1,1
HH_14939,14,6,0
HH_14940,8,5,2
HH_14941,12,7,1
HH_14942,11,10,0
HH_14943,16,5,1
HH_14944,13,3,1
HH_14945,13,6,1
HH_14946,8,2,0
HH_14947,9,4,2
HH_14948,9,4,1
HH_14949,4,9,2
HH_14950,14,4,0
HH_14951,13,8,1
HH_14952,16,3,0
HH_14953,12,4,2
HH_14954,9,6,0
HH_14955,14,3,1
HH_14956,6,4,2
HH_14957,9,2,1
HH_14958,15,5,0
HH_14959,9,6,1
HH_14960,7,5,2
HH_14961,10,9,1
HH_14962,11,9,1
HH_14963,12,5,1
HH_14964,9,4,1
HH_14965,14,5,0
HH_14966,9,6,0
HH_14967,8,2,2
HH_14968,5,9,3
HH_14969,14,6,3
HH_14970,9,4,0
HH_14971,13,6,0
HH_14972,13,4,1
HH_14973,11,4,1
HH_14974,14,5,1
HH_14975,13,5,1
HH_14976,9,10,0
HH_14977,8,2,1
HH_14978,11,6,0
HH_14979,9,2,0
HH_14980,13,2,2
HH_14981,12,4,0
HH_14982,9,9,1
HH_14983,13,5,1
HH_14984,20,8,1
HH_14985,18,4,1
HH_14986,13,7,1
HH_14987,10,2,0
HH_14988,7,4,0
HH_14989,13,4,1
HH_14990,16,6,0
HH_14991,8,6,3
HH_14992,15,5,0
HH_14993,8,2,0
HH_14994,11,4,1
HH_14995,8,5,0
HH_14996,7,6,0
HH_14997,11,5,0
HH_14998,14,6,2
HH_14999,13,8,0
HH_15000,10,2,1
HH_15001,10,6,2
HH_15002,16,2,1
HH_15003,16,1,0
HH_15004,14,6,1
HH_15005,18,3,1
HH_15006,11,5,0
HH_15007,7,8,1
HH_15008,14,12,1
HH_15009,12,6,5
HH_15010,13,3,0
HH_15011,15,4,0
HH_15012,16,7,1
HH_15013,8,10,2
HH_15014,12,7,1
HH_15015,6,6,1
HH_15016,18,6,1
HH_15017,13,4,1
HH_15018,10,8,0
HH_15019,10,1,0
HH_15020,10,2,1
HH_15021,9,7,0
HH_15022,12,3,3
HH_15023,13,3,0
HH_15024,16,5,2
HH_15025,14,3,0
HH_15026,8,2,1
HH_15027,10,3,0
HH_15028,6,5,1
HH_15029,9,4,0
HH_15030,11,5,3
HH_15031,15,4,1
HH_15032,8,2,1
HH_15033,14,3,1
HH_15034,14,2,4
HH_15035,13,2,0
HH_15036,10,4,0
HH_15037,9,6,0
HH_15038,11,2,0
HH_15039,8,3,0
HH_15040,11,4,1
HH_15041,11,9,2
HH_15042,7,3,2
HH_15043,21,4,1
HH_15044,16,0,3
HH_15045,9,8,0
HH_15046,11,5,3
HH_15047,14,3,2
HH_15048,18,1,2
HH_15049,12,2,0
HH_15050,15,6,1
HH_15051,16,4,0
HH_15052,14,7,2
HH_15053,17,4,0
HH_15054,16,4,0
HH_15055,15,8,0
HH_15056,17,5,0
HH_15057,14,6,1
HH_15058,14,3,0
HH_15059,9,5,2
HH_15060,9,4,0
HH_15061,11,3,1
HH_15062,7,6,0
HH_15063,16,3,0
HH_15064,15,2,0
HH_15065,11,6,1
HH_15066,11,9,1
HH_15067,16,10,1
HH_15068,8,1,1
HH_15069,11,5,1
HH_15070,17,10,1
HH_15071,8,7,1
HH_15072,10,5,1
HH_15073,16,8,1
HH_15074,13,3,3
HH_15075,10,4,0
HH_15076,9,10,6
HH_15077,10,4,0
HH_15078,6,4,1
HH_15079,7,5,1
HH_15080,19,3,0
HH_15081,10,8,0
HH_15082,11,4,3
HH_15083,10,6,0
HH_15084,17,8,0
HH_15085,14,5,0
HH_15086,8,5,0
HH_15087,9,5,1
HH_15088,9,4,1
HH_15089,14,5,2
HH_15090,3,3,3
HH_15091,14,3,1
HH_15092,11,2,0
HH_15093,15,3,4
HH_15094,11,3,0
HH_15095,10,7,2
HH_15096,13,4,0
HH_15097,10,6,2
HH_15098,15,7,1
HH_15099,14,7,3
HH_15100,14,4,2
HH_15101,13,4,3
HH_15102,13,6,2
HH_15103,10,8,1
HH_15104,8,8,1
HH_15105,13,5,2
HH_15106,15,3,0
HH_15107,15,6,2
HH_15108,8,6,0
HH_15109,12,4,3
HH_15110,10,8,1
HH_15111,9,10,2
HH_15112,13,3,0
HH_15113,10,4,4
HH_15114,7,5,1
HH_15115,11,6,3
HH_15116,9,4,2
HH_15117,14,2,1
HH_15118,9,2,1
HH_15119,17,3,0
HH_15120,11,4,3
HH_15121,12,8,1
HH_15122,9,4,0
HH_15123,11,6,0
HH_15124,13,3,3
HH_15125,11,6,0
HH_15126,6,7,3
HH_15127,10,4,1
HH_15128,15,5,1
HH_15129,8,5,1
HH_15130,14,4,1
HH_15131,9,5,2
HH_15132,9,4,1
HH_15133,10,3,0
HH_15134,9,4,1
HH_15135,6,4,1
HH_15136,11,3,0
HH_15137,12,4,3
HH_15138,6,8,1
HH_15139,9,3,1
HH_15140,13,1,0
HH_15141,9,4,4
HH_15142,10,3,1
HH_15143,12,3,1
HH_15144,11,5,2
HH_15145,16,6,0
HH_15146,12,8,2
HH_15147,10,8,2
HH_15148,17,7,3
HH_15149,13,4,0
HH_15150,14,3,1
HH_15151,18,3,1
HH_15152,4,5,1
HH_15153,9,3,2
HH_15154,14,2,1
HH_15155,19,1,1
HH_15156,13,4,1
HH_15157,11,6,1
HH_15158,6,2,1
HH_15159,10,5,2
HH_15160,7,9,3
HH_15161,9,5,4
HH_15162,12,3,2
HH_15163,14,5,1
HH_15164,7,6,2
HH_15165,14,4,1
HH_15166,15,5,0
HH_15167,15,11,1
HH_15168,11,6,3
HH_15169,16,4,1
HH_15170,12,5,2
HH_15171,4,4,3
HH_15172,9,10,1
HH_15173,15,2,3
HH_15174,15,6,0
HH_15175,18,6,1
HH_15176,7,7,0
HH_15177,11,6,1
HH_15178,11,4,1
HH_15179,6,6,1
HH_15180,11,8,1
HH_15181,14,6,1
HH_15182,7,6,0
HH_15183,11,2,0
HH_15184,15,6,2
HH_15185,16,4,0
HH_15186,7,7,1
HH_15187,16,4,0
HH_15188,13,4,2
HH_15189,11,7,3
HH_15190,8,3,2
HH_15191,13,2,3
HH_15192,18,8,3
HH_15193,11,4,0
HH_15194,13,10,0
HH_15195,8,8,0
HH_15196,14,5,2
HH_15197,13,3,0
HH_15198,17,4,2
HH_15199,13,3,1
HH_15200,14,4,3
HH_15201,12,6,0
HH_15202,13,1,0
HH_15203,12,5,1
HH_15204,4,7,0
HH_15205,16,2,1
HH_15206,12,4,1
HH_15207,10,5,0
HH_15208,20,6,1
HH_15209,17,2,1
HH_15210,15,5,0
HH_15211,10,5,0
HH_15212,11,6,0
HH_15213,13,4,1
HH_15214,14,10,0
HH_15215,6,11,2
HH_15216,13,9,0
HH_15217,12,6,0
HH_15218,14,3,1
HH_15219,9,6,3
HH_15220,14,7,2
HH_15221,10,5,0
HH_15222,14,5,0
HH_15223,13,6,2
HH_15224,11,4,1
HH_15225,13,4,1
HH_15226,11,5,0
HH_15227,8,3,2
HH_15228,16,8,1
HH_15229,15,3,0
HH_15230,10,4,2
HH_15231,11,1,0
HH_15232,16,6,2
HH_15233,16,8,1
HH_15234,10,4,1
HH_15235,10,2,4
HH_15236,14,3,1
HH_15237,11,2,1
HH_15238,13,10,2
HH_15239,7,5,2
HH_15240,5,5,1
HH_15241,10,3,3
HH_15242,12,3,3
HH_15243,10,5,0
HH_15244,14,6,2
HH_15245,6,9,0
HH_15246,16,6,1
HH_15247,15,5,0
HH_15248,15,9,1
HH_15249,15,7,1
HH_15250,10,1,1
HH_15251,15,8,0
HH_15252,15,4,2
HH_15253,11,5,3
HH_15254,10,7,2
HH_15255,12,5,0
HH_15256,9,4,1
HH_15257,15,6,2
HH_15258,12,3,1
HH_15259,9,2,2
HH_15260,8,1,0
HH_15261,11,2,0
HH_15262,12,6,1
HH_15263,11,6,0
HH_15264,10,6,0
HH_15265,11,6,2
HH_15266,10,2,2
HH_15267,11,7,2
HH_15268,13,4,2
HH_15269,8,3,3
HH_15270,12,6,3
HH_15271,11,8,0
HH_15272,16,7,2
HH_15273,16,7,0
HH_15274,10,6,0
HH_15275,17,2,0
HH_15276,7,7,1
HH_15277,18,4,1
HH_15278,9,2,2
HH_15279,8,6,1
HH_15280,13,2,1
HH_15281,10,3,1
HH_15282,15,8,1
HH_15283,14,5,1
HH_15284,15,7,1
HH_15285,12,8,2
HH_15286,13,1,0
HH_15287,11,3,3
HH_15288,10,3,1
HH_15289,15,4,1
HH_15290,20,4,1
HH_15291,15,7,0
HH_15292,10,0,0
HH_15293,8,3,0
HH_15294,18,7,0
HH_15295,7,1,2
HH_15296,16,3,0
HH_15297,11,2,0
HH_15298,17,6,2
HH_15299,6,4,0
HH_15300,8,5,0
HH_15301,12,7,1
HH_15302,12,4,0
HH_15303,10,3,1
HH_15304,11,9,2
HH_15305,12,5,0
HH_15306,12,3,0
HH_15307,12,7,1
HH_15308,12,7,4
HH_15309,15,2,2
HH_15310,14,4,1
HH_15311,11,4,1
HH_15312,12,5,0
HH_15313,13,5,1
HH_15314,10,5,2
HH_15315,15,9,4
HH_15316,11,3,0
HH_15317,21,8,2
HH_15318,16,4,0
HH_15319,14,1,1
HH_15320,15,4,0
HH_15321,19,5,0
HH_15322,10,4,0
HH_15323,10,4,0
HH_15324,16,7,0
HH_15325,8,6,2
HH_15326,14,3,3
HH_15327,8,4,1
HH_15328,13,10,2
HH_15329,11,4,0
HH_15330,15,4,0
HH_15331,10,3,1
HH_15332,14,4,2
HH_15333,14,11,1
HH_15334,8,5,2
HH_15335,15,5,1
HH_15336,12,6,0
HH_15337,13,3,1
HH_15338,11,1,0
HH_15339,14,0,1
HH_15340,15,7,1
HH_15341,14,5,0
HH_15342,13,7,2
HH_15343,14,9,0
HH_15344,9,6,3
HH_15345,12,7,2
HH_15346,16,7,0
HH_15347,13,5,0
HH_15348,12,5,0
HH_15349,16,6,2
HH_15350,10,0,2
HH_15351,9,4,0
HH_15352,16,5,2
HH_15353,7,3,1
HH_15354,18,2,1
HH_15355,9,9,1
HH_15356,10,7,1
HH_15357,14,7,2
HH_15358,10,4,0
HH_15359,13,5,1
HH_15360,11,5,2
HH_15361,10,4,1
HH_15362,7,5,0
HH_15363,10,7,2
HH_15364,14,3,1
HH_15365,10,7,2
HH_15366,10,5,1
HH_15367,11,1,1
HH_15368,14,3,0
HH_15369,8,7,0
HH_15370,12,3,1
HH_15371,15,0,1
HH_15372,16,5,1
HH_15373,16,8,1
HH_15374,11,6,2
HH_15375,10,6,0
HH_15376,7,3,3
HH_15377,12,4,2
HH_15378,10,3,1
HH_15379,11,2,2
HH_15380,12,4,1
HH_15381,10,5,1
HH_15382,9,6,3
HH_15383,10,7,1
HH_15384,13,4,1
HH_15385,12,3,1
HH_15386,10,3,1
HH_15387,14,9,1
HH_15388,13,2,1
HH_15389,11,2,1
HH_15390,14,2,3
HH_15391,11,5,2
HH_15392,7,8,1
HH_15393,12,6,1
HH_15394,9,3,0
HH_15395,12,4,4
HH_15396,14,4,0
HH_15397,12,3,1
HH_15398,12,3,0
HH_15399,6,2,1
HH_15400,16,12,1
HH_15401,7,6,1
HH_15402,16,6,1
HH_15403,16,4,2
HH_15404,11,4,1
HH_15405,11,7,1
HH_15406,10,8,2
HH_15407,9,8,0
HH_15408,13,3,1
HH_15409,11,9,1
HH_15410,9,8,1
HH_15411,18,4,3
HH_15412,8,4,0
HH_15413,14,5,1
HH_15414,15,5,0
HH_15415,11,2,0
HH_15416,11,7,3
HH_15417,8,4,2
HH_15418,8,6,3
HH_15419,12,10,0
HH_15420,6,6,0
HH_15421,8,3,0
HH_15422,8,4,3
HH_15423,14,5,0
HH_15424,12,3,1
HH_15425,11,6,2
HH_15426,8,4,1
HH_15427,7,8,1
HH_15428,6,3,0
HH_15429,11,3,1
HH_15430,16,7,2
HH_15431,18,3,1
HH_15432,17,4,1
HH_15433,12,2,0
HH_15434,12,7,2
HH_15435,12,4,1
HH_15436,12,6,0
HH_15437,14,5,2
HH_15438,9,8,1
HH_15439,16,6,1
HH_15440,11,3,0
HH_15441,8,5,3
HH_15442,16,8,0
HH_15443,13,6,1
HH_15444,12,9,2
HH_15445,13,4,1
HH_15446,8,1,1
HH_15447,7,2,0
HH_15448,10,3,2
HH_15449,14,5,1
HH_15450,7,3,1
HH_15451,14,4,0
HH_15452,8,7,1
HH_15453,9,3,3
HH_15454,10,4,1
HH_15455,14,8,0
HH_15456,9,4,1
HH_15457,16,7,1
HH_15458,13,3,0
HH_15459,16,6,4
HH_15460,7,4,2
HH_15461,8,5,0
HH_15462,7,8,0
HH_15463,13,6,1
HH_15464,10,5,0
HH_15465,9,3,2
HH_15466,11,5,1
HH_15467,11,6,0
HH_15468,11,11,1
HH_15469,12,9,2
HH_15470,9,8,0
HH_15471,10,3,2
HH_15472,17,2,1
HH_15473,13,4,0
HH_15474,9,3,1
HH_15475,11,4,0
HH_15476,9,3,0
HH_15477,9,3,0
HH_15478,17,10,0
HH_15479,10,4,0
HH_15480,5,6,0
HH_15481,5,5,1
HH_15482,9,6,1
HH_15483,11,7,1
HH_15484,12,6,1
HH_15485,11,4,1
HH_15486,8,11,1
HH_15487,9,2,0
HH_15488,15,5,1
HH_15489,15,7,1
HH_15490,7,6,1
HH_15491,14,5,2
HH_15492,11,7,1
HH_15493,10,5,0
HH_15494,9,3,1
HH_15495,12,2,0
HH_15496,19,3,2
HH_15497,11,4,0
HH_15498,15,6,0
HH_15499,11,3,2
HH_15500,11,7,0
HH_15501,13,4,2
HH_15502,12,5,0
HH_15503,12,8,0
HH_15504,8,11,1
HH_15505,10,6,0
HH_15506,15,2,0
HH_15507,12,5,1
HH_15508,9,5,0
HH_15509,13,10,1
HH_15510,15,7,0
HH_15511,12,2,1
HH_15512,12,3,0
HH_15513,12,4,3
HH_15514,9,5,0
HH_15515,13,4,1
HH_15516,11,9,1
HH_15517,13,6,0
HH_15518,9,4,1
HH_15519,6,2,0
HH_15520,5,5,1
HH_15521,16,2,1
HH_15522,16,2,3
HH_15523,11,3,1
HH_15524,12,2,3
HH_15525,10,4,1
HH_15526,6,7,1
HH_15527,15,4,2
HH_15528,9,2,0
HH_15529,12,3,0
HH_15530,13,11,1
HH_15531,16,4,1
HH_15532,17,2,3
HH_15533,12,8,1
HH_15534,12,4,2
HH_15535,16,6,0
HH_15536,9,3,0
HH_15537,16,2,3
HH_15538,17,4,1
HH_15539,6,2,2
HH_15540,6,4,0
HH_15541,7,3,1
HH_15542,3,3,1
HH_15543,21,4,2
HH_15544,15,6,2
HH_15545,10,4,0
HH_15546,12,6,0
HH_15547,15,5,0
HH_15548,6,4,1
HH_15549,14,4,0
HH_15550,13,3,3
HH_15551,9,4,1
HH_15552,10,3,2
HH_15553,13,8,0
HH_15554,6,5,0
HH_15555,14,9,1
HH_15556,5,3,2
HH_15557,17,6,2
HH_15558,10,3,1
HH_15559,15,4,0
HH_15560,10,3,0
HH_15561,14,3,0
HH_15562,17,6,4
HH_15563,14,8,0
HH_15564,10,4,2
HH_15565,18,6,1
HH_15566,19,7,0
HH_15567,17,5,0
HH_15568,15,3,3
HH_15569,12,2,1
HH_15570,9,6,0
HH_15571,13,8,1
HH_15572,16,4,1
HH_15573,11,3,0
HH_15574,11,8,1
HH_15575,14,5,1
HH_15576,10,5,2
HH_15577,13,6,2
HH_15578,17,2,3
HH_15579,11,7,0
HH_15580,11,6,2
HH_15581,12,2,0
HH_15582,16,3,1
HH_15583,20,3,1
HH_15584,9,5,1
HH_15585,13,5,1
HH_15586,12,4,2
HH_15587,8,3,2
HH_15588,12,6,2
HH_15589,14,4,0
HH_15590,8,9,1
HH_15591,7,4,0
HH_15592,12,6,3
HH_15593,12,4,0
HH_15594,11,3,0
HH_15595,11,5,1
HH_15596,10,2,0
HH_15597,8,5,0
HH_15598,12,5,0
HH_15599,18,6,1
HH_15600,16,6,1
HH_15601,15,5,1
HH_15602,8,7,1
HH_15603,18,5,0
HH_15604,10,5,0
HH_15605,9,1,1
HH_15606,9,4,4
HH_15607,14,6,0
HH_15608,13,3,4
HH_15609,13,4,0
HH_15610,8,5,0
HH_15611,9,8,1
HH_15612,13,7,0
HH_15613,15,7,1
HH_15614,18,8,1
HH_15615,12,7,1
HH_15616,10,8,1
HH_15617,11,4,0
HH_15618,15,5,1
HH_15619,12,5,0
HH_15620,10,5,1
HH_15621,13,9,1
HH_15622,12,3,0
HH_15623,11,5,2
HH_15624,10,6,1
HH_15625,12,1,2
HH_15626,11,4,3
HH_15627,8,8,0
HH_15628,10,6,1
HH_15629,14,4,1
HH_15630,14,4,1
HH_15631,18,3,2
HH_15632,11,2,1
HH_15633,10,2,3
HH_15634,12,5,3
HH_15635,17,3,0
HH_15636,13,2,1
HH_15637,8,5,0
HH_15638,14,5,1
HH_15639,9,2,1
HH_15640,7,3,0
HH_15641,14,2,0
HH_15642,10,6,0
HH_15643,13,4,2
HH_15644,17,3,0
HH_15645,8,8,1
HH_15646,6,11,1
HH_15647,8,4,1
HH_15648,12,4,0
HH_15649,8,8,1
HH_15650,13,3,1
HH_15651,10,3,1
HH_15652,11,6,0
HH_15653,3,7,1
HH_15654,13,7,1
HH_15655,13,3,0
HH_15656,12,4,1
HH_15657,13,4,2
HH_15658,18,4,1
HH_15659,14,6,0
HH_15660,9,2,1
HH_15661,11,7,1
HH_15662,12,0,0
HH_15663,11,2,2
HH_15664,9,5,0
HH_15665,13,6,0
HH_15666,11,4,3
HH_15667,13,2,0
HH_15668,10,5,2
HH_15669,11,6,1
HH_15670,23,4,1
HH_15671,20,3,0
HH_15672,11,2,1
HH_15673,9,8,1
HH_15674,8,5,2
HH_15675,22,6,1
HH_15676,14,9,0
HH_15677,9,4,1
HH_15678,10,4,0
HH_15679,6,6,0
HH_15680,15,8,0
HH_15681,15,5,1
HH_15682,12,7,1
HH_15683,14,6,2
HH_15684,15,4,3
HH_15685,10,6,2
HH_15686,10,3,0
HH_15687,9,8,1
HH_15688,11,8,3
HH_15689,10,8,1
HH_15690,14,7,2
HH_15691,14,5,1
HH_15692,6,5,1
HH_15693,13,5,1
HH_15694,4,9,0
HH_15695,14,4,1
HH_15696,9,9,0
HH_15697,11,4,1
HH_15698,8,6,0
HH_15699,11,4,3
HH_15700,14,5,1
HH_15701,11,4,0
HH_15702,13,7,1
HH_15703,14,3,1
HH_15704,9,2,1
HH_15705,10,8,1
HH_15706,12,5,3
HH_15707,14,5,1
HH_15708,10,4,2
HH_15709,13,5,0
HH_15710,13,3,2
HH_15711,10,5,1
HH_15712,6,3,2
HH_15713,12,4,1
HH_15714,12,7,2
HH_15715,11,1,0
HH_15716,12,4,2
HH_15717,10,2,2
HH_15718,11,1,5
HH_15719,10,7,1
HH_15720,8,3,0
HH_15721,8,6,2
HH_15722,14,5,0
HH_15723,12,2,2
HH_15724,10,4,1
HH_15725,13,6,1
HH_15726,15,6,1
HH_15727,9,12,0
HH_15728,12,4,2
HH_15729,20,5,2
HH_15730,12,5,0
HH_15731,11,4,2
HH_15732,10,4,1
HH_15733,9,4,1
HH_15734,12,4,1
HH_15735,8,8,1
HH_15736,12,8,0
HH_15737,7,3,1
HH_15738,12,6,2
HH_15739,15,3,0
HH_15740,10,5,1
HH_15741,4,4,0
HH_15742,9,9,2
HH_15743,12,4,1
HH_15744,11,6,1
HH_15745,14,1,1
HH_15746,9,2,1
HH_15747,9,3,0
HH_15748,7,4,0
HH_15749,12,4,2
HH_15750,15,6,1
HH_15751,10,3,0
HH_15752,17,6,1
HH_15753,11,6,0
HH_15754,9,7,3
HH_15755,9,3,2
HH_15756,11,8,2
HH_15757,14,4,0
HH_15758,10,5,0
HH_15759,12,5,0
HH_15760,17,4,2
HH_15761,13,3,2
HH_15762,17,8,2
HH_15763,14,9,1
HH_15764,13,4,2
HH_15765,11,6,0
HH_15766,13,3,1
HH_15767,10,4,2
HH_15768,17,5,1
HH_15769,9,7,2
HH_15770,7,6,0
HH_15771,9,3,0
HH_15772,6,7,1
HH_15773,12,7,0
HH_15774,13,10,2
HH_15775,13,1,1
HH_15776,20,3,1
HH_15777,13,4,0
HH_15778,10,6,0
HH_15779,7,8,1
HH_15780,17,9,2
HH_15781,13,5,0
HH_15782,16,3,2
HH_15783,12,4,1
HH_15784,5,5,2
HH_15785,13,4,3
HH_15786,10,5,0
HH_15787,18,3,2
HH_15788,14,4,3
HH_15789,14,4,3
HH_15790,17,6,2
HH_15791,7,6,1
HH_15792,14,0,0
HH_15793,11,3,0
HH_15794,9,3,0
HH_15795,8,0,0
HH_15796,17,3,1
HH_15797,13,5,0
HH_15798,12,2,3
HH_15799,8,8,0
HH_15800,15,4,1
HH_15801,13,5,1
HH_15802,6,5,0
HH_15803,8,7,2
HH_15804,7,9,0
HH_15805,9,3,0
HH_15806,10,5,0
HH_15807,8,3,3
HH_15808,17,2,1
HH_15809,11,2,0
HH_15810,11,2,1
HH_15811,11,12,0
HH_15812,14,5,1
HH_15813,11,6,2
HH_15814,13,6,0
HH_15815,14,3,0
HH_15816,13,5,0
HH_15817,12,5,0
HH_15818,8,4,4
HH_15819,15,5,3
HH_15820,14,6,1
HH_15821,7,1,0
HH_15822,20,6,1
HH_15823,8,2,3
HH_15824,17,5,1
HH_15825,17,5,0
HH_15826,13,3,2
HH_15827,10,7,0
HH_15828,13,5,0
HH_15829,14,2,1
HH_15830,12,8,0
HH_15831,11,7,0
HH_15832,12,5,2
HH_15833,7,5,2
HH_15834,11,4,3
HH_15835,11,3,1
HH_15836,18,3,0
HH_15837,15,9,2
HH_15838,14,7,0
HH_15839,13,8,2
HH_15840,8,6,1
HH_15841,6,5,3
HH_15842,8,5,1
HH_15843,10,5,1
HH_15844,7,1,0
HH_15845,10,5,1
HH_15846,13,4,1
HH_15847,15,10,3
HH_15848,5,5,1
HH_15849,8,4,0
HH_15850,20,5,1
HH_15851,13,2,1
HH_15852,8,3,1
HH_15853,12,2,0
HH_15854,8,4,0
HH_15855,6,5,2
HH_15856,8,6,0
HH_15857,12,4,0
HH_15858,9,7,2
HH_15859,11,4,1
HH_15860,13,9,0
HH_15861,12,8,1
HH_15862,9,5,0
HH_15863,12,7,0
HH_15864,12,8,0
HH_15865,13,4,1
HH_15866,17,4,1
HH_15867,8,10,0
HH_15868,15,2,0
HH_15869,8,8,1
HH_15870,14,7,4
HH_15871,15,7,2
HH_15872,7,7,1
HH_15873,9,6,3
HH_15874,10,6,2
HH_15875,16,8,1
HH_15876,17,6,4
HH_15877,17,7,1
HH_15878,10,5,2
HH_15879,7,3,0
HH_15880,10,6,2
HH_15881,10,3,1
HH_15882,12,6,0
HH_15883,16,6,0
HH_15884,16,7,2
HH_15885,10,5,0
HH_15886,18,4,2
HH_15887,10,3,0
HH_15888,14,6,0
HH_15889,13,7,0
HH_15890,13,3,1
HH_15891,12,6,1
HH_15892,16,1,1
HH_15893,16,7,1
HH_15894,4,4,1
HH_15895,19,4,1
HH_15896,13,9,3
HH_15897,15,6,0
HH_15898,14,4,1
HH_15899,6,4,0
HH_15900,13,4,2
HH_15901,10,8,2
HH_15902,8,7,1
HH_15903,11,6,3
HH_15904,14,6,1
HH_15905,9,5,0
HH_15906,8,6,1
HH_15907,9,4,0
HH_15908,12,11,0
HH_15909,7,9,1
HH_15910,12,5,0
HH_15911,14,4,0
HH_15912,9,5,2
HH_15913,13,7,0
HH_15914,15,5,0
HH_15915,12,3,2
HH_15916,14,4,1
HH_15917,15,7,1
HH_15918,6,8,1
HH_15919,9,7,2
HH_15920,9,7,0
HH_15921,12,7,1
HH_15922,9,5,1
HH_15923,8,3,0
HH_15924,7,1,0
HH_15925,10,4,0
HH_15926,14,8,2
HH_15927,10,2,2
HH_15928,10,4,1
HH_15929,14,4,4
HH_15930,10,5,1
HH_15931,10,6,1
HH_15932,18,6,0
HH_15933,15,7,2
HH_15934,5,7,2
HH_15935,10,3,2
HH_15936,9,1,1
HH_15937,13,2,1
HH_15938,12,9,4
HH_15939,8,3,1
HH_15940,11,3,0
HH_15941,9,7,3
HH_15942,12,5,0
HH_15943,15,2,1
HH_15944,8,7,2
HH_15945,11,2,0
HH_15946,14,4,1
HH_15947,11,10,0
HH_15948,14,4,1
HH_15949,12,9,0
HH_15950,17,8,1
HH_15951,8,6,0
HH_15952,14,6,1
HH_15953,15,6,3
HH_15954,17,3,2
HH_15955,11,7,2
HH_15956,7,6,0
HH_15957,8,6,1
HH_15958,9,7,0
HH_15959,11,8,1
HH_15960,8,4,3
HH_15961,5,3,2
HH_15962,10,4,2
HH_15963,19,3,0
HH_15964,12,2,1
HH_15965,13,5,1
HH_15966,10,1,3
HH_15967,14,3,2
HH_15968,7,10,0
HH_15969,10,6,0
HH_15970,18,8,1
HH_15971,7,5,0
HH_15972,11,3,1
HH_15973,15,7,0
HH_15974,18,7,2
HH_15975,13,7,0
HH_15976,12,5,0
HH_15977,15,2,0
HH_15978,12,7,1
HH_15979,12,5,0
HH_15980,20,10,1
HH_15981,11,4,1
HH_15982,11,2,1
HH_15983,10,3,1
HH_15984,9,3,1
HH_15985,9,6,2
HH_15986,12,3,1
HH_15987,17,8,1
HH_15988,8,5,0
HH_15989,8,5,0
HH_15990,13,2,0
HH_15991,12,2,1
HH_15992,9,3,0
HH_15993,13,10,1
HH_15994,10,4,0
HH_15995,15,8,1
HH_15996,10,4,1
HH_15997,12,5,1
HH_15998,10,5,1
HH_15999,7,6,2
HH_16000,11,8,1
HH_16001,12,3,2
HH_16002,8,4,0
HH_16003,13,8,0
HH_16004,11,6,1
HH_16005,9,5,3
HH_16006,8,8,0
HH_16007,7,6,2
HH_16008,16,3,0
HH_16009,10,8,1
HH_16010,10,5,3
HH_16011,11,7,0
HH_16012,20,2,2
HH_16013,13,8,0
HH_16014,10,4,1
HH_16015,14,3,0
HH_16016,9,5,0
HH_16017,10,5,0
HH_16018,17,9,0
HH_16019,11,1,1
HH_16020,6,3,0
HH_16021,9,4,1
HH_16022,12,3,1
HH_16023,16,3,2
HH_16024,10,5,0
HH_16025,16,1,1
HH_16026,17,6,0
HH_16027,18,2,0
HH_16028,8,2,0
HH_16029,10,5,0
HH_16030,12,7,0
HH_16031,15,8,1
HH_16032,15,6,1
HH_16033,13,11,2
HH_16034,16,7,2
HH_16035,14,4,2
HH_16036,15,3,0
HH_16037,9,5,2
HH_16038,8,7,1
HH_16039,14,6,1
HH_16040,12,8,1
HH_16041,8,4,1
HH_16042,12,5,2
HH_16043,10,5,0
HH_16044,17,10,0
HH_16045,15,7,1
HH_16046,10,4,1
HH_16047,10,3,3
HH_16048,12,3,0
HH_16049,10,5,2
HH_16050,9,2,1
HH_16051,11,8,0
HH_16052,9,5,1
HH_16053,10,1,2
HH_16054,14,5,0
HH_16055,19,7,2
HH_16056,5,1,2
HH_16057,11,5,0
HH_16058,6,9,0
HH_16059,8,4,0
HH_16060,8,6,1
HH_16061,11,8,1
HH_16062,15,4,1
HH_16063,13,3,2
HH_16064,10,3,1
HH_16065,18,4,0
HH_16066,12,10,1
HH_16067,10,2,1
HH_16068,8,6,0
HH_16069,9,4,1
HH_16070,16,2,1
HH_16071,7,5,1
HH_16072,18,7,2
HH_16073,15,5,0
HH_16074,7,5,3
HH_16075,7,7,2
HH_16076,17,7,0
HH_16077,12,6,0
HH_16078,14,3,0
HH_16079,10,3,1
HH_16080,11,5,2
HH_16081,8,6,1
HH_16082,10,4,2
HH_16083,10,4,1
HH_16084,11,3,0
HH_16085,12,4,1
HH_16086,12,5,0
HH_16087,14,5,1
HH_16088,14,4,1
HH_16089,16,3,1
HH_16090,9,7,1
HH_16091,13,4,0
HH_16092,8,3,2
HH_16093,12,7,1
HH_16094,12,3,0
HH_16095,15,1,3
HH_16096,14,6,1
HH_16097,12,4,0
HH_16098,10,7,2
HH_16099,14,6,0
HH_16100,9,8,1
HH_16101,16,7,4
HH_16102,15,4,0
HH_16103,13,6,1
HH_16104,16,5,0
HH_16105,9,4,1
HH_16106,11,3,1
HH_16107,13,1,2
HH_16108,14,5,3
HH_16109,16,4,2
HH_16110,17,5,2
HH_16111,13,5,0
HH_16112,9,2,1
HH_16113,11,2,1
HH_16114,14,2,0
HH_16115,13,7,0
HH_16116,15,3,1
HH_16117,10,9,0
HH_16118,16,4,1
HH_16119,11,6,3
HH_16120,4,2,1
HH_16121,12,5,1
HH_16122,9,6,1
HH_16123,14,6,0
HH_16124,9,7,1
HH_16125,18,7,0
HH_16126,10,5,2
HH_16127,12,6,1
HH_16128,8,6,1
HH_16129,8,6,3
HH_16130,10,8,0
HH_16131,13,9,0
HH_16132,10,7,1
HH_16133,7,2,1
HH_16134,14,5,2
HH_16135,9,5,0
HH_16136,14,6,0
HH_16137,10,6,1
HH_16138,9,4,0
HH_16139,12,5,2
HH_16140,6,3,1
HH_16141,10,7,0
HH_16142,11,8,2
HH_16143,15,4,0
HH_16144,12,3,3
HH_16145,13,3,2
HH_16146,18,7,1
HH_16147,13,3,2
HH_16148,11,3,1
HH_16149,9,2,0
HH_16150,11,9,0
HH_16151,20,5,0
HH_16152,10,4,0
HH_16153,16,3,1
HH_16154,16,4,0
HH_16155,18,6,1
HH_16156,16,5,1
HH_16157,14,4,1
HH_16158,12,5,0
HH_16159,13,7,0
HH_16160,12,4,2
HH_16161,17,9,2
HH_16162,20,9,4
HH_16163,16,5,1
HH_16164,9,4,0
HH_16165,9,2,0
HH_16166,18,8,1
HH_16167,10,6,1
HH_16168,14,7,0
HH_16169,18,7,1
HH_16170,11,4,0
HH_16171,12,1,1
HH_16172,11,4,1
HH_16173,7,7,2
HH_16174,11,5,1
HH_16175,11,6,1
HH_16176,9,1,1
HH_16177,17,2,1
HH_16178,14,9,1
HH_16179,11,4,1
HH_16180,12,4,0
HH_16181,9,3,1
HH_16182,12,2,1
HH_16183,11,2,1
HH_16184,10,8,1
HH_16185,9,2,1
HH_16186,8,3,0
HH_16187,11,8,3
HH_16188,5,4,0
HH_16189,11,5,1
HH_16190,20,4,0
HH_16191,11,6,1
HH_16192,12,8,0
HH_16193,12,1,0
HH_16194,13,8,0
HH_16195,12,3,0
HH_16196,12,3,2
HH_16197,11,5,2
HH_16198,8,5,3
HH_16199,10,5,3
HH_16200,15,4,0
HH_16201,12,5,1
HH_16202,7,3,0
HH_16203,13,5,1
HH_16204,8,3,1
HH_16205,10,6,0
HH_16206,16,8,0
HH_16207,15,9,0
HH_16208,12,6,2
HH_16209,10,4,2
HH_16210,14,7,0
HH_16211,12,3,1
HH_16212,13,3,0
HH_16213,5,5,1
HH_16214,14,6,0
HH_16215,4,7,1
HH_16216,10,4,1
HH_16217,14,3,1
HH_16218,15,12,1
HH_16219,11,9,1
HH_16220,11,7,1
HH_16221,14,8,1
HH_16222,10,7,1
HH_16223,14,5,0
HH_16224,15,7,2
HH_16225,19,7,2
HH_16226,8,5,1
HH_16227,10,7,0
HH_16228,14,8,0
HH_16229,8,2,1
HH_16230,14,5,1
HH_16231,7,7,1
HH_16232,21,7,3
HH_16233,14,0,2
HH_16234,14,3,0
HH_16235,13,8,1
HH_16236,14,5,0
HH_16237,15,8,1
HH_16238,15,6,3
HH_16239,10,5,0
HH_16240,16,3,3
HH_16241,12,5,2
HH_16242,10,7,3
HH_16243,7,6,0
HH_16244,12,3,2
HH_16245,11,7,1
HH_16246,15,5,2
HH_16247,7,3,0
HH_16248,9,4,4
HH_16249,21,6,2
HH_16250,18,5,2
HH_16251,17,5,0
HH_16252,8,3,0
HH_16253,11,5,1
HH_16254,13,4,1
HH_16255,12,4,0
HH_16256,12,6,0
HH_16257,10,7,0
HH_16258,8,6,2
HH_16259,7,6,0
HH_16260,16,6,0
HH_16261,18,9,0
HH_16262,14,9,1
HH_16263,15,7,2
HH_16264,10,9,1
HH_16265,8,2,4
HH_16266,15,6,1
HH_16267,14,6,2
HH_16268,15,4,1
HH_16269,13,6,1
HH_16270,13,7,1
HH_16271,12,4,2
HH_16272,12,5,1
HH_16273,11,1,0
HH_16274,13,6,2
HH_16275,9,3,0
HH_16276,8,3,4
HH_16277,15,4,2
HH_16278,15,6,0
HH_16279,8,7,0
HH_16280,12,2,1
HH_16281,14,13,0
HH_16282,13,4,0
HH_16283,10,10,2
HH_16284,18,4,0
HH_16285,13,4,1
HH_16286,8,7,0
HH_16287,9,3,1
HH_16288,11,6,2
HH_16289,10,4,2
HH_16290,10,4,0
HH_16291,10,4,0
HH_16292,14,8,0
HH_16293,12,11,0
HH_16294,17,9,1
HH_16295,19,5,2
HH_16296,9,4,1
HH_16297,14,7,4
HH_16298,16,4,0
HH_16299,14,9,0
HH_16300,12,6,1
HH_16301,8,8,2
HH_16302,12,3,0
HH_16303,11,5,0
HH_16304,10,3,3
HH_16305,11,2,1
HH_16306,8,5,1
HH_16307,12,6,1
HH_16308,9,3,1
HH_16309,14,4,0
HH_16310,11,8,1
HH_16311,13,4,1
HH_16312,17,5,1
HH_16313,12,8,1
HH_16314,9,2,1
HH_16315,12,2,1
HH_16316,11,10,0
HH_16317,11,7,0
HH_16318,6,10,1
HH_16319,19,5,0
HH_16320,12,4,1
HH_16321,16,8,0
HH_16322,4,5,3
HH_16323,8,4,1
HH_16324,9,3,1
HH_16325,14,3,1
HH_16326,13,4,1
HH_16327,15,2,2
HH_16328,10,5,1
HH_16329,15,10,1
HH_16330,13,6,1
HH_16331,10,4,1
HH_16332,8,8,0
HH_16333,10,3,1
HH_16334,9,4,0
HH_16335,12,12,1
HH_16336,12,7,0
HH_16337,17,4,2
HH_16338,6,3,0
HH_16339,10,8,0
HH_16340,9,5,2
HH_16341,7,4,0
HH_16342,12,5,1
HH_16343,14,6,1
HH_16344,13,5,0
HH_16345,12,9,3
HH_16346,13,4,1
HH_16347,17,5,0
HH_16348,12,9,2
HH_16349,7,5,0
HH_16350,16,1,0
HH_16351,10,5,2
HH_16352,14,6,0
HH_16353,13,2,0
HH_16354,10,5,0
HH_16355,8,9,2
HH_16356,9,6,1
HH_16357,21,3,2
HH_16358,17,2,0
HH_16359,10,7,4
HH_16360,8,7,1
HH_16361,14,6,3
HH_16362,14,3,2
HH_16363,10,2,1
HH_16364,15,6,1
HH_16365,7,1,3
HH_16366,10,6,1
HH_16367,4,5,0
HH_16368,14,4,1
HH_16369,13,4,3
HH_16370,13,5,0
HH_16371,11,9,2
HH_16372,17,2,2
HH_16373,11,5,1
HH_16374,13,6,1
HH_16375,9,4,0
HH_16376,14,6,2
HH_16377,13,3,1
HH_16378,15,4,1
HH_16379,10,4,3
HH_16380,10,5,2
HH_16381,14,3,1
HH_16382,9,4,4
HH_16383,15,6,0
HH_16384,6,9,0
HH_16385,11,5,1
HH_16386,11,2,1
HH_16387,8,2,1
HH_16388,19,5,0
HH_16389,13,4,0
HH_16390,19,7,5
HH_16391,7,7,0
HH_16392,14,8,0
HH_16393,19,6,2
HH_16394,10,6,0
HH_16395,16,7,1
HH_16396,13,6,0
HH_16397,12,11,0
HH_16398,10,0,0
HH_16399,11,7,0
HH_16400,10,5,1
HH_16401,12,7,2
HH_16402,16,5,1
HH_16403,16,1,1
HH_16404,16,5,1
HH_16405,10,6,2
HH_16406,10,5,0
HH_16407,11,2,2
HH_16408,13,3,1
HH_16409,4,6,1
HH_16410,15,3,0
HH_16411,10,7,1
HH_16412,17,9,2
HH_16413,7,6,0
HH_16414,9,9,1
HH_16415,11,5,2
HH_16416,10,2,1
HH_16417,9,4,0
HH_16418,13,9,1
HH_16419,12,5,0
HH_16420,15,4,1
HH_16421,14,5,0
HH_16422,6,6,1
HH_16423,11,3,5
HH_16424,14,4,4
HH_16425,14,6,0
HH_16426,15,3,3
HH_16427,4,7,0
HH_16428,5,6,2
HH_16429,9,4,1
HH_16430,7,3,1
HH_16431,13,6,0
HH_16432,6,4,0
HH_16433,13,9,2
HH_16434,12,7,0
HH_16435,16,3,0
HH_16436,12,3,0
HH_16437,17,3,0
HH_16438,9,5,0
HH_16439,9,3,0
HH_16440,12,3,1
HH_16441,8,8,1
HH_16442,6,5,1
HH_16443,9,3,2
HH_16444,10,8,2
HH_16445,14,4,1
HH_16446,15,10,0
HH_16447,10,5,1
HH_16448,9,6,0
HH_16449,13,5,1
HH_16450,10,1,1
HH_16451,12,8,0
HH_16452,14,7,0
HH_16453,11,2,0
HH_16454,5,4,0
HH_16455,7,6,0
HH_16456,5,6,2
HH_16457,11,1,1
HH_16458,8,5,1
HH_16459,6,7,0
HH_16460,4,2,0
HH_16461,13,4,0
HH_16462,9,2,0
HH_16463,13,4,1
HH_16464,9,1,1
HH_16465,9,1,2
HH_16466,13,4,1
HH_16467,10,5,1
HH_16468,10,4,1
HH_16469,11,4,0
HH_16470,10,3,1
HH_16471,9,1,2
HH_16472,7,0,1
HH_16473,11,8,1
HH_16474,5,8,4
HH_16475,14,3,1
HH_16476,7,3,0
HH_16477,12,4,1
HH_16478,7,7,1
HH_16479,9,4,1
HH_16480,14,6,0
HH_16481,17,8,0
HH_16482,13,3,2
HH_16483,13,5,1
HH_16484,10,5,1
HH_16485,22,5,1
HH_16486,14,7,0
HH_16487,12,5,2
HH_16488,14,5,0
HH_16489,16,9,0
HH_16490,14,5,1
HH_16491,15,4,1
HH_16492,6,7,2
HH_16493,9,4,1
HH_16494,18,2,0
HH_16495,17,6,0
HH_16496,14,2,0
HH_16497,15,7,3
HH_16498,14,5,0
HH_16499,12,8,4
HH_16500,13,6,1
HH_16501,12,6,3
HH_16502,9,3,1
HH_16503,11,3,1
HH_16504,17,5,1
HH_16505,15,5,0
HH_16506,9,3,2
HH_16507,9,9,1
HH_16508,10,2,0
HH_16509,15,6,3
HH_16510,11,3,2
HH_16511,14,5,0
HH_16512,11,6,4
HH_16513,13,6,1
HH_16514,6,5,1
HH_16515,13,3,0
HH_16516,10,4,2
HH_16517,18,6,3
HH_16518,11,5,2
HH_16519,14,7,2
HH_16520,10,8,0
HH_16521,17,2,1
HH_16522,19,3,0
HH_16523,16,5,1
HH_16524,12,2,0
HH_16525,8,2,0
HH_16526,19,8,1
HH_16527,16,6,1
HH_16528,12,0,1
HH_16529,12,10,1
HH_16530,10,6,2
HH_16531,17,6,1
HH_16532,14,7,0
HH_16533,15,4,1
HH_16534,13,4,1
HH_16535,14,5,2
HH_16536,15,0,3
HH_16537,10,2,1
HH_16538,11,6,1
HH_16539,18,9,2
HH_16540,4,4,2
HH_16541,11,2,1
HH_16542,8,4,0
HH_16543,8,4,0
HH_16544,17,1,0
HH_16545,17,2,0
HH_16546,20,5,0
HH_16547,11,4,0
HH_16548,8,1,2
HH_16549,11,4,1
HH_16550,14,5,1
HH_16551,15,7,1
HH_16552,13,5,0
HH_16553,12,4,1
HH_16554,12,4,1
HH_16555,9,5,0
HH_16556,9,6,1
HH_16557,13,4,0
HH_16558,12,5,2
HH_16559,10,3,3
HH_16560,9,10,4
HH_16561,8,5,2
HH_16562,10,3,2
HH_16563,13,3,2
HH_16564,10,7,0
HH_16565,13,2,0
HH_16566,13,5,0
HH_16567,18,5,0
HH_16568,11,10,0
HH_16569,14,6,0
HH_16570,15,5,2
HH_16571,15,4,1
HH_16572,15,6,0
HH_16573,9,9,1
HH_16574,13,3,2
HH_16575,8,7,1
HH_16576,16,2,0
HH_16577,8,6,0
HH_16578,11,4,1
HH_16579,11,2,0
HH_16580,11,8,1
HH_16581,13,7,1
HH_16582,17,4,1
HH_16583,18,6,0
HH_16584,8,5,1
HH_16585,17,5,0
HH_16586,9,4,1
HH_16587,14,4,2
HH_16588,16,5,2
HH_16589,17,8,2
HH_16590,13,6,0
HH_16591,11,7,0
HH_16592,13,2,0
HH_16593,13,10,1
HH_16594,10,6,2
HH_16595,9,2,0
HH_16596,8,2,1
HH_16597,6,6,1
HH_16598,8,6,0
HH_16599,14,7,0
HH_16600,18,8,0
HH_16601,11,6,0
HH_16602,12,6,1
HH_16603,10,5,0
HH_16604,10,7,1
HH_16605,9,5,1
HH_16606,10,8,0
HH_16607,10,4,1
HH_16608,14,3,0
HH_16609,9,8,1
HH_16610,10,4,0
HH_16611,16,6,1
HH_16612,10,7,0
HH_16613,13,6,1
HH_16614,12,8,1
HH_16615,7,4,2
HH_16616,9,5,2
HH_16617,11,3,0
HH_16618,13,5,0
HH_16619,21,4,0
HH_16620,16,6,1
HH_16621,13,3,3
HH_16622,9,4,2
HH_16623,9,2,1
HH_16624,14,6,2
HH_16625,12,8,0
HH_16626,11,5,0
HH_16627,10,6,0
HH_16628,19,3,0
HH_16629,11,5,3
HH_16630,10,2,0
HH_16631,14,2,1
HH_16632,5,3,1
HH_16633,15,6,3
HH_16634,13,7,3
HH_16635,16,3,2
HH_16636,11,5,0
HH_16637,16,2,1
HH_16638,16,7,2
HH_16639,13,5,0
HH_16640,15,4,3
HH_16641,9,4,2
HH_16642,9,10,0
HH_16643,14,4,1
HH_16644,15,1,2
HH_16645,12,4,1
HH_16646,11,5,0
HH_16647,21,4,1
HH_16648,10,8,0
HH_16649,11,7,0
HH_16650,12,3,1
HH_16651,22,4,1
HH_16652,12,3,1
HH_16653,13,6,1
HH_16654,9,5,1
HH_16655,6,7,1
HH_16656,12,0,5
HH_16657,10,6,2
HH_16658,10,3,1
HH_16659,13,4,2
HH_16660,11,1,2
HH_16661,15,6,1
HH_16662,8,4,3
HH_16663,18,3,2
HH_16664,12,3,1
HH_16665,9,4,2
HH_16666,12,2,1
HH_16667,15,5,2
HH_16668,6,3,2
HH_16669,6,4,2
HH_16670,10,6,2
HH_16671,10,4,0
HH_16672,10,4,4
HH_16673,11,1,2
HH_16674,12,8,0
HH_16675,10,7,1
HH_16676,17,5,1
HH_16677,13,4,3
HH_16678,15,3,2
HH_16679,12,5,1
HH_16680,12,9,0
HH_16681,16,3,0
HH_16682,8,5,1
HH_16683,17,3,0
HH_16684,16,7,1
HH_16685,11,2,2
HH_16686,8,6,2
HH_16687,16,10,1
HH_16688,8,3,1
HH_16689,11,1,1
HH_16690,7,5,0
HH_16691,17,6,0
HH_16692,10,6,3
HH_16693,11,12,2
HH_16694,10,6,1
HH_16695,13,3,2
HH_16696,18,2,0
HH_16697,21,3,1
HH_16698,3,2,1
HH_16699,6,4,0
HH_16700,11,2,0
HH_16701,11,4,1
HH_16702,9,6,0
HH_16703,9,11,0
HH_16704,14,3,0
HH_16705,16,5,1
HH_16706,12,4,2
HH_16707,11,9,2
HH_16708,13,8,0
HH_16709,14,1,0
HH_16710,7,6,2
HH_16711,11,7,2
HH_16712,13,5,2
HH_16713,19,1,3
HH_16714,14,6,1
HH_16715,13,3,0
HH_16716,10,2,0
HH_16717,10,3,0
HH_16718,12,3,3
HH_16719,11,1,0
HH_16720,11,7,2
HH_16721,13,2,0
HH_16722,9,0,1
HH_16723,13,4,0
HH_16724,13,2,0
HH_16725,6,2,3
HH_16726,12,6,1
HH_16727,14,6,2
HH_16728,13,8,1
HH_16729,3,4,0
HH_16730,10,5,2
HH_16731,8,4,1
HH_16732,10,5,4
HH_16733,20,4,4
HH_16734,10,5,0
HH_16735,19,7,1
HH_16736,11,7,1
HH_16737,10,4,0
HH_16738,16,5,1
HH_16739,19,4,3
HH_16740,14,4,0
HH_16741,13,3,0
HH_16742,12,6,0
HH_16743,10,2,0
HH_16744,3,4,2
HH_16745,15,4,1
HH_16746,14,4,0
HH_16747,17,3,0
HH_16748,10,6,1
HH_16749,13,10,0
HH_16750,11,3,3
HH_16751,10,4,2
HH_16752,5,3,2
HH_16753,8,4,0
HH_16754,4,2,1
HH_16755,12,2,1
HH_16756,11,8,0
HH_16757,9,6,1
HH_16758,15,8,1
HH_16759,9,7,3
HH_16760,19,6,0
HH_16761,12,3,0
HH_16762,8,6,1
HH_16763,9,2,1
HH_16764,6,5,1
HH_16765,12,6,3
HH_16766,10,3,2
HH_16767,13,4,1
HH_16768,18,5,2
HH_16769,15,4,0
HH_16770,13,4,1
HH_16771,16,3,0
HH_16772,13,3,4
HH_16773,13,3,1
HH_16774,12,1,1
HH_16775,18,2,0
HH_16776,9,9,1
HH_16777,10,6,1
HH_16778,10,5,1
HH_16779,13,3,2
HH_16780,9,6,1
HH_16781,8,1,1
HH_16782,13,8,1
HH_16783,10,4,4
HH_16784,12,2,0
HH_16785,9,14,1
HH_16786,14,7,0
HH_16787,11,3,1
HH_16788,8,6,0
HH_16789,12,7,2
HH_16790,11,3,0
HH_16791,16,4,1
HH_16792,8,6,1
HH_16793,16,3,1
HH_16794,17,2,2
HH_16795,4,2,2
HH_16796,16,3,0
HH_16797,9,6,0
HH_16798,11,8,4
HH_16799,12,3,1
HH_16800,12,6,1
HH_16801,10,3,0
HH_16802,7,3,1
HH_16803,13,3,1
HH_16804,8,3,2
HH_16805,7,9,3
HH_16806,10,7,1
HH_16807,12,3,2
HH_16808,16,8,0
HH_16809,16,9,0
HH_16810,8,7,0
HH_16811,10,3,1
HH_16812,6,4,8
HH_16813,13,5,0
HH_16814,15,2,1
HH_16815,17,5,1
HH_16816,12,3,2
HH_16817,9,6,2
HH_16818,15,7,0
HH_16819,9,3,1
HH_16820,9,7,2
HH_16821,17,7,0
HH_16822,17,3,0
HH_16823,17,0,1
HH_16824,15,3,0
HH_16825,8,2,2
HH_16826,10,6,2
HH_16827,7,7,1
HH_16828,9,7,2
HH_16829,14,3,0
HH_16830,9,6,1
HH_16831,11,8,2
HH_16832,14,6,0
HH_16833,18,4,2
HH_16834,12,4,0
HH_16835,8,5,1
HH_16836,11,2,2
HH_16837,5,5,1
HH_16838,19,5,0
HH_16839,7,6,0
HH_16840,11,2,0
HH_16841,10,11,0
HH_16842,10,7,1
HH_16843,9,5,0
HH_16844,15,3,0
HH_16845,14,5,0
HH_16846,12,7,1
HH_16847,5,5,3
HH_16848,12,4,0
HH_16849,10,4,1
HH_16850,5,8,2
HH_16851,13,6,0
HH_16852,13,6,0
HH_16853,19,7,1
HH_16854,12,9,1
HH_16855,9,4,0
HH_16856,15,3,0
HH_16857,11,5,2
HH_16858,22,5,0
HH_16859,17,6,0
HH_16860,13,6,0
HH_16861,9,8,1
HH_16862,12,5,1
HH_16863,6,5,2
HH_16864,18,5,0
HH_16865,8,6,0
HH_16866,9,7,2
HH_16867,13,3,0
HH_16868,7,4,1
HH_16869,14,6,3
HH_16870,14,8,2
HH_16871,21,11,2
HH_16872,16,4,2
HH_16873,8,5,2
HH_16874,9,7,2
HH_16875,14,2,1
HH_16876,10,5,1
HH_16877,15,1,1
HH_16878,9,2,1
HH_16879,14,2,0
HH_16880,11,3,0
HH_16881,9,3,0
HH_16882,14,6,1
HH_16883,11,3,1
HH_16884,11,3,2
HH_16885,12,6,1
HH_16886,11,2,3
HH_16887,10,5,0
HH_16888,13,2,0
HH_16889,12,2,1
HH_16890,11,7,0
HH_16891,12,5,0
HH_16892,12,6,1
HH_16893,13,3,0
HH_16894,4,7,0
HH_16895,12,10,1
HH_16896,16,4,5
HH_16897,11,5,0
HH_16898,17,4,0
HH_16899,17,5,0
HH_16900,14,9,1
HH_16901,14,3,1
HH_16902,10,3,0
HH_16903,12,2,4
HH_16904,15,7,2
HH_16905,10,2,0
HH_16906,10,6,1
HH_16907,15,4,0
HH_16908,14,6,2
HH_16909,7,6,2
HH_16910,10,7,3
HH_16911,12,6,2
HH_16912,18,7,1
HH_16913,12,6,2
HH_16914,13,0,0
HH_16915,15,3,1
HH_16916,12,7,1
HH_16917,16,2,2
HH_16918,8,7,2
HH_16919,16,6,0
HH_16920,14,6,1
HH_16921,13,4,3
HH_16922,5,5,1
HH_16923,7,4,0
HH_16924,11,3,0
HH_16925,12,4,0
HH_16926,14,5,1
HH_16927,11,6,1
HH_16928,4,6,1
HH_16929,13,8,3
HH_16930,15,4,0
HH_16931,9,6,0
HH_16932,17,1,0
HH_16933,15,3,4
HH_16934,13,1,1
HH_16935,11,2,3
HH_16936,12,4,3
HH_16937,8,4,0
HH_16938,12,4,0
HH_16939,9,5,1
HH_16940,14,7,2
HH_16941,14,8,1
HH_16942,10,6,1
HH_16943,9,3,0
HH_16944,14,3,1
HH_16945,12,4,1
HH_16946,7,4,0
HH_16947,12,5,0
HH_16948,10,9,2
HH_16949,15,3,0
HH_16950,12,3,1
HH_16951,18,6,1
HH_16952,14,5,2
HH_16953,16,1,0
HH_16954,13,8,1
HH_16955,9,3,1
HH_16956,10,4,1
HH_16957,18,5,0
HH_16958,15,6,2
HH_16959,8,3,2
HH_16960,11,8,1
HH_16961,7,5,0
HH_16962,12,6,0
HH_16963,13,3,3
HH_16964,8,9,0
HH_16965,12,8,2
HH_16966,5,4,2
HH_16967,12,5,0
HH_16968,6,7,3
HH_16969,10,9,1
HH_16970,17,4,0
HH_16971,13,6,1
HH_16972,12,4,1
HH_16973,15,7,2
HH_16974,21,4,0
HH_16975,14,10,1
HH_16976,12,8,1
HH_16977,13,2,2
HH_16978,5,5,1
HH_16979,14,4,7
HH_16980,10,8,3
HH_16981,14,5,0
HH_16982,11,4,0
HH_16983,17,4,1
HH_16984,9,4,1
HH_16985,24,9,1
HH_16986,11,3,2
HH_16987,20,4,0
HH_16988,12,5,1
HH_16989,10,1,1
HH_16990,13,5,4
HH_16991,11,4,0
HH_16992,12,2,0
HH_16993,12,5,1
HH_16994,18,4,0
HH_16995,13,3,1
HH_16996,12,5,0
HH_16997,7,5,0
HH_16998,15,6,2
HH_16999,11,5,0
HH_17000,9,4,1
HH_17001,12,6,2
HH_17002,10,4,1
HH_17003,9,6,0
HH_17004,10,3,0
HH_17005,7,7,0
HH_17006,10,3,1
HH_17007,11,8,1
HH_17008,14,2,1
HH_17009,16,4,1
HH_17010,9,7,2
HH_17011,10,2,0
HH_17012,15,6,0
HH_17013,15,5,0
HH_17014,13,10,1
HH_17015,9,4,3
HH_17016,8,5,1
HH_17017,10,7,1
HH_17018,6,5,2
HH_17019,11,8,3
HH_17020,13,6,2
HH_17021,9,4,0
HH_17022,19,3,2
HH_17023,7,1,4
HH_17024,15,4,0
HH_17025,11,4,1
HH_17026,15,5,0
HH_17027,12,2,2
HH_17028,17,2,3
HH_17029,17,5,2
HH_17030,10,8,3
HH_17031,15,2,1
HH_17032,10,7,0
HH_17033,13,3,2
HH_17034,18,6,3
HH_17035,11,8,0
HH_17036,11,14,1
HH_17037,11,4,1
HH_17038,15,3,0
HH_17039,15,5,1
HH_17040,9,8,0
HH_17041,11,5,1
HH_17042,17,3,1
HH_17043,15,6,1
HH_17044,13,7,1
HH_17045,10,7,1
HH_17046,9,7,2
HH_17047,9,5,2
HH_17048,13,4,0
HH_17049,10,4,0
HH_17050,11,8,0
HH_17051,13,3,4
HH_17052,10,6,2
HH_17053,11,10,5
HH_17054,11,7,2
HH_17055,12,3,2
HH_17056,12,6,0
HH_17057,7,6,0
HH_17058,12,7,4
HH_17059,8,2,2
HH_17060,8,5,0
HH_17061,17,6,2
HH_17062,12,4,1
HH_17063,9,6,2
HH_17064,21,5,1
HH_17065,8,5,0
HH_17066,9,3,0
HH_17067,12,5,2
HH_17068,9,8,3
HH_17069,15,3,0
HH_17070,17,6,3
HH_17071,18,3,2
HH_17072,7,4,0
HH_17073,10,3,0
HH_17074,18,3,0
HH_17075,18,1,2
HH_17076,15,3,2
HH_17077,14,7,1
HH_17078,15,6,4
HH_17079,15,6,3
HH_17080,10,3,0
HH_17081,11,5,2
HH_17082,14,5,1
HH_17083,9,6,1
HH_17084,6,5,0
HH_17085,10,4,2
HH_17086,14,2,1
HH_17087,12,11,0
HH_17088,14,4,0
HH_17089,8,6,0
HH_17090,13,7,0
HH_17091,7,2,1
HH_17092,17,4,0
HH_17093,10,6,1
HH_17094,8,4,2
HH_17095,15,6,0
HH_17096,12,3,1
HH_17097,9,2,2
HH_17098,17,3,1
HH_17099,13,7,1
HH_17100,4,6,0
HH_17101,11,4,0
HH_17102,11,7,4
HH_17103,12,5,0
HH_17104,12,3,0
HH_17105,10,0,0
HH_17106,20,4,2
HH_17107,11,4,0
HH_17108,10,5,0
HH_17109,14,4,1
HH_17110,11,7,3
HH_17111,14,4,0
HH_17112,9,8,0
HH_17113,12,2,2
HH_17114,12,3,0
HH_17115,11,5,1
HH_17116,14,7,2
HH_17117,15,3,1
HH_17118,15,6,1
HH_17119,14,6,1
HH_17120,13,6,0
HH_17121,9,4,0
HH_17122,14,3,0
HH_17123,15,5,0
HH_17124,12,4,1
HH_17125,11,5,1
HH_17126,15,8,1
HH_17127,11,3,1
HH_17128,17,3,1
HH_17129,18,3,0
HH_17130,12,3,0
HH_17131,14,3,0
HH_17132,21,6,0
HH_17133,13,6,1
HH_17134,10,7,0
HH_17135,17,8,2
HH_17136,11,5,0
HH_17137,13,8,1
HH_17138,16,4,1
HH_17139,10,7,2
HH_17140,14,7,0
HH_17141,11,6,2
HH_17142,17,3,1
HH_17143,12,6,2
HH_17144,16,8,1
HH_17145,16,7,0
HH_17146,10,3,2
HH_17147,9,3,1
HH_17148,8,8,1
HH_17149,18,7,1
HH_17150,9,9,0
HH_17151,13,2,0
HH_17152,12,6,0
HH_17153,13,3,0
HH_17154,15,5,1
HH_17155,11,10,1
HH_17156,9,5,1
HH_17157,7,4,1
HH_17158,17,8,0
HH_17159,12,6,0
HH_17160,14,6,1
HH_17161,9,1,0
HH_17162,24,4,3
HH_17163,15,6,1
HH_17164,5,7,2
HH_17165,13,2,0
HH_17166,10,8,1
HH_17167,9,4,0
HH_17168,15,7,0
HH_17169,16,5,0
HH_17170,11,3,1
HH_17171,17,5,0
HH_17172,15,4,0
HH_17173,15,9,0
HH_17174,10,7,2
HH_17175,13,3,3
HH_17176,9,4,2
HH_17177,13,7,0
HH_17178,17,11,0
HH_17179,8,8,2
HH_17180,8,3,2
HH_17181,12,8,1
HH_17182,20,9,0
HH_17183,11,4,0
HH_17184,10,9,1
HH_17185,12,6,3
HH_17186,10,7,3
HH_17187,15,7,1
HH_17188,9,5,1
HH_17189,8,5,0
HH_17190,12,4,1
HH_17191,11,5,0
HH_17192,14,8,1
HH_17193,13,5,1
HH_17194,13,4,0
HH_17195,18,3,1
HH_17196,14,5,1
HH_17197,15,6,2
HH_17198,9,5,1
HH_17199,16,6,4
HH_17200,11,2,0
HH_17201,10,2,0
HH_17202,16,3,1
HH_17203,16,2,1
HH_17204,13,5,2
HH_17205,7,5,2
HH_17206,7,6,0
HH_17207,12,2,1
HH_17208,18,7,2
HH_17209,9,8,0
HH_17210,19,2,1
HH_17211,7,7,2
HH_17212,15,5,2
HH_17213,12,7,0
HH_17214,16,4,0
HH_17215,8,6,1
HH_17216,16,6,0
HH_17217,14,4,0
HH_17218,13,3,0
HH_17219,15,6,0
HH_17220,7,5,1
HH_17221,9,6,1
HH_17222,3,5,0
HH_17223,13,3,1
HH_17224,10,3,0
HH_17225,17,5,0
HH_17226,11,7,1
HH_17227,11,5,0
HH_17228,10,7,0
HH_17229,13,7,1
HH_17230,10,7,4
HH_17231,8,6,1
HH_17232,15,9,0
HH_17233,8,2,0
HH_17234,16,4,1
HH_17235,12,3,1
HH_17236,9,5,0
HH_17237,9,8,2
HH_17238,10,6,0
HH_17239,13,6,2
HH_17240,17,4,0
HH_17241,11,6,0
HH_17242,12,6,0
HH_17243,18,6,0
HH_17244,18,6,2
HH_17245,10,8,0
HH_17246,10,3,1
HH_17247,13,2,1
HH_17248,11,4,1
HH_17249,22,3,0
HH_17250,16,7,1
HH_17251,14,2,2
HH_17252,10,4,3
HH_17253,13,6,0
HH_17254,11,7,2
HH_17255,12,10,1
HH_17256,11,5,1
HH_17257,8,3,2
HH_17258,18,1,2
HH_17259,9,5,1
HH_17260,8,6,1
HH_17261,14,4,0
HH_17262,17,5,2
HH_17263,18,4,0
HH_17264,15,6,2
HH_17265,11,6,1
HH_17266,9,7,0
HH_17267,11,4,0
HH_17268,10,5,1
HH_17269,13,2,0
HH_17270,15,11,0
HH_17271,11,5,1
HH_17272,16,4,0
HH_17273,12,6,2
HH_17274,7,7,2
HH_17275,13,6,1
HH_17276,11,1,1
HH_17277,10,8,2
HH_17278,15,6,0
HH_17279,8,11,0
HH_17280,7,3,1
HH_17281,14,5,0
HH_17282,5,6,2
HH_17283,14,5,1
HH_17284,13,8,1
HH_17285,14,11,1
HH_17286,16,3,2
HH_17287,9,7,0
HH_17288,8,7,0
HH_17289,11,6,0
HH_17290,11,5,3
HH_17291,9,1,2
HH_17292,7,2,2
HH_17293,13,8,2
HH_17294,9,3,0
HH_17295,11,1,0
HH_17296,15,3,0
HH_17297,12,8,2
HH_17298,15,4,0
HH_17299,9,6,0
HH_17300,12,6,0
HH_17301,9,4,0
HH_17302,12,5,1
HH_17303,9,3,1
HH_17304,21,3,2
HH_17305,6,5,0
HH_17306,6,5,2
HH_17307,13,3,1
HH_17308,10,5,1
HH_17309,10,3,1
HH_17310,8,3,0
HH_17311,8,2,1
HH_17312,13,5,0
HH_17313,11,3,2
HH_17314,12,9,1
HH_17315,14,4,1
HH_17316,14,5,0
HH_17317,11,3,1
HH_17318,20,4,0
HH_17319,19,9,1
HH_17320,14,4,0
HH_17321,11,8,0
HH_17322,17,5,3
HH_17323,10,6,2
HH_17324,15,9,0
HH_17325,16,3,2
HH_17326,16,5,0
HH_17327,11,7,1
HH_17328,7,7,1
HH_17329,13,3,1
HH_17330,6,3,4
HH_17331,11,5,0
HH_17332,12,7,2
HH_17333,10,5,1
HH_17334,12,4,0
HH_17335,17,9,2
HH_17336,11,6,2
HH_17337,13,8,1
HH_17338,11,6,0
HH_17339,8,7,1
HH_17340,7,4,0
HH_17341,13,2,0
HH_17342,12,2,0
HH_17343,16,5,3
HH_17344,13,8,0
HH_17345,18,3,3
HH_17346,5,5,2
HH_17347,8,5,0
HH_17348,12,9,0
HH_17349,9,5,1
HH_17350,9,8,0
HH_17351,16,5,1
HH_17352,8,4,0
HH_17353,13,4,1
HH_17354,16,6,0
HH_17355,16,7,2
HH_17356,12,7,0
HH_17357,11,5,1
HH_17358,10,4,2
HH_17359,18,6,0
HH_17360,11,3,0
HH_17361,11,4,0
HH_17362,14,5,0
HH_17363,17,6,2
HH_17364,12,5,1
HH_17365,8,1,1
HH_17366,11,5,2
HH_17367,13,10,0
HH_17368,10,6,1
HH_17369,8,2,1
HH_17370,10,8,1
HH_17371,15,1,0
HH_17372,11,8,0
HH_17373,17,6,1
HH_17374,11,5,0
HH_17375,15,6,0
HH_17376,16,4,1
HH_17377,6,7,2
HH_17378,16,4,1
HH_17379,6,4,0
HH_17380,14,5,0
HH_17381,15,4,1
HH_17382,2,6,1
HH_17383,11,5,0
HH_17384,15,6,3
HH_17385,17,2,0
HH_17386,21,6,1
HH_17387,3,10,3
HH_17388,9,3,0
HH_17389,11,3,1
HH_17390,8,0,2
HH_17391,5,5,2
HH_17392,11,5,0
HH_17393,6,5,1
HH_17394,13,8,4
HH_17395,12,4,1
HH_17396,9,2,1
HH_17397,12,3,3
HH_17398,16,4,0
HH_17399,10,7,1
HH_17400,3,6,1
HH_17401,13,9,1
HH_17402,14,8,1
HH_17403,15,8,0
HH_17404,17,7,0
HH_17405,11,9,1
HH_17406,6,6,0
HH_17407,13,5,3
HH_17408,16,1,0
HH_17409,11,4,0
HH_17410,16,8,1
HH_17411,16,3,2
HH_17412,15,4,2
HH_17413,14,3,1
HH_17414,12,6,0
HH_17415,14,4,2
HH_17416,12,5,0
HH_17417,13,4,0
HH_17418,8,9,1
HH_17419,12,5,1
HH_17420,14,4,0
HH_17421,13,5,2
HH_17422,13,5,1
HH_17423,9,4,0
HH_17424,13,4,1
HH_17425,7,4,1
HH_17426,15,3,1
HH_17427,14,6,1
HH_17428,12,7,0
HH_17429,12,4,1
HH_17430,9,6,0
HH_17431,19,6,0
HH_17432,11,3,1
HH_17433,15,7,2
HH_17434,13,4,0
HH_17435,11,6,0
HH_17436,12,4,2
HH_17437,13,2,1
HH_17438,16,6,2
HH_17439,13,7,2
HH_17440,11,4,0
HH_17441,13,3,2
HH_17442,10,3,0
HH_17443,10,5,1
HH_17444,20,9,1
HH_17445,9,8,1
HH_17446,10,5,0
HH_17447,21,5,2
HH_17448,11,5,3
HH_17449,7,5,1
HH_17450,11,4,0
HH_17451,12,5,0
HH_17452,11,3,0
HH_17453,11,3,1
HH_17454,5,5,1
HH_17455,11,6,0
HH_17456,14,1,2
HH_17457,15,4,1
HH_17458,11,7,3
HH_17459,11,2,1
HH_17460,10,5,0
HH_17461,11,9,1
HH_17462,15,4,1
HH_17463,13,2,0
HH_17464,13,6,1
HH_17465,15,3,1
HH_17466,17,6,1
HH_17467,11,7,0
HH_17468,10,8,2
HH_17469,15,1,0
HH_17470,12,2,0
HH_17471,10,4,1
HH_17472,12,7,0
HH_17473,8,7,2
HH_17474,10,6,1
HH_17475,18,7,1
HH_17476,5,2,0
HH_17477,13,3,2
HH_17478,6,6,2
HH_17479,11,4,1
HH_17480,14,5,0
HH_17481,13,4,1
HH_17482,14,1,2
HH_17483,14,4,1
HH_17484,3,2,2
HH_17485,12,6,2
HH_17486,6,6,3
HH_17487,10,4,0
HH_17488,10,6,1
HH_17489,12,5,2
HH_17490,13,5,0
HH_17491,11,4,1
HH_17492,7,1,1
HH_17493,9,5,1
HH_17494,10,4,1
HH_17495,21,9,0
HH_17496,11,9,1
HH_17497,12,7,1
HH_17498,12,2,1
HH_17499,12,4,0
HH_17500,14,1,0
HH_17501,10,4,1
HH_17502,13,2,0
HH_17503,13,2,0
HH_17504,10,3,3
HH_17505,6,3,3
HH_17506,12,5,1
HH_17507,15,5,1
HH_17508,8,8,0
HH_17509,14,3,1
HH_17510,12,1,2
HH_17511,15,4,2
HH_17512,10,4,2
HH_17513,12,7,2
HH_17514,6,5,0
HH_17515,13,4,2
HH_17516,12,6,1
HH_17517,12,6,3
HH_17518,8,6,2
HH_17519,18,1,1
HH_17520,3,5,1
HH_17521,13,4,2
HH_17522,14,5,0
HH_17523,10,7,1
HH_17524,12,1,0
HH_17525,12,6,0
HH_17526,9,4,0
HH_17527,11,7,0
HH_17528,17,4,0
HH_17529,9,1,0
HH_17530,15,4,1
HH_17531,11,7,0
HH_17532,11,6,1
HH_17533,12,5,0
HH_17534,7,3,1
HH_17535,13,5,1
HH_17536,10,9,3
HH_17537,15,4,1
HH_17538,9,7,3
HH_17539,14,6,0
HH_17540,9,4,0
HH_17541,13,5,0
HH_17542,10,6,0
HH_17543,9,4,1
HH_17544,6,5,2
HH_17545,12,5,0
HH_17546,7,4,2
HH_17547,8,1,2
HH_17548,13,2,1
HH_17549,8,7,0
HH_17550,11,10,1
HH_17551,12,9,0
HH_17552,13,8,2
HH_17553,10,2,1
HH_17554,9,2,0
HH_17555,15,2,2
HH_17556,16,4,1
HH_17557,15,4,0
HH_17558,12,5,1
HH_17559,13,8,2
HH_17560,13,6,3
HH_17561,16,7,2
HH_17562,17,2,1
HH_17563,19,3,0
HH_17564,13,3,3
HH_17565,16,5,0
HH_17566,10,5,1
HH_17567,16,7,0
HH_17568,9,4,0
HH_17569,16,4,2
HH_17570,16,5,0
HH_17571,8,7,1
HH_17572,10,1,0
HH_17573,15,3,0
HH_17574,12,4,1
HH_17575,13,5,0
HH_17576,12,8,0
HH_17577,11,5,1
HH_17578,21,3,0
HH_17579,9,6,3
HH_17580,10,6,0
HH_17581,15,5,0
HH_17582,10,6,0
HH_17583,15,5,4
HH_17584,12,8,0
HH_17585,13,3,2
HH_17586,10,3,0
HH_17587,12,9,0
HH_17588,18,8,0
HH_17589,18,2,0
HH_17590,12,7,0
HH_17591,8,4,3
HH_17592,16,4,0
HH_17593,15,5,0
HH_17594,9,7,2
HH_17595,15,5,1
HH_17596,14,4,0
HH_17597,12,6,1
HH_17598,10,4,0
HH_17599,14,4,0
HH_17600,9,10,0
HH_17601,10,9,0
HH_17602,7,8,0
HH_17603,9,5,1
HH_17604,13,5,1
HH_17605,13,2,1
HH_17606,11,3,1
HH_17607,13,4,0
HH_17608,14,3,0
HH_17609,6,4,2
HH_17610,8,6,2
HH_17611,10,1,2
HH_17612,17,6,1
HH_17613,11,5,2
HH_17614,8,7,2
HH_17615,15,4,1
HH_17616,14,3,3
HH_17617,8,4,2
HH_17618,8,3,1
HH_17619,16,6,1
HH_17620,9,5,1
HH_17621,11,5,2
HH_17622,10,6,1
HH_17623,6,4,1
HH_17624,10,7,0
HH_17625,10,4,0
HH_17626,12,6,0
HH_17627,18,7,0
HH_17628,12,12,1
HH_17629,16,5,0
HH_17630,11,5,0
HH_17631,12,6,2
HH_17632,13,8,0
HH_17633,12,3,0
HH_17634,16,6,1
HH_17635,5,4,1
HH_17636,15,7,1
HH_17637,9,6,1
HH_17638,12,2,2
HH_17639,17,2,0
HH_17640,19,4,1
HH_17641,8,4,0
HH_17642,10,5,1
HH_17643,13,6,0
HH_17644,8,4,0
HH_17645,13,9,3
HH_17646,14,4,1
HH_17647,13,4,3
HH_17648,12,8,1
HH_17649,7,3,1
HH_17650,11,5,2
HH_17651,11,5,2
HH_17652,8,13,1
HH_17653,12,5,1
HH_17654,11,5,1
HH_17655,12,4,0
HH_17656,7,4,1
HH_17657,8,14,0
HH_17658,7,4,1
HH_17659,15,9,0
HH_17660,11,5,1
HH_17661,18,6,1
HH_17662,14,3,3
HH_17663,22,9,0
HH_17664,15,3,0
HH_17665,6,9,1
HH_17666,12,3,1
HH_17667,12,4,2
HH_17668,13,4,2
HH_17669,10,2,0
HH_17670,15,2,1
HH_17671,9,3,0
HH_17672,17,5,1
HH_17673,16,3,2
HH_17674,14,2,2
HH_17675,14,3,0
HH_17676,13,2,1
HH_17677,7,5,0
HH_17678,10,5,0
HH_17679,14,7,1
HH_17680,11,9,0
HH_17681,8,3,0
HH_17682,11,4,0
HH_17683,15,4,1
HH_17684,16,7,2
HH_17685,9,8,7
HH_17686,16,3,2
HH_17687,15,5,3
HH_17688,21,4,0
HH_17689,17,5,2
HH_17690,18,6,0
HH_17691,9,6,0
HH_17692,6,5,1
HH_17693,15,3,1
HH_17694,11,3,0
HH_17695,10,5,0
HH_17696,9,6,1
HH_17697,12,4,0
HH_17698,16,7,1
HH_17699,8,4,0
HH_17700,20,3,1
HH_17701,10,3,1
HH_17702,6,6,0
HH_17703,12,2,1
HH_17704,17,5,1
HH_17705,16,5,0
HH_17706,14,7,0
HH_17707,18,8,0
HH_17708,16,7,0
HH_17709,13,5,0
HH_17710,15,6,3
HH_17711,10,3,3
HH_17712,20,8,0
HH_17713,9,2,0
HH_17714,10,5,0
HH_17715,11,5,1
HH_17716,14,6,0
HH_17717,13,5,0
HH_17718,12,2,2
HH_17719,15,5,1
HH_17720,19,5,1
HH_17721,10,4,1
HH_17722,13,2,1
HH_17723,16,5,0
HH_17724,12,7,0
HH_17725,5,7,1
HH_17726,11,7,2
HH_17727,12,2,1
HH_17728,12,5,1
HH_17729,16,4,1
HH_17730,11,5,0
HH_17731,11,4,2
HH_17732,10,2,1
HH_17733,12,5,2
HH_17734,19,5,1
HH_17735,8,5,0
HH_17736,8,7,3
HH_17737,7,8,0
HH_17738,10,4,2
HH_17739,13,5,0
HH_17740,12,5,0
HH_17741,10,1,1
HH_17742,11,3,1
HH_17743,16,5,1
HH_17744,12,8,1
HH_17745,16,9,1
HH_17746,16,3,1
HH_17747,11,7,0
HH_17748,9,5,0
HH_17749,4,8,0
HH_17750,12,11,3
HH_17751,14,5,0
HH_17752,9,10,0
HH_17753,12,4,1
HH_17754,13,5,1
HH_17755,13,4,2
HH_17756,11,2,1
HH_17757,10,6,1
HH_17758,11,7,0
HH_17759,8,3,0
HH_17760,13,5,0
HH_17761,12,3,4
HH_17762,16,3,0
HH_17763,9,7,1
HH_17764,14,3,1
HH_17765,13,3,2
HH_17766,14,2,1
HH_17767,11,9,2
HH_17768,8,8,0
HH_17769,12,5,1
HH_17770,9,3,3
HH_17771,13,3,3
HH_17772,9,6,1
HH_17773,9,6,0
HH_17774,12,6,2
HH_17775,10,4,0
HH_17776,16,5,2
HH_17777,16,8,0
HH_17778,16,5,1
HH_17779,12,2,2
HH_17780,13,4,2
HH_17781,12,3,0
HH_17782,13,3,2
HH_17783,12,5,0
HH_17784,12,1,1
HH_17785,10,5,3
HH_17786,15,7,0
HH_17787,10,5,1
HH_17788,21,7,2
HH_17789,17,6,0
HH_17790,11,6,3
HH_17791,13,6,0
HH_17792,10,9,1
HH_17793,16,6,0
HH_17794,10,3,0
HH_17795,5,3,0
HH_17796,10,4,1
HH_17797,23,6,1
HH_17798,7,5,2
HH_17799,12,1,1
HH_17800,12,2,2
HH_17801,15,5,3
HH_17802,20,3,0
HH_17803,8,5,0
HH_17804,8,3,2
HH_17805,10,3,0
HH_17806,17,3,0
HH_17807,12,5,1
HH_17808,5,6,2
HH_17809,7,5,2
HH_17810,11,6,0
HH_17811,9,5,1
HH_17812,9,2,1
HH_17813,21,9,1
HH_17814,12,7,2
HH_17815,17,5,2
HH_17816,15,3,0
HH_17817,13,5,0
HH_17818,10,2,2
HH_17819,14,4,0
HH_17820,14,3,1
HH_17821,8,4,0
HH_17822,17,3,1
HH_17823,13,8,1
HH_17824,16,2,2
HH_17825,12,6,0
HH_17826,10,4,0
HH_17827,11,6,0
HH_17828,16,4,3
HH_17829,16,6,1
HH_17830,7,7,1
HH_17831,11,2,1
HH_17832,9,7,4
HH_17833,8,7,0
HH_17834,15,6,3
HH_17835,9,9,1
HH_17836,15,6,3
HH_17837,16,7,2
HH_17838,12,6,0
HH_17839,12,3,0
HH_17840,11,5,3
HH_17841,12,4,0
HH_17842,8,2,1
HH_17843,16,5,3
HH_17844,12,6,3
HH_17845,12,4,1
HH_17846,5,3,2
HH_17847,17,7,0
HH_17848,12,13,1
HH_17849,10,7,1
HH_17850,15,6,0
HH_17851,8,3,0
HH_17852,15,6,2
HH_17853,11,4,0
HH_17854,17,2,1
HH_17855,16,4,0
HH_17856,13,7,1
HH_17857,8,2,0
HH_17858,11,10,1
HH_17859,14,5,1
HH_17860,10,7,1
HH_17861,11,3,0
HH_17862,10,6,1
HH_17863,15,6,1
HH_17864,13,3,2
HH_17865,11,3,0
HH_17866,14,3,1
HH_17867,11,4,1
HH_17868,13,3,0
HH_17869,9,5,0
HH_17870,11,5,2
HH_17871,12,5,3
HH_17872,11,8,0
HH_17873,18,5,1
HH_17874,19,4,0
HH_17875,16,11,1
HH_17876,13,2,2
HH_17877,9,7,0
HH_17878,5,6,1
HH_17879,9,2,3
HH_17880,7,8,0
HH_17881,13,7,1
HH_17882,14,8,1
HH_17883,14,5,2
HH_17884,10,4,2
HH_17885,21,4,1
HH_17886,16,3,1
HH_17887,19,3,5
HH_17888,14,6,2
HH_17889,10,6,0
HH_17890,11,1,1
HH_17891,7,3,1
HH_17892,6,5,0
HH_17893,10,7,0
HH_17894,14,4,2
HH_17895,9,8,2
HH_17896,14,4,2
HH_17897,17,4,0
HH_17898,10,4,0
HH_17899,9,8,1
HH_17900,8,7,1
HH_17901,9,4,0
HH_17902,11,8,0
HH_17903,11,6,1
HH_17904,10,2,2
HH_17905,11,4,1
HH_17906,4,4,0
HH_17907,9,3,1
HH_17908,11,4,0
HH_17909,20,4,1
HH_17910,11,6,1
HH_17911,5,5,1
HH_17912,17,3,1
HH_17913,15,4,0
HH_17914,10,2,1
HH_17915,6,4,3
HH_17916,13,3,0
HH_17917,13,4,0
HH_17918,11,6,1
HH_17919,8,6,0
HH_17920,15,5,0
HH_17921,8,9,0
HH_17922,7,7,1
HH_17923,13,4,0
HH_17924,10,6,2
HH_17925,10,5,1
HH_17926,10,7,1
HH_17927,16,5,0
HH_17928,22,4,1
HH_17929,6,5,0
HH_17930,6,9,1
HH_17931,12,2,3
HH_17932,16,5,1
HH_17933,11,10,1
HH_17934,9,7,0
HH_17935,9,8,0
HH_17936,11,5,1
HH_17937,11,6,1
HH_17938,9,6,0
HH_17939,13,2,3
HH_17940,15,9,1
HH_17941,16,4,0
HH_17942,14,10,1
HH_17943,13,5,5
HH_17944,14,7,0
HH_17945,14,2,0
HH_17946,9,8,1
HH_17947,13,6,0
HH_17948,18,2,1
HH_17949,9,3,1
HH_17950,17,6,0
HH_17951,10,3,1
HH_17952,10,6,2
HH_17953,14,4,1
HH_17954,14,6,1
HH_17955,13,4,2
HH_17956,11,4,0
HH_17957,10,2,0
HH_17958,17,3,0
HH_17959,8,8,0
HH_17960,7,2,0
HH_17961,10,3,1
HH_17962,9,8,0
HH_17963,11,6,1
HH_17964,15,5,0
HH_17965,12,3,0
HH_17966,10,9,0
HH_17967,11,3,1
HH_17968,10,4,0
HH_17969,5,5,1
HH_17970,9,8,0
HH_17971,13,7,2
HH_17972,16,5,1
HH_17973,11,5,0
HH_17974,12,4,2
HH_17975,12,3,2
HH_17976,13,6,4
HH_17977,12,3,1
HH_17978,6,4,0
HH_17979,12,5,0
HH_17980,20,2,1
HH_17981,17,5,2
HH_17982,12,6,2
HH_17983,7,1,1
HH_17984,12,9,0
HH_17985,18,3,1
HH_17986,10,6,1
HH_17987,6,7,1
HH_17988,15,4,1
HH_17989,16,3,1
HH_17990,10,7,0
HH_17991,13,1,2
HH_17992,10,7,1
HH_17993,5,9,1
HH_17994,15,1,1
HH_17995,12,7,1
HH_17996,20,7,0
HH_17997,10,9,1
HH_17998,11,3,2
HH_17999,10,4,0
HH_18000,9,2,2
HH_18001,15,7,1
HH_18002,14,7,1
HH_18003,11,4,0
HH_18004,13,10,0
HH_18005,12,3,0
HH_18006,16,2,0
HH_18007,16,5,2
HH_18008,23,5,2
HH_18009,11,7,0
HH_18010,10,5,1
HH_18011,12,8,1
HH_18012,8,1,2
HH_18013,9,3,0
HH_18014,16,4,1
HH_18015,15,5,1
HH_18016,4,5,1
HH_18017,11,5,3
HH_18018,8,4,1
HH_18019,13,3,0
HH_18020,11,6,0
HH_18021,15,2,0
HH_18022,5,8,0
HH_18023,15,4,1
HH_18024,13,4,0
HH_18025,11,9,3
HH_18026,7,9,0
HH_18027,13,6,0
HH_18028,10,8,1
HH_18029,10,2,2
HH_18030,12,4,0
HH_18031,13,10,1
HH_18032,16,4,0
HH_18033,10,4,1
HH_18034,21,4,1
HH_18035,11,5,1
HH_18036,18,10,1
HH_18037,11,5,1
HH_18038,16,2,1
HH_18039,8,4,2
HH_18040,10,4,0
HH_18041,7,1,1
HH_18042,10,7,1
HH_18043,7,5,3
HH_18044,17,5,1
HH_18045,11,7,1
HH_18046,10,4,2
HH_18047,12,6,0
HH_18048,13,3,3
HH_18049,9,4,1
HH_18050,15,4,2
HH_18051,10,2,2
HH_18052,13,3,0
HH_18053,17,5,1
HH_18054,9,6,2
HH_18055,8,3,0
HH_18056,11,3,2
HH_18057,13,6,0
HH_18058,18,3,1
HH_18059,13,4,2
HH_18060,7,7,0
HH_18061,16,1,1
HH_18062,16,9,0
HH_18063,13,8,2
HH_18064,9,4,1
HH_18065,9,8,0
HH_18066,7,7,3
HH_18067,8,4,3
HH_18068,10,8,0
HH_18069,14,9,0
HH_18070,15,6,1
HH_18071,9,4,2
HH_18072,12,3,1
HH_18073,9,5,0
HH_18074,14,8,0
HH_18075,17,4,0
HH_18076,5,6,3
HH_18077,12,6,0
HH_18078,14,10,1
HH_18079,12,8,1
HH_18080,9,3,1
HH_18081,13,8,0
HH_18082,14,4,1
HH_18083,14,1,1
HH_18084,10,4,0
HH_18085,5,6,0
HH_18086,18,3,1
HH_18087,13,5,1
HH_18088,12,3,0
HH_18089,14,3,2
HH_18090,12,5,0
HH_18091,14,4,3
HH_18092,17,7,2
HH_18093,20,7,0
HH_18094,8,2,0
HH_18095,10,7,1
HH_18096,16,7,2
HH_18097,11,5,2
HH_18098,11,5,1
HH_18099,16,4,1
HH_18100,19,8,0
HH_18101,8,7,1
HH_18102,13,2,6
HH_18103,13,4,2
HH_18104,18,7,0
HH_18105,9,5,1
HH_18106,10,7,0
HH_18107,15,3,2
HH_18108,10,1,1
HH_18109,8,2,1
HH_18110,20,8,2
HH_18111,5,7,1
HH_18112,11,2,0
HH_18113,9,4,1
HH_18114,12,1,1
HH_18115,15,8,0
HH_18116,17,7,0
HH_18117,10,4,2
HH_18118,13,11,0
HH_18119,9,6,1
HH_18120,10,3,1
HH_18121,9,4,2
HH_18122,15,2,0
HH_18123,20,6,2
HH_18124,12,1,1
HH_18125,4,4,3
HH_18126,10,6,2
HH_18127,9,2,0
HH_18128,13,4,1
HH_18129,23,3,0
HH_18130,16,7,0
HH_18131,15,4,0
HH_18132,11,7,1
HH_18133,7,8,0
HH_18134,16,8,1
HH_18135,15,6,0
HH_18136,11,8,0
HH_18137,16,5,1
HH_18138,9,4,1
HH_18139,13,5,0
HH_18140,13,3,1
HH_18141,7,8,0
HH_18142,12,5,2
HH_18143,12,6,2
HH_18144,10,5,1
HH_18145,14,3,1
HH_18146,13,3,1
HH_18147,12,9,1
HH_18148,13,2,0
HH_18149,17,8,0
HH_18150,10,4,3
HH_18151,7,2,1
HH_18152,16,4,1
HH_18153,8,5,0
HH_18154,4,4,0
HH_18155,14,3,0
HH_18156,11,4,0
HH_18157,4,7,0
HH_18158,8,6,0
HH_18159,11,3,1
HH_18160,12,7,2
HH_18161,10,6,0
HH_18162,7,6,1
HH_18163,13,9,0
HH_18164,10,3,1
HH_18165,9,3,0
HH_18166,11,3,0
HH_18167,14,5,2
HH_18168,12,6,0
HH_18169,11,6,2
HH_18170,14,2,1
HH_18171,9,8,3
HH_18172,14,5,0
HH_18173,16,3,2
HH_18174,8,9,2
HH_18175,12,4,0
HH_18176,5,4,1
HH_18177,12,4,0
HH_18178,9,7,0
HH_18179,13,6,1
HH_18180,11,5,1
HH_18181,17,4,3
HH_18182,12,4,0
HH_18183,11,4,1
HH_18184,8,5,0
HH_18185,12,2,2
HH_18186,13,6,3
HH_18187,12,8,0
HH_18188,14,5,0
HH_18189,8,4,1
HH_18190,12,1,0
HH_18191,11,6,1
HH_18192,15,2,0
HH_18193,12,10,1
HH_18194,15,7,1
HH_18195,7,9,2
HH_18196,13,5,1
HH_18197,14,3,0
HH_18198,9,4,1
HH_18199,8,6,1
HH_18200,14,5,2
HH_18201,10,6,0
HH_18202,16,8,1
HH_18203,19,5,2
HH_18204,11,5,1
HH_18205,6,4,1
HH_18206,11,5,1
HH_18207,11,7,1
HH_18208,14,2,0
HH_18209,24,9,0
HH_18210,9,2,0
HH_18211,13,7,0
HH_18212,7,7,1
HH_18213,8,7,0
HH_18214,13,5,0
HH_18215,18,1,0
HH_18216,16,2,3
HH_18217,12,3,1
HH_18218,9,5,0
HH_18219,13,8,0
HH_18220,13,4,1
HH_18221,5,7,0
HH_18222,16,10,2
HH_18223,8,5,0
HH_18224,11,5,0
HH_18225,9,6,0
HH_18226,10,6,0
HH_18227,12,2,3
HH_18228,8,5,1
HH_18229,13,5,2
HH_18230,12,3,2
HH_18231,16,4,3
HH_18232,13,1,1
HH_18233,9,5,0
HH_18234,7,9,2
HH_18235,5,1,1
HH_18236,17,2,1
HH_18237,8,1,1
HH_18238,16,8,1
HH_18239,13,3,2
HH_18240,11,6,1
HH_18241,7,5,1
HH_18242,14,7,4
HH_18243,16,6,1
HH_18244,13,6,0
HH_18245,12,4,1
HH_18246,14,8,1
HH_18247,7,0,0
HH_18248,16,5,0
HH_18249,11,6,2
HH_18250,14,6,2
HH_18251,12,1,0
HH_18252,10,5,1
HH_18253,14,6,0
HH_18254,14,7,1
HH_18255,9,7,1
HH_18256,11,5,2
HH_18257,7,5,0
HH_18258,9,4,0
HH_18259,13,6,1
HH_18260,9,6,1
HH_18261,15,6,3
HH_18262,13,4,4
HH_18263,11,8,2
HH_18264,20,5,1
HH_18265,14,4,0
HH_18266,17,6,2
HH_18267,11,4,1
HH_18268,14,7,5
HH_18269,6,8,0
HH_18270,12,7,0
HH_18271,7,5,1
HH_18272,12,5,1
HH_18273,12,6,1
HH_18274,12,3,0
HH_18275,8,5,1
HH_18276,11,1,1
HH_18277,13,4,1
HH_18278,10,4,1
HH_18279,15,4,0
HH_18280,8,8,1
HH_18281,13,8,1
HH_18282,12,6,0
HH_18283,11,7,0
HH_18284,19,4,2
HH_18285,12,9,2
HH_18286,11,3,3
HH_18287,9,6,0
HH_18288,15,7,0
HH_18289,11,4,3
HH_18290,16,2,0
HH_18291,15,7,0
HH_18292,7,2,0
HH_18293,13,3,1
HH_18294,7,2,0
HH_18295,12,5,1
HH_18296,12,3,0
HH_18297,20,6,1
HH_18298,13,7,2
HH_18299,11,7,1
HH_18300,8,6,1
HH_18301,12,5,2
HH_18302,14,1,0
HH_18303,15,2,1
HH_18304,13,4,1
HH_18305,7,2,1
HH_18306,13,7,2
HH_18307,10,3,1
HH_18308,10,6,5
HH_18309,14,5,3
HH_18310,17,6,0
HH_18311,16,6,1
HH_18312,13,5,1
HH_18313,17,2,0
HH_18314,21,4,0
HH_18315,11,10,0
HH_18316,11,3,1
HH_18317,14,4,1
HH_18318,16,5,1
HH_18319,10,5,0
HH_18320,11,7,2
HH_18321,10,2,1
HH_18322,15,6,0
HH_18323,17,3,0
HH_18324,11,3,1
HH_18325,6,9,2
HH_18326,16,5,1
HH_18327,6,9,1
HH_18328,8,2,2
HH_18329,12,0,0
HH_18330,11,6,0
HH_18331,8,2,0
HH_18332,14,9,1
HH_18333,24,5,1
HH_18334,6,7,0
HH_18335,12,6,2
HH_18336,11,8,1
HH_18337,17,5,2
HH_18338,19,4,2
HH_18339,22,7,2
HH_18340,5,5,0
HH_18341,13,3,1
HH_18342,13,4,0
HH_18343,10,7,0
HH_18344,12,8,1
HH_18345,12,3,1
HH_18346,22,7,1
HH_18347,8,3,0
HH_18348,18,2,1
HH_18349,18,4,1
HH_18350,8,5,1
HH_18351,9,3,1
HH_18352,11,7,0
HH_18353,10,6,0
HH_18354,12,3,0
HH_18355,11,0,0
HH_18356,16,5,2
HH_18357,7,3,0
HH_18358,14,8,0
HH_18359,12,4,1
HH_18360,13,2,0
HH_18361,14,3,0
HH_18362,15,7,3
HH_18363,21,5,1
HH_18364,13,5,1
HH_18365,10,4,0
HH_18366,11,5,0
HH_18367,8,4,0
HH_18368,17,7,4
HH_18369,12,5,2
HH_18370,12,5,0
HH_18371,9,4,1
HH_18372,7,10,1
HH_18373,13,3,1
HH_18374,9,4,0
HH_18375,14,3,1
HH_18376,16,3,2
HH_18377,14,8,2
HH_18378,9,4,1
HH_18379,16,5,2
HH_18380,8,6,1
HH_18381,10,5,1
HH_18382,13,6,0
HH_18383,10,4,0
HH_18384,7,4,0
HH_18385,14,2,0
HH_18386,12,3,0
HH_18387,2,4,0
HH_18388,12,3,2
HH_18389,16,3,4
HH_18390,18,5,1
HH_18391,13,4,1
HH_18392,15,7,1
HH_18393,7,7,1
HH_18394,12,8,1
HH_18395,7,5,2
HH_18396,16,4,0
HH_18397,7,6,0
HH_18398,9,8,4
HH_18399,8,6,1
HH_18400,20,5,2
HH_18401,12,5,2
HH_18402,14,3,1
HH_18403,13,3,0
HH_18404,9,5,1
HH_18405,13,6,1
HH_18406,8,3,1
HH_18407,8,5,1
HH_18408,11,5,2
HH_18409,15,1,3
HH_18410,14,8,2
HH_18411,12,7,1
HH_18412,13,6,0
HH_18413,11,4,0
HH_18414,10,1,0
HH_18415,12,3,2
HH_18416,10,9,1
HH_18417,5,6,1
HH_18418,10,7,1
HH_18419,10,2,1
HH_18420,12,4,1
HH_18421,15,8,0
HH_18422,10,2,3
HH_18423,9,6,3
HH_18424,10,3,1
HH_18425,17,6,1
HH_18426,14,8,1
HH_18427,8,5,0
HH_18428,12,7,1
HH_18429,14,6,0
HH_18430,10,4,0
HH_18431,12,2,2
HH_18432,9,7,2
HH_18433,10,3,1
HH_18434,8,5,1
HH_18435,12,3,1
HH_18436,12,7,0
HH_18437,11,5,0
HH_18438,12,5,4
HH_18439,13,4,1
HH_18440,16,8,2
HH_18441,8,2,0
HH_18442,10,6,3
HH_18443,14,4,0
HH_18444,16,9,0
HH_18445,10,4,2
HH_18446,17,6,1
HH_18447,11,8,1
HH_18448,15,8,0
HH_18449,11,4,0
HH_18450,16,2,1
HH_18451,16,9,2
HH_18452,13,5,0
HH_18453,11,5,0
HH_18454,8,5,0
HH_18455,16,9,3
HH_18456,11,3,1
HH_18457,10,6,0
HH_18458,12,4,1
HH_18459,11,5,0
HH_18460,14,9,1
HH_18461,5,4,2
HH_18462,16,4,0
HH_18463,10,3,1
HH_18464,10,7,1
HH_18465,10,3,2
HH_18466,10,6,1
HH_18467,6,2,0
HH_18468,11,4,1
HH_18469,12,10,0
HH_18470,11,2,2
HH_18471,13,3,0
HH_18472,10,4,0
HH_18473,22,9,1
HH_18474,8,6,0
HH_18475,18,7,4
HH_18476,13,3,1
HH_18477,6,6,0
HH_18478,13,8,1
HH_18479,10,4,2
HH_18480,15,8,1
HH_18481,14,5,1
HH_18482,9,7,1
HH_18483,12,5,1
HH_18484,8,11,1
HH_18485,14,4,3
HH_18486,13,7,1
HH_18487,9,6,0
HH_18488,17,9,0
HH_18489,11,4,1
HH_18490,13,5,2
HH_18491,7,10,1
HH_18492,18,7,1
HH_18493,18,2,2
HH_18494,15,5,1
HH_18495,10,8,1
HH_18496,14,4,2
HH_18497,12,14,1
HH_18498,10,3,3
HH_18499,11,2,1
HH_18500,11,6,0
HH_18501,15,10,2
HH_18502,10,7,2
HH_18503,13,1,1
HH_18504,11,3,0
HH_18505,12,3,3
HH_18506,14,3,1
HH_18507,15,4,2
HH_18508,10,4,1
HH_18509,10,2,0
HH_18510,9,5,3
HH_18511,12,10,0
HH_18512,11,6,1
HH_18513,13,4,0
HH_18514,9,5,1
HH_18515,12,1,2
HH_18516,15,6,2
HH_18517,12,4,1
HH_18518,12,4,1
HH_18519,12,3,0
HH_18520,13,6,1
HH_18521,22,6,2
HH_18522,9,4,1
HH_18523,11,4,1
HH_18524,4,9,1
HH_18525,10,3,0
HH_18526,7,3,1
HH_18527,14,4,2
HH_18528,8,3,0
HH_18529,13,3,0
HH_18530,12,9,1
HH_18531,7,3,1
HH_18532,17,3,2
HH_18533,14,3,1
HH_18534,8,10,2
HH_18535,14,3,1
HH_18536,10,6,1
HH_18537,15,3,0
HH_18538,8,6,2
HH_18539,12,5,2
HH_18540,9,7,0
HH_18541,15,2,2
HH_18542,10,8,1
HH_18543,15,4,2
HH_18544,8,6,0
HH_18545,12,5,1
HH_18546,7,1,3
HH_18547,11,3,2
HH_18548,19,7,2
HH_18549,11,4,0
HH_18550,14,4,0
HH_18551,16,1,1
HH_18552,11,2,2
HH_18553,6,3,2
HH_18554,9,5,1
HH_18555,7,3,1
HH_18556,14,6,1
HH_18557,22,7,2
HH_18558,16,5,0
HH_18559,9,6,0
HH_18560,7,6,1
HH_18561,14,4,2
HH_18562,13,3,1
HH_18563,9,7,2
HH_18564,13,4,0
HH_18565,13,3,0
HH_18566,13,5,1
HH_18567,17,6,0
HH_18568,18,3,2
HH_18569,12,6,0
HH_18570,10,6,1
HH_18571,16,3,0
HH_18572,12,6,2
HH_18573,14,4,0
HH_18574,9,4,1
HH_18575,3,6,2
HH_18576,14,9,1
HH_18577,7,2,1
HH_18578,8,4,0
HH_18579,21,10,0
HH_18580,10,8,2
HH_18581,12,8,1
HH_18582,14,5,4
HH_18583,10,4,0
HH_18584,10,7,1
HH_18585,16,4,2
HH_18586,13,3,1
HH_18587,19,1,2
HH_18588,14,8,0
HH_18589,10,4,1
HH_18590,12,2,1
HH_18591,10,1,1
HH_18592,14,3,0
HH_18593,7,0,2
HH_18594,9,8,2
HH_18595,11,2,0
HH_18596,14,4,1
HH_18597,19,9,2
HH_18598,19,4,1
HH_18599,11,4,0
HH_18600,15,6,2
HH_18601,13,3,0
HH_18602,14,6,1
HH_18603,6,7,1
HH_18604,11,6,0
HH_18605,15,4,2
HH_18606,23,6,0
HH_18607,15,4,1
HH_18608,11,5,2
HH_18609,14,2,2
HH_18610,15,3,2
HH_18611,15,4,0
HH_18612,11,5,0
HH_18613,15,3,1
HH_18614,16,5,0
HH_18615,12,4,1
HH_18616,11,5,3
HH_18617,15,8,1
HH_18618,19,5,2
HH_18619,13,6,2
HH_18620,13,5,0
HH_18621,12,2,2
HH_18622,10,0,1
HH_18623,13,7,0
HH_18624,17,2,0
HH_18625,10,9,2
HH_18626,9,4,1
HH_18627,7,4,0
HH_18628,11,7,0
HH_18629,16,8,1
HH_18630,15,3,0
HH_18631,17,6,1
HH_18632,12,1,0
HH_18633,11,5,1
HH_18634,11,3,3
HH_18635,14,5,0
HH_18636,16,10,0
HH_18637,14,3,0
HH_18638,11,6,1
HH_18639,11,3,2
HH_18640,9,5,0
HH_18641,16,7,0
HH_18642,9,11,2
HH_18643,10,3,1
HH_18644,17,4,1
HH_18645,16,6,1
HH_18646,14,7,2
HH_18647,9,7,1
HH_18648,9,2,1
HH_18649,12,6,1
HH_18650,8,3,3
HH_18651,13,7,0
HH_18652,9,9,2
HH_18653,12,7,0
HH_18654,16,2,2
HH_18655,11,7,3
HH_18656,14,8,1
HH_18657,12,6,0
HH_18658,17,3,0
HH_18659,12,7,0
HH_18660,14,5,1
HH_18661,14,2,1
HH_18662,12,5,0
HH_18663,17,3,2
HH_18664,10,10,2
HH_18665,12,5,1
HH_18666,17,3,1
HH_18667,11,9,0
HH_18668,14,8,1
HH_18669,7,3,3
HH_18670,14,2,1
HH_18671,14,3,0
HH_18672,8,8,1
HH_18673,9,7,2
HH_18674,9,6,0
HH_18675,11,7,1
HH_18676,10,3,3
HH_18677,14,3,1
HH_18678,12,4,0
HH_18679,8,6,1
HH_18680,13,4,2
HH_18681,11,7,0
HH_18682,18,4,1
HH_18683,11,4,0
HH_18684,7,7,1
HH_18685,20,3,0
HH_18686,11,5,0
HH_18687,9,9,1
HH_18688,22,6,1
HH_18689,19,2,0
HH_18690,9,5,0
HH_18691,22,3,2
HH_18692,12,4,0
HH_18693,18,2,0
HH_18694,3,5,1
HH_18695,21,5,1
HH_18696,15,3,0
HH_18697,11,5,0
HH_18698,15,6,2
HH_18699,11,4,0
HH_18700,9,8,1
HH_18701,7,7,0
HH_18702,15,3,1
HH_18703,11,2,0
HH_18704,12,9,5
HH_18705,9,4,0
HH_18706,10,5,1
HH_18707,17,7,1
HH_18708,17,3,0
HH_18709,11,3,1
HH_18710,9,2,1
HH_18711,10,5,1
HH_18712,12,7,1
HH_18713,12,4,1
HH_18714,9,6,0
HH_18715,10,3,0
HH_18716,15,8,2
HH_18717,17,8,0
HH_18718,15,4,2
HH_18719,11,5,1
HH_18720,6,5,3
HH_18721,18,7,2
HH_18722,15,2,1
HH_18723,15,3,2
HH_18724,7,10,4
HH_18725,12,6,1
HH_18726,12,5,2
HH_18727,13,4,2
HH_18728,11,3,0
HH_18729,8,3,1
HH_18730,18,0,1
HH_18731,11,5,0
HH_18732,6,4,2
HH_18733,8,12,2
HH_18734,8,8,1
HH_18735,18,4,0
HH_18736,12,2,1
HH_18737,5,4,0
HH_18738,11,4,1
HH_18739,11,7,0
HH_18740,17,9,0
HH_18741,8,2,2
HH_18742,13,3,1
HH_18743,5,9,2
HH_18744,14,3,0
HH_18745,18,6,1
HH_18746,12,5,2
HH_18747,13,4,0
HH_18748,9,6,0
HH_18749,13,6,1
HH_18750,12,4,1
HH_18751,14,7,0
HH_18752,16,7,0
HH_18753,5,5,0
HH_18754,17,5,0
HH_18755,7,2,0
HH_18756,14,6,2
HH_18757,17,5,1
HH_18758,17,2,0
HH_18759,15,7,1
HH_18760,8,3,4
HH_18761,11,6,2
HH_18762,11,3,0
HH_18763,9,2,2
HH_18764,13,3,0
HH_18765,11,8,2
HH_18766,7,7,2
HH_18767,15,5,3
HH_18768,9,4,2
HH_18769,11,5,1
HH_18770,7,3,1
HH_18771,14,7,1
HH_18772,16,6,2
HH_18773,10,8,0
HH_18774,9,3,1
HH_18775,12,6,1
HH_18776,11,4,0
HH_18777,8,2,0
HH_18778,6,6,1
HH_18779,9,7,1
HH_18780,18,9,3
HH_18781,17,7,0
HH_18782,11,5,1
HH_18783,14,2,2
HH_18784,15,7,0
HH_18785,10,7,0
HH_18786,6,1,1
HH_18787,10,3,3
HH_18788,14,3,3
HH_18789,10,1,2
HH_18790,14,2,0
HH_18791,9,3,0
HH_18792,8,6,0
HH_18793,12,7,1
HH_18794,10,2,1
HH_18795,19,5,0
HH_18796,17,3,2
HH_18797,8,4,0
HH_18798,12,8,1
HH_18799,16,11,0
HH_18800,13,6,0
HH_18801,9,3,1
HH_18802,9,7,1
HH_18803,10,7,1
HH_18804,12,6,4
HH_18805,13,6,1
HH_18806,14,5,1
HH_18807,18,5,2
HH_18808,18,2,3
HH_18809,16,4,0
HH_18810,18,7,1
HH_18811,9,6,2
HH_18812,13,8,0
HH_18813,13,5,1
HH_18814,13,6,3
HH_18815,9,5,1
HH_18816,17,7,3
HH_18817,9,5,0
HH_18818,13,5,1
HH_18819,5,6,2
HH_18820,14,7,0
HH_18821,7,7,0
HH_18822,12,4,1
HH_18823,12,11,0
HH_18824,15,1,1
HH_18825,10,4,1
HH_18826,11,11,1
HH_18827,11,1,0
HH_18828,15,4,1
HH_18829,21,6,2
HH_18830,7,5,0
HH_18831,16,6,1
HH_18832,13,6,1
HH_18833,13,2,0
HH_18834,17,4,1
HH_18835,12,7,2
HH_18836,10,4,1
HH_18837,11,3,0
HH_18838,11,2,0
HH_18839,15,4,0
HH_18840,6,3,0
HH_18841,6,6,0
HH_18842,13,5,1
HH_18843,13,4,0
HH_18844,11,2,2
HH_18845,10,3,0
HH_18846,8,9,1
HH_18847,8,5,2
HH_18848,11,3,1
HH_18849,10,4,1
HH_18850,12,3,0
HH_18851,11,7,0
HH_18852,12,3,1
HH_18853,8,10,1
HH_18854,16,4,1
HH_18855,17,5,1
HH_18856,16,2,0
HH_18857,14,5,0
HH_18858,6,8,0
HH_18859,13,4,2
HH_18860,17,5,1
HH_18861,9,4,0
HH_18862,20,3,2
HH_18863,12,2,3
HH_18864,11,6,2
HH_18865,6,4,0
HH_18866,14,1,2
HH_18867,12,2,0
HH_18868,10,4,0
HH_18869,16,6,2
HH_18870,13,5,2
HH_18871,11,3,1
HH_18872,7,1,0
HH_18873,6,5,0
HH_18874,15,8,1
HH_18875,9,4,0
HH_18876,14,5,0
HH_18877,9,4,2
HH_18878,8,2,1
HH_18879,9,6,2
HH_18880,12,4,2
HH_18881,12,7,0
HH_18882,13,8,3
HH_18883,18,7,3
HH_18884,12,4,2
HH_18885,12,6,5
HH_18886,16,6,1
HH_18887,15,1,1
HH_18888,8,7,0
HH_18889,15,7,0
HH_18890,9,8,1
HH_18891,11,5,1
HH_18892,6,0,2
HH_18893,10,6,3
HH_18894,14,8,2
HH_18895,15,3,1
HH_18896,12,4,2
HH_18897,10,7,1
HH_18898,12,7,2
HH_18899,9,4,0
HH_18900,18,7,2
HH_18901,10,3,0
HH_18902,10,6,0
HH_18903,12,4,0
HH_18904,15,3,1
HH_18905,13,5,1
HH_18906,7,3,0
HH_18907,15,3,0
HH_18908,9,0,1
HH_18909,5,6,3
HH_18910,11,1,2
HH_18911,15,6,0
HH_18912,15,8,0
HH_18913,12,3,2
HH_18914,8,15,0
HH_18915,14,3,2
HH_18916,10,5,1
HH_18917,9,3,0
HH_18918,17,6,1
HH_18919,15,8,0
HH_18920,9,7,4
HH_18921,10,7,1
HH_18922,14,6,0
HH_18923,13,5,1
HH_18924,9,3,0
HH_18925,9,3,0
HH_18926,9,8,3
HH_18927,11,6,0
HH_18928,10,6,0
HH_18929,14,5,0
HH_18930,6,6,1
HH_18931,11,3,1
HH_18932,9,6,2
HH_18933,12,4,1
HH_18934,12,6,1
HH_18935,6,7,0
HH_18936,9,6,0
HH_18937,13,5,0
HH_18938,23,5,2
HH_18939,15,7,0
HH_18940,11,4,0
HH_18941,11,3,3
HH_18942,21,4,0
HH_18943,11,4,2
HH_18944,15,6,0
HH_18945,10,4,1
HH_18946,12,5,1
HH_18947,15,5,2
HH_18948,10,0,1
HH_18949,8,8,1
HH_18950,12,6,0
HH_18951,16,6,1
HH_18952,7,3,0
HH_18953,14,8,2
HH_18954,10,7,0
HH_18955,17,5,1
HH_18956,11,1,0
HH_18957,12,7,0
HH_18958,9,5,0
HH_18959,11,4,3
HH_18960,16,3,1
HH_18961,17,4,0
HH_18962,10,5,0
HH_18963,11,10,0
HH_18964,7,4,0
HH_18965,2,6,0
HH_18966,15,6,1
HH_18967,13,4,0
HH_18968,10,4,0
HH_18969,14,4,0
HH_18970,15,2,2
HH_18971,15,2,0
HH_18972,13,4,4
HH_18973,13,4,0
HH_18974,8,4,1
HH_18975,16,4,2
HH_18976,7,3,2
HH_18977,11,10,3
HH_18978,15,10,1
HH_18979,15,3,0
HH_18980,6,8,2
HH_18981,6,4,1
HH_18982,13,4,0
HH_18983,12,2,0
HH_18984,12,4,1
HH_18985,12,5,1
HH_18986,10,8,1
HH_18987,10,4,2
HH_18988,14,6,1
HH_18989,10,4,0
HH_18990,12,4,0
HH_18991,15,6,0
HH_18992,12,6,1
HH_18993,12,4,1
HH_18994,12,7,2
HH_18995,17,6,3
HH_18996,18,1,0
HH_18997,7,3,1
HH_18998,8,3,3
HH_18999,9,5,0
HH_19000,14,8,0
HH_19001,15,4,2
HH_19002,12,7,1
HH_19003,12,4,2
HH_19004,12,8,0
HH_19005,12,8,0
HH_19006,13,3,1
HH_19007,17,5,2
HH_19008,15,3,0
HH_19009,13,6,1
HH_19010,13,1,0
HH_19011,12,6,2
HH_19012,15,7,0
HH_19013,12,4,2
HH_19014,14,1,0
HH_19015,11,5,1
HH_19016,11,4,2
HH_19017,13,5,0
HH_19018,7,7,1
HH_19019,16,2,1
HH_19020,13,5,0
HH_19021,9,4,0
HH_19022,15,4,2
HH_19023,13,3,2
HH_19024,12,4,0
HH_19025,16,4,1
HH_19026,18,3,2
HH_19027,11,10,1
HH_19028,17,7,2
HH_19029,14,5,4
HH_19030,9,5,0
HH_19031,15,5,2
HH_19032,13,5,0
HH_19033,13,3,0
HH_19034,7,6,1
HH_19035,6,2,3
HH_19036,15,7,2
HH_19037,11,7,0
HH_19038,13,6,1
HH_19039,18,5,1
HH_19040,9,5,1
HH_19041,14,7,0
HH_19042,9,4,0
HH_19043,19,7,2
HH_19044,12,7,0
HH_19045,13,2,1
HH_19046,11,7,0
HH_19047,13,1,3
HH_19048,7,5,1
HH_19049,20,6,1
HH_19050,9,9,5
HH_19051,10,4,0
HH_19052,6,8,0
HH_19053,6,5,1
HH_19054,14,4,0
HH_19055,14,2,1
HH_19056,12,4,1
HH_19057,16,9,2
HH_19058,12,5,1
HH_19059,24,4,0
HH_19060,16,2,1
HH_19061,16,5,2
HH_19062,11,8,0
HH_19063,11,3,2
HH_19064,9,7,2
HH_19065,12,2,0
HH_19066,15,3,2
HH_19067,10,5,3
HH_19068,15,7,4
HH_19069,11,6,0
HH_19070,14,5,3
HH_19071,7,6,4
HH_19072,16,9,1
HH_19073,16,4,2
HH_19074,8,2,2
HH_19075,10,10,1
HH_19076,17,3,2
HH_19077,15,6,1
HH_19078,9,7,0
HH_19079,9,4,1
HH_19080,7,2,2
HH_19081,8,4,2
HH_19082,16,5,2
HH_19083,9,5,0
HH_19084,16,4,1
HH_19085,16,3,1
HH_19086,10,8,1
HH_19087,17,5,0
HH_19088,12,3,0
HH_19089,13,6,1
HH_19090,11,4,0
HH_19091,15,4,0
HH_19092,14,3,2
HH_19093,14,5,3
HH_19094,13,1,0
HH_19095,8,3,0
HH_19096,11,5,0
HH_19097,19,5,1
HH_19098,13,5,1
HH_19099,11,6,0
HH_19100,15,2,0
HH_19101,11,3,2
HH_19102,14,9,0
HH_19103,7,4,0
HH_19104,13,3,1
HH_19105,10,6,1
HH_19106,10,2,0
HH_19107,14,5,0
HH_19108,16,5,1
HH_19109,11,0,0
HH_19110,10,6,0
HH_19111,13,3,0
HH_19112,12,3,1
HH_19113,17,5,0
HH_19114,13,4,0
HH_19115,14,5,1
HH_19116,11,5,0
HH_19117,14,3,1
HH_19118,20,2,2
HH_19119,14,4,1
HH_19120,15,4,0
HH_19121,11,4,1
HH_19122,11,7,0
HH_19123,11,1,0
HH_19124,11,8,2
HH_19125,12,5,3
HH_19126,12,3,0
HH_19127,12,4,2
HH_19128,15,4,0
HH_19129,11,6,1
HH_19130,11,1,1
HH_19131,15,5,0
HH_19132,19,8,0
HH_19133,17,2,2
HH_19134,17,5,0
HH_19135,10,7,2
HH_19136,5,5,2
HH_19137,19,10,0
HH_19138,17,7,2
HH_19139,15,1,0
HH_19140,6,9,2
HH_19141,12,4,2
HH_19142,14,5,0
HH_19143,14,11,1
HH_19144,14,1,0
HH_19145,11,5,3
HH_19146,12,4,2
HH_19147,13,3,2
HH_19148,9,4,0
HH_19149,16,5,1
HH_19150,11,7,2
HH_19151,10,6,3
HH_19152,14,7,0
HH_19153,15,3,0
HH_19154,10,5,0
HH_19155,11,6,2
HH_19156,12,7,2
HH_19157,9,5,0
HH_19158,6,5,1
HH_19159,9,4,0
HH_19160,11,5,1
HH_19161,11,3,0
HH_19162,12,4,3
HH_19163,11,7,0
HH_19164,9,4,2
HH_19165,6,8,3
HH_19166,14,4,0
HH_19167,10,3,1
HH_19168,6,4,1
HH_19169,10,4,0
HH_19170,9,6,0
HH_19171,14,3,1
HH_19172,8,5,1
HH_19173,17,4,0
HH_19174,14,9,3
HH_19175,13,4,0
HH_19176,7,3,2
HH_19177,13,4,1
HH_19178,13,1,2
HH_19179,13,4,0
HH_19180,11,6,3
HH_19181,17,2,2
HH_19182,13,3,2
HH_19183,4,3,1
HH_19184,12,9,0
HH_19185,19,4,1
HH_19186,10,6,0
HH_19187,11,11,0
HH_19188,12,5,0
HH_19189,22,6,1
HH_19190,14,3,1
HH_19191,8,7,1
HH_19192,11,7,0
HH_19193,16,6,1
HH_19194,12,4,0
HH_19195,17,2,1
HH_19196,13,5,3
HH_19197,7,7,0
HH_19198,14,6,1
HH_19199,12,5,2
HH_19200,13,9,0
HH_19201,10,7,0
HH_19202,16,3,0
HH_19203,17,3,1
HH_19204,11,6,1
HH_19205,7,5,0
HH_19206,14,6,0
HH_19207,9,5,1
HH_19208,21,3,0
HH_19209,10,5,3
HH_19210,12,6,1
HH_19211,15,8,3
HH_19212,15,4,0
HH_19213,8,3,0
HH_19214,10,2,0
HH_19215,11,2,1
HH_19216,12,5,0
HH_19217,13,0,0
HH_19218,12,3,1
HH_19219,11,7,2
HH_19220,10,11,1
HH_19221,11,4,0
HH_19222,19,3,0
HH_19223,12,2,0
HH_19224,11,3,1
HH_19225,11,1,1
HH_19226,12,6,3
HH_19227,20,9,3
HH_19228,13,3,1
HH_19229,9,3,2
HH_19230,11,7,0
HH_19231,17,3,1
HH_19232,21,4,3
HH_19233,5,1,1
HH_19234,13,6,0
HH_19235,13,6,1
HH_19236,12,7,3
HH_19237,15,3,3
HH_19238,14,4,1
HH_19239,10,7,2
HH_19240,14,3,1
HH_19241,12,4,1
HH_19242,10,3,1
HH_19243,17,3,1
HH_19244,12,4,0
HH_19245,8,5,1
HH_19246,7,12,2
HH_19247,13,7,1
HH_19248,18,8,1
HH_19249,11,9,2
HH_19250,8,5,2
HH_19251,13,1,0
HH_19252,11,7,1
HH_19253,14,6,1
HH_19254,18,2,0
HH_19255,7,7,1
HH_19256,8,9,2
HH_19257,8,7,2
HH_19258,10,4,0
HH_19259,6,5,0
HH_19260,19,6,0
HH_19261,15,5,0
HH_19262,10,3,0
HH_19263,9,8,0
HH_19264,10,4,0
HH_19265,9,6,0
HH_19266,10,6,0
HH_19267,11,4,1
HH_19268,14,6,0
HH_19269,9,4,2
HH_19270,14,7,0
HH_19271,13,9,0
HH_19272,7,3,1
HH_19273,13,2,2
HH_19274,5,6,0
HH_19275,9,3,2
HH_19276,16,5,0
HH_19277,14,5,1
HH_19278,8,5,1
HH_19279,15,7,2
HH_19280,10,3,1
HH_19281,13,2,0
HH_19282,17,8,1
HH_19283,7,3,0
HH_19284,13,5,0
HH_19285,18,3,0
HH_19286,12,5,1
HH_19287,12,5,1
HH_19288,15,8,0
HH_19289,16,3,2
HH_19290,10,2,2
HH_19291,11,5,3
HH_19292,13,4,1
HH_19293,15,5,1
HH_19294,10,6,0
HH_19295,10,6,0
HH_19296,17,7,1
HH_19297,13,5,4
HH_19298,10,6,0
HH_19299,11,2,0
HH_19300,10,4,1
HH_19301,10,7,2
HH_19302,17,4,3
HH_19303,14,6,1
HH_19304,7,5,2
HH_19305,11,7,2
HH_19306,17,7,2
HH_19307,15,7,1
HH_19308,11,6,0
HH_19309,12,3,2
HH_19310,13,6,1
HH_19311,10,2,1
HH_19312,17,3,0
HH_19313,18,4,0
HH_19314,9,6,0
HH_19315,6,5,1
HH_19316,8,2,0
HH_19317,13,6,0
HH_19318,15,5,2
HH_19319,17,3,0
HH_19320,15,5,1
HH_19321,12,2,0
HH_19322,16,8,1
HH_19323,13,4,0
HH_19324,12,7,1
HH_19325,13,6,2
HH_19326,15,8,0
HH_19327,17,7,0
HH_19328,9,9,3
HH_19329,8,4,0
HH_19330,15,7,0
HH_19331,17,4,2
HH_19332,15,5,1
HH_19333,10,11,1
HH_19334,12,7,0
HH_19335,10,5,1
HH_19336,14,4,2
HH_19337,14,4,0
HH_19338,17,3,0
HH_19339,15,5,0
HH_19340,10,0,2
HH_19341,9,4,1
HH_19342,13,3,3
HH_19343,10,6,1
HH_19344,18,6,0
HH_19345,9,3,0
HH_19346,11,4,0
HH_19347,6,4,1
HH_19348,13,3,1
HH_19349,8,5,0
HH_19350,16,4,1
HH_19351,14,4,1
HH_19352,7,6,1
HH_19353,15,6,1
HH_19354,11,4,2
HH_19355,8,6,1
HH_19356,15,5,1
HH_19357,11,5,2
HH_19358,13,4,1
HH_19359,17,6,0
HH_19360,12,5,2
HH_19361,10,3,1
HH_19362,10,2,1
HH_19363,15,3,1
HH_19364,16,8,1
HH_19365,8,5,0
HH_19366,15,1,1
HH_19367,11,5,0
HH_19368,14,7,1
HH_19369,12,4,0
HH_19370,8,9,1
HH_19371,10,4,1
HH_19372,12,6,2
HH_19373,7,6,2
HH_19374,14,5,0
HH_19375,12,5,1
HH_19376,19,8,1
HH_19377,6,4,1
HH_19378,13,5,0
HH_19379,12,7,0
HH_19380,19,2,0
HH_19381,8,7,2
HH_19382,18,7,0
HH_19383,15,6,0
HH_19384,10,8,1
HH_19385,18,1,2
HH_19386,7,4,0
HH_19387,14,5,2
HH_19388,13,1,0
HH_19389,15,2,1
HH_19390,11,9,0
HH_19391,14,5,1
HH_19392,9,2,0
HH_19393,13,7,0
HH_19394,11,3,1
HH_19395,9,10,0
HH_19396,19,5,0
HH_19397,12,7,1
HH_19398,11,3,0
HH_19399,12,9,0
HH_19400,9,5,0
HH_19401,17,0,1
HH_19402,14,6,0
HH_19403,14,6,0
HH_19404,13,4,1
HH_19405,12,6,2
HH_19406,10,6,1
HH_19407,15,6,1
HH_19408,10,3,2
HH_19409,10,7,1
HH_19410,14,3,2
HH_19411,12,4,1
HH_19412,11,3,1
HH_19413,24,5,1
HH_19414,19,5,1
HH_19415,15,3,2
HH_19416,6,4,0
HH_19417,19,4,0
HH_19418,12,6,2
HH_19419,14,4,0
HH_19420,14,6,1
HH_19421,13,4,2
HH_19422,9,5,1
HH_19423,11,4,1
HH_19424,5,4,1
HH_19425,11,4,2
HH_19426,13,6,0
HH_19427,11,5,0
HH_19428,6,1,1
HH_19429,11,4,2
HH_19430,10,6,0
HH_19431,13,2,2
HH_19432,13,1,1
HH_19433,12,4,3
HH_19434,7,4,0
HH_19435,9,4,2
HH_19436,17,1,1
HH_19437,17,3,0
HH_19438,19,4,2
HH_19439,12,7,2
HH_19440,9,5,1
HH_19441,9,7,2
HH_19442,8,7,2
HH_19443,13,9,0
HH_19444,19,7,0
HH_19445,12,6,0
HH_19446,10,6,3
HH_19447,10,3,6
HH_19448,11,3,0
HH_19449,10,6,0
HH_19450,12,7,3
HH_19451,7,8,1
HH_19452,13,6,0
HH_19453,12,3,2
HH_19454,16,1,0
HH_19455,12,3,0
HH_19456,7,4,0
HH_19457,12,10,1
HH_19458,8,7,2
HH_19459,14,4,0
HH_19460,10,1,3
HH_19461,12,6,1
HH_19462,14,8,1
HH_19463,4,8,1
HH_19464,10,5,2
HH_19465,14,5,1
HH_19466,17,6,1
HH_19467,13,2,0
HH_19468,7,1,1
HH_19469,14,4,1
HH_19470,15,6,0
HH_19471,11,5,1
HH_19472,10,5,0
HH_19473,6,7,0
HH_19474,15,2,1
HH_19475,6,5,0
HH_19476,8,4,3
HH_19477,16,5,0
HH_19478,10,1,3
HH_19479,13,2,1
HH_19480,11,2,0
HH_19481,11,8,1
HH_19482,18,7,0
HH_19483,13,6,1
HH_19484,8,4,0
HH_19485,8,4,1
HH_19486,14,2,0
HH_19487,12,6,1
HH_19488,8,5,1
HH_19489,14,5,1
HH_19490,9,5,0
HH_19491,18,5,3
HH_19492,19,6,0
HH_19493,17,3,2
HH_19494,15,4,1
HH_19495,18,6,1
HH_19496,17,3,2
HH_19497,16,5,0
HH_19498,10,7,2
HH_19499,17,5,1
HH_19500,13,4,2
HH_19501,13,6,1
HH_19502,11,1,1
HH_19503,13,7,2
HH_19504,7,8,0
HH_19505,8,6,0
HH_19506,15,3,3
HH_19507,13,3,0
HH_19508,8,6,2
HH_19509,10,3,1
HH_19510,8,4,1
HH_19511,13,6,3
HH_19512,9,3,0
HH_19513,9,5,0
HH_19514,15,5,1
HH_19515,12,6,1
HH_19516,6,6,1
HH_19517,15,6,2
HH_19518,9,5,1
HH_19519,16,3,2
HH_19520,14,1,0
HH_19521,8,7,1
HH_19522,4,4,1
HH_19523,15,7,0
HH_19524,11,4,0
HH_19525,6,10,0
HH_19526,13,6,2
HH_19527,20,6,0
HH_19528,18,2,0
HH_19529,12,4,1
HH_19530,21,7,1
HH_19531,8,7,1
HH_19532,18,5,1
HH_19533,12,5,2
HH_19534,12,12,0
HH_19535,9,6,1
HH_19536,10,6,0
HH_19537,12,5,1
HH_19538,10,2,1
HH_19539,9,5,3
HH_19540,11,4,0
HH_19541,11,4,1
HH_19542,11,7,1
HH_19543,10,3,2
HH_19544,9,3,0
HH_19545,14,3,0
HH_19546,18,4,4
HH_19547,12,2,0
HH_19548,10,10,2
HH_19549,7,1,1
HH_19550,10,7,1
HH_19551,12,3,2
HH_19552,8,3,1
HH_19553,8,6,1
HH_19554,11,3,0
HH_19555,9,3,0
HH_19556,14,4,1
HH_19557,12,5,2
HH_19558,13,7,0
HH_19559,15,8,4
HH_19560,18,6,1
HH_19561,12,4,0
HH_19562,16,3,1
HH_19563,11,8,1
HH_19564,10,6,0
HH_19565,14,3,0
HH_19566,16,7,2
HH_19567,10,3,0
HH_19568,8,4,2
HH_19569,13,5,1
HH_19570,10,2,2
HH_19571,12,2,1
HH_19572,12,2,1
HH_19573,7,5,0
HH_19574,17,3,1
HH_19575,12,6,0
HH_19576,15,6,0
HH_19577,12,8,1
HH_19578,16,6,0
HH_19579,6,6,1
HH_19580,14,3,0
HH_19581,13,3,0
HH_19582,14,5,0
HH_19583,7,3,2
HH_19584,11,7,0
HH_19585,12,5,0
HH_19586,12,5,0
HH_19587,10,4,1
HH_19588,14,5,0
HH_19589,10,4,0
HH_19590,13,6,3
HH_19591,11,7,0
HH_19592,13,7,2
HH_19593,7,7,4
HH_19594,13,2,0
HH_19595,19,4,0
HH_19596,8,7,1
HH_19597,10,3,1
HH_19598,17,4,1
HH_19599,12,5,0
HH_19600,10,4,1
HH_19601,8,3,0
HH_19602,15,4,0
HH_19603,9,7,1
HH_19604,11,5,3
HH_19605,9,2,0
HH_19606,15,4,1
HH_19607,5,2,0
HH_19608,9,3,0
HH_19609,19,7,0
HH_19610,15,3,0
HH_19611,7,7,1
HH_19612,13,2,1
HH_19613,11,5,1
HH_19614,11,7,2
HH_19615,7,8,0
HH_19616,9,2,2
HH_19617,10,7,1
HH_19618,11,6,1
HH_19619,11,4,2
HH_19620,12,6,0
HH_19621,18,6,4
HH_19622,10,2,1
HH_19623,21,4,1
HH_19624,16,4,3
HH_19625,12,5,0
HH_19626,12,9,1
HH_19627,20,1,0
HH_19628,19,6,1
HH_19629,9,5,2
HH_19630,12,6,2
HH_19631,14,5,3
HH_19632,12,7,0
HH_19633,19,8,1
HH_19634,10,5,2
HH_19635,14,5,3
HH_19636,13,7,2
HH_19637,13,7,0
HH_19638,10,4,2
HH_19639,14,7,1
HH_19640,9,2,0
HH_19641,11,3,3
HH_19642,14,7,0
HH_19643,8,4,1
HH_19644,16,4,0
HH_19645,17,4,0
HH_19646,18,4,1
HH_19647,9,7,1
HH_19648,13,1,0
HH_19649,14,8,3
HH_19650,15,4,3
HH_19651,20,3,2
HH_19652,12,7,3
HH_19653,18,5,2
HH_19654,9,5,1
HH_19655,6,1,0
HH_19656,20,3,2
HH_19657,10,5,0
HH_19658,10,7,3
HH_19659,10,4,0
HH_19660,23,7,1
HH_19661,15,5,0
HH_19662,12,4,0
HH_19663,12,11,0
HH_19664,11,7,1
HH_19665,13,11,1
HH_19666,9,1,2
HH_19667,13,6,1
HH_19668,12,11,1
HH_19669,10,3,2
HH_19670,10,2,0
HH_19671,7,2,1
HH_19672,11,5,2
HH_19673,5,3,1
HH_19674,13,9,0
HH_19675,14,8,2
HH_19676,12,5,1
HH_19677,8,7,0
HH_19678,11,8,2
HH_19679,9,7,2
HH_19680,14,5,2
HH_19681,7,5,0
HH_19682,17,4,1
HH_19683,6,7,2
HH_19684,7,0,1
HH_19685,9,2,0
HH_19686,15,4,1
HH_19687,23,7,0
HH_19688,15,7,1
HH_19689,11,3,1
HH_19690,14,3,0
HH_19691,14,3,0
HH_19692,10,3,0
HH_19693,10,1,1
HH_19694,13,10,1
HH_19695,13,7,0
HH_19696,12,6,0
HH_19697,12,6,0
HH_19698,8,6,0
HH_19699,18,3,1
HH_19700,19,4,2
HH_19701,14,5,1
HH_19702,11,8,1
HH_19703,9,5,2
HH_19704,11,6,0
HH_19705,15,2,2
HH_19706,14,3,0
HH_19707,17,5,3
HH_19708,15,7,1
HH_19709,17,7,0
HH_19710,18,1,1
HH_19711,10,6,1
HH_19712,13,4,0
HH_19713,12,5,1
HH_19714,14,4,0
HH_19715,8,2,2
HH_19716,15,7,2
HH_19717,12,8,2
HH_19718,9,9,1
HH_19719,8,10,2
HH_19720,12,11,1
HH_19721,10,3,0
HH_19722,10,2,1
HH_19723,16,6,1
HH_19724,12,3,2
HH_19725,15,7,2
HH_19726,16,3,0
HH_19727,10,5,0
HH_19728,10,7,2
HH_19729,7,7,3
HH_19730,9,4,0
HH_19731,16,4,0
HH_19732,11,9,1
HH_19733,18,6,1
HH_19734,11,6,1
HH_19735,13,13,2
HH_19736,5,6,1
HH_19737,11,3,4
HH_19738,8,3,0
HH_19739,11,3,0
HH_19740,11,5,0
HH_19741,9,3,2
HH_19742,21,4,3
HH_19743,7,8,0
HH_19744,10,10,0
HH_19745,18,5,1
HH_19746,11,5,0
HH_19747,15,9,0
HH_19748,9,3,0
HH_19749,6,3,3
HH_19750,10,6,0
HH_19751,15,5,1
HH_19752,15,5,0
HH_19753,7,6,0
HH_19754,9,9,0
HH_19755,11,3,3
HH_19756,10,3,1
HH_19757,15,4,0
HH_19758,10,11,0
HH_19759,9,8,0
HH_19760,16,3,0
HH_19761,10,3,2
HH_19762,9,8,3
HH_19763,10,6,0
HH_19764,8,8,2
HH_19765,12,4,0
HH_19766,8,5,0
HH_19767,14,2,1
HH_19768,12,8,0
HH_19769,15,7,1
HH_19770,8,8,3
HH_19771,14,4,0
HH_19772,14,8,0
HH_19773,13,6,2
HH_19774,10,8,0
HH_19775,11,7,0
HH_19776,10,2,5
HH_19777,7,6,1
HH_19778,9,8,0
HH_19779,10,6,2
HH_19780,12,7,0
HH_19781,6,4,1
HH_19782,13,8,1
HH_19783,12,9,0
HH_19784,8,4,0
HH_19785,10,7,0
HH_19786,16,5,0
HH_19787,9,6,1
HH_19788,12,7,1
HH_19789,16,5,4
HH_19790,10,7,1
HH_19791,15,4,0
HH_19792,9,8,0
HH_19793,11,5,1
HH_19794,9,4,0
HH_19795,15,5,0
HH_19796,10,0,0
HH_19797,11,2,2
HH_19798,17,2,3
HH_19799,13,3,0
HH_19800,9,2,1
HH_19801,12,4,2
HH_19802,11,6,2
HH_19803,11,4,1
HH_19804,9,8,0
HH_19805,10,5,0
HH_19806,7,5,0
HH_19807,9,5,3
HH_19808,9,5,0
HH_19809,12,2,1
HH_19810,15,5,1
HH_19811,16,2,2
HH_19812,12,3,0
HH_19813,10,8,1
HH_19814,7,6,0
HH_19815,10,5,0
HH_19816,8,7,2
HH_19817,7,7,0
HH_19818,17,1,0
HH_19819,12,10,1
HH_19820,14,5,0
HH_19821,7,6,3
HH_19822,15,5,0
HH_19823,16,7,1
HH_19824,13,6,0
HH_19825,10,6,0
HH_19826,10,4,1
HH_19827,18,4,2
HH_19828,13,8,1
HH_19829,11,11,0
HH_19830,11,3,1
HH_19831,17,3,0
HH_19832,9,4,0
HH_19833,12,10,0
HH_19834,15,6,1
HH_19835,7,4,1
HH_19836,13,5,1
HH_19837,8,5,0
HH_19838,16,10,2
HH_19839,13,4,0
HH_19840,11,4,3
HH_19841,15,6,0
HH_19842,12,5,0
HH_19843,12,6,1
HH_19844,18,4,0
HH_19845,13,3,2
HH_19846,14,8,1
HH_19847,11,3,2
HH_19848,12,4,0
HH_19849,12,6,2
HH_19850,7,5,0
HH_19851,10,3,3
HH_19852,10,6,3
HH_19853,11,2,3
HH_19854,14,8,0
HH_19855,11,2,1
HH_19856,11,3,1
HH_19857,13,7,0
HH_19858,6,4,1
HH_19859,16,5,2
HH_19860,14,1,1
HH_19861,7,8,1
HH_19862,14,7,1
HH_19863,8,3,0
HH_19864,11,3,4
HH_19865,21,7,1
HH_19866,18,3,3
HH_19867,17,6,0
HH_19868,19,8,2
HH_19869,6,7,1
HH_19870,14,6,0
HH_19871,17,3,0
HH_19872,14,3,2
HH_19873,7,4,2
HH_19874,14,4,1
HH_19875,13,5,1
HH_19876,13,8,1
HH_19877,14,5,1
HH_19878,13,7,0
HH_19879,14,4,1
HH_19880,12,6,0
HH_19881,12,8,1
HH_19882,9,6,3
HH_19883,21,5,0
HH_19884,16,8,0
HH_19885,10,5,2
HH_19886,10,5,3
HH_19887,9,2,1
HH_19888,11,6,1
HH_19889,14,2,2
HH_19890,14,6,0
HH_19891,14,5,2
HH_19892,15,4,1
HH_19893,20,4,2
HH_19894,7,3,2
HH_19895,11,6,1
HH_19896,10,5,0
HH_19897,17,7,0
HH_19898,7,4,0
HH_19899,12,4,2
HH_19900,8,7,0
HH_19901,15,8,0
HH_19902,10,5,0
HH_19903,5,3,2
HH_19904,13,5,1
HH_19905,22,3,1
HH_19906,13,5,1
HH_19907,9,3,0
HH_19908,13,6,4
HH_19909,9,4,1
HH_19910,10,12,0
HH_19911,5,6,1
HH_19912,8,4,1
HH_19913,12,5,0
HH_19914,7,5,0
HH_19915,15,5,2
HH_19916,6,3,0
HH_19917,11,8,3
HH_19918,13,4,1
HH_19919,12,6,1
HH_19920,7,3,3
HH_19921,13,2,0
HH_19922,12,4,0
HH_19923,9,5,2
HH_19924,11,8,0
HH_19925,15,3,0
HH_19926,13,3,0
HH_19927,10,5,0
HH_19928,12,5,1
HH_19929,13,5,1
HH_19930,10,4,1
HH_19931,8,6,1
HH_19932,11,3,3
HH_19933,17,5,3
HH_19934,13,6,1
HH_19935,9,6,1
HH_19936,11,7,1
HH_19937,10,4,1
HH_19938,12,6,0
HH_19939,16,2,3
HH_19940,14,3,1
HH_19941,11,1,1
HH_19942,10,5,1
HH_19943,18,5,1
HH_19944,13,8,1
HH_19945,7,7,0
HH_19946,15,5,0
HH_19947,5,6,1
HH_19948,18,5,1
HH_19949,11,6,4
HH_19950,13,8,2
HH_19951,13,3,0
HH_19952,12,3,0
HH_19953,12,7,1
HH_19954,11,5,0
HH_19955,7,3,0
HH_19956,8,8,0
HH_19957,8,5,7
HH_19958,7,7,0
HH_19959,12,6,0
HH_19960,15,7,4
HH_19961,7,9,2
HH_19962,11,5,1
HH_19963,8,4,1
HH_19964,13,2,3
HH_19965,19,7,1
HH_19966,14,6,0
HH_19967,13,7,0
HH_19968,15,8,1
HH_19969,14,4,3
HH_19970,14,5,0
HH_19971,12,4,1
HH_19972,16,1,1
HH_19973,7,6,0
HH_19974,13,4,2
HH_19975,16,2,2
HH_19976,12,3,1
HH_19977,14,5,0
HH_19978,9,6,1
HH_19979,12,6,0
HH_19980,13,4,0
HH_19981,13,4,0
HH_19982,13,5,1
HH_19983,16,4,1
HH_19984,8,2,0
HH_19985,6,4,3
HH_19986,15,4,3
HH_19987,10,5,0
HH_19988,11,5,2
HH_19989,10,0,0
HH_19990,23,6,2
HH_19991,8,4,1
HH_19992,7,6,0
HH_19993,15,2,0
HH_19994,14,6,0
HH_19995,13,6,0
HH_19996,7,3,2
HH_19997,13,4,0
HH_19998,12,8,2
HH_19999,19,5,2
HH_20000,10,8,0
HH_20001,12,5,1
HH_20002,12,10,1
HH_20003,13,2,2
HH_20004,11,10,0
HH_20005,12,7,1
HH_20006,18,3,0
HH_20007,9,6,1
HH_20008,14,5,2
HH_20009,11,5,2
HH_20010,15,8,1
HH_20011,15,8,1
HH_20012,12,4,1
HH_20013,16,2,0
HH_20014,10,8,1
HH_20015,16,6,2
HH_20016,13,10,0
HH_20017,8,7,1
HH_20018,11,4,1
HH_20019,10,5,1
HH_20020,13,4,2
HH_20021,14,5,1
HH_20022,9,2,1
HH_20023,14,4,1
HH_20024,13,4,0
HH_20025,12,7,2
HH_20026,11,5,1
HH_20027,10,4,1
HH_20028,6,5,0
HH_20029,8,5,2
HH_20030,16,7,1
HH_20031,15,5,0
HH_20032,16,2,2
HH_20033,9,10,0
HH_20034,9,5,0
HH_20035,13,4,3
HH_20036,11,5,0
HH_20037,16,6,2
HH_20038,7,6,2
HH_20039,12,4,1
HH_20040,14,5,3
HH_20041,12,5,0
HH_20042,7,5,1
HH_20043,11,2,1
HH_20044,14,6,0
HH_20045,17,7,0
HH_20046,9,6,1
HH_20047,13,4,1
HH_20048,11,2,2
HH_20049,13,10,0
HH_20050,16,11,0
HH_20051,16,10,1
HH_20052,10,4,1
HH_20053,11,6,0
HH_20054,6,6,0
HH_20055,9,4,1
HH_20056,12,5,1
HH_20057,11,7,3
HH_20058,10,5,1
HH_20059,9,4,1
HH_20060,9,6,1
HH_20061,12,6,2
HH_20062,9,4,1
HH_20063,13,4,1
HH_20064,9,5,0
HH_20065,15,6,1
HH_20066,19,5,0
HH_20067,10,1,2
HH_20068,12,4,1
HH_20069,7,5,0
HH_20070,11,8,3
HH_20071,8,4,1
HH_20072,10,4,0
HH_20073,12,5,0
HH_20074,18,11,1
HH_20075,11,4,0
HH_20076,10,4,2
HH_20077,11,5,0
HH_20078,15,4,2
HH_20079,8,4,1
HH_20080,13,3,0
HH_20081,17,5,2
HH_20082,14,3,2
HH_20083,12,7,1
HH_20084,10,7,2
HH_20085,12,5,2
HH_20086,16,7,2
HH_20087,7,8,0
HH_20088,16,8,1
HH_20089,19,2,0
HH_20090,9,7,0
HH_20091,17,5,0
HH_20092,15,5,0
HH_20093,11,8,0
HH_20094,12,1,1
HH_20095,15,4,0
HH_20096,6,5,1
HH_20097,10,3,0
HH_20098,18,5,0
HH_20099,11,6,3
HH_20100,16,7,0
HH_20101,4,5,2
HH_20102,16,4,1
HH_20103,9,4,0
HH_20104,18,4,1
HH_20105,6,6,2
HH_20106,10,6,2
HH_20107,9,6,1
HH_20108,13,4,0
HH_20109,7,4,1
HH_20110,12,4,3
HH_20111,12,6,1
HH_20112,10,6,1
HH_20113,11,3,1
HH_20114,9,6,1
HH_20115,12,5,0
HH_20116,12,4,2
HH_20117,10,7,2
HH_20118,13,4,0
HH_20119,18,7,0
HH_20120,12,7,1
HH_20121,11,8,1
HH_20122,12,4,0
HH_20123,8,5,0
HH_20124,9,4,2
HH_20125,7,4,2
HH_20126,11,8,1
HH_20127,10,9,3
HH_20128,15,6,3
HH_20129,13,4,2
HH_20130,11,7,2
HH_20131,13,3,1
HH_20132,19,2,1
HH_20133,14,4,1
HH_20134,7,1,0
HH_20135,11,5,0
HH_20136,7,4,1
HH_20137,9,0,1
HH_20138,13,3,1
HH_20139,14,4,2
HH_20140,11,4,2
HH_20141,7,4,1
HH_20142,8,3,1
HH_20143,7,6,0
HH_20144,15,4,0
HH_20145,8,9,2
HH_20146,10,2,4
HH_20147,11,3,0
HH_20148,15,6,0
HH_20149,10,5,0
HH_20150,6,4,1
HH_20151,10,2,0
HH_20152,14,1,0
HH_20153,11,5,1
HH_20154,9,4,1
HH_20155,13,4,0
HH_20156,10,4,4
HH_20157,10,7,2
HH_20158,14,3,1
HH_20159,16,5,1
HH_20160,9,2,3
HH_20161,15,10,1
HH_20162,17,3,2
HH_20163,7,2,2
HH_20164,9,6,1
HH_20165,12,7,2
HH_20166,16,7,2
HH_20167,16,4,2
HH_20168,8,5,1
HH_20169,9,5,3
HH_20170,10,2,3
HH_20171,12,4,1
HH_20172,16,6,1
HH_20173,12,4,1
HH_20174,11,3,0
HH_20175,16,3,1
HH_20176,15,5,3
HH_20177,15,7,2
HH_20178,15,4,1
HH_20179,9,3,1
HH_20180,16,4,0
HH_20181,7,7,2
HH_20182,7,2,0
HH_20183,18,3,0
HH_20184,14,8,4
HH_20185,12,2,1
HH_20186,8,2,1
HH_20187,12,8,1
HH_20188,10,5,1
HH_20189,13,7,1
HH_20190,12,4,0
HH_20191,6,5,0
HH_20192,22,2,2
HH_20193,14,1,1
HH_20194,10,5,1
HH_20195,10,6,0
HH_20196,12,3,0
HH_20197,20,7,1
HH_20198,12,2,0
HH_20199,20,6,4
HH_20200,16,1,1
HH_20201,20,2,1
HH_20202,15,5,0
HH_20203,11,6,5
HH_20204,12,10,1
HH_20205,11,2,2
HH_20206,12,3,1
HH_20207,8,3,2
HH_20208,10,6,1
HH_20209,11,5,3
HH_20210,15,7,0
HH_20211,12,2,1
HH_20212,10,5,0
HH_20213,11,4,0
HH_20214,17,3,1
HH_20215,11,5,1
HH_20216,15,8,1
HH_20217,9,7,1
HH_20218,20,3,2
HH_20219,6,4,2
HH_20220,14,6,1
HH_20221,21,7,1
HH_20222,13,5,0
HH_20223,9,4,1
HH_20224,11,6,0
HH_20225,10,2,0
HH_20226,8,3,2
HH_20227,13,3,2
HH_20228,14,9,1
HH_20229,11,6,0
HH_20230,11,3,1
HH_20231,10,3,1
HH_20232,16,9,0
HH_20233,11,3,1
HH_20234,7,3,1
HH_20235,11,4,1
HH_20236,5,3,1
HH_20237,11,6,0
HH_20238,10,4,0
HH_20239,13,5,2
HH_20240,8,8,0
HH_20241,9,7,2
HH_20242,16,6,1
HH_20243,12,5,0
HH_20244,7,6,0
HH_20245,10,3,2
HH_20246,6,3,1
HH_20247,7,4,1
HH_20248,8,2,1
HH_20249,8,3,0
HH_20250,14,7,4
HH_20251,9,8,0
HH_20252,18,6,2
HH_20253,12,5,0
HH_20254,16,3,1
HH_20255,7,6,1
HH_20256,11,3,3
HH_20257,9,3,0
HH_20258,12,6,1
HH_20259,17,5,1
HH_20260,18,9,1
HH_20261,13,3,0
HH_20262,18,6,3
HH_20263,15,6,1
HH_20264,13,4,1
HH_20265,10,4,1
HH_20266,13,3,0
HH_20267,8,4,1
HH_20268,10,5,0
HH_20269,8,6,2
HH_20270,12,6,1
HH_20271,16,8,0
HH_20272,18,3,1
HH_20273,8,7,1
HH_20274,12,5,1
HH_20275,17,6,1
HH_20276,18,3,1
HH_20277,8,5,3
HH_20278,13,4,1
HH_20279,5,6,1
HH_20280,16,2,0
HH_20281,9,6,0
HH_20282,11,7,1
HH_20283,12,9,0
HH_20284,18,3,2
HH_20285,10,5,0
HH_20286,10,5,2
HH_20287,16,6,0
HH_20288,14,7,1
HH_20289,23,5,2
HH_20290,12,9,0
HH_20291,11,1,0
HH_20292,17,7,0
HH_20293,10,6,0
HH_20294,8,6,1
HH_20295,11,7,1
HH_20296,20,6,0
HH_20297,17,5,2
HH_20298,12,3,3
HH_20299,7,10,1
HH_20300,11,5,0
HH_20301,15,3,2
HH_20302,11,2,0
HH_20303,15,4,4
HH_20304,16,6,2
HH_20305,11,2,0
HH_20306,22,6,0
HH_20307,8,6,0
HH_20308,14,4,0
HH_20309,8,6,1
HH_20310,21,5,0
HH_20311,14,6,2
HH_20312,15,8,1
HH_20313,14,5,0
HH_20314,15,4,1
HH_20315,13,1,0
HH_20316,10,5,2
HH_20317,7,7,1
HH_20318,7,6,0
HH_20319,10,5,0
HH_20320,16,3,1
HH_20321,12,6,1
HH_20322,8,5,1
HH_20323,11,4,0
HH_20324,7,7,0
HH_20325,12,5,0
HH_20326,15,4,2
HH_20327,14,4,0
HH_20328,15,8,1
HH_20329,14,5,0
HH_20330,19,6,0
HH_20331,13,6,1
HH_20332,17,2,1
HH_20333,10,0,0
HH_20334,16,4,0
HH_20335,8,7,1
HH_20336,14,4,0
HH_20337,16,5,2
HH_20338,6,6,1
HH_20339,16,5,3
HH_20340,16,7,0
HH_20341,14,5,1
HH_20342,21,3,0
HH_20343,15,5,2
HH_20344,19,10,1
HH_20345,8,8,0
HH_20346,11,6,1
HH_20347,13,4,1
HH_20348,7,6,0
HH_20349,13,5,2
HH_20350,19,2,0
HH_20351,15,9,0
HH_20352,12,5,2
HH_20353,8,7,2
HH_20354,8,9,0
HH_20355,19,9,0
HH_20356,7,4,1
HH_20357,11,7,0
HH_20358,14,7,3
HH_20359,12,6,0
HH_20360,11,2,4
HH_20361,16,2,0
HH_20362,5,6,2
HH_20363,18,5,0
HH_20364,18,4,1
HH_20365,13,8,1
HH_20366,5,1,2
HH_20367,14,6,0
HH_20368,15,3,0
HH_20369,22,4,1
HH_20370,11,3,0
HH_20371,14,9,2
HH_20372,12,5,1
HH_20373,8,5,1
HH_20374,14,6,1
HH_20375,11,1,1
HH_20376,4,2,0
HH_20377,9,3,2
HH_20378,12,5,1
HH_20379,15,2,0
HH_20380,17,5,2
HH_20381,18,6,1
HH_20382,14,5,0
HH_20383,9,5,0
HH_20384,11,7,0
HH_20385,12,3,2
HH_20386,6,3,1
HH_20387,10,8,1
HH_20388,10,5,0
HH_20389,13,0,3
HH_20390,14,6,0
HH_20391,8,7,2
HH_20392,10,4,3
HH_20393,12,3,1
HH_20394,19,2,1
HH_20395,12,3,4
HH_20396,14,5,0
HH_20397,14,7,0
HH_20398,13,7,2
HH_20399,17,2,1
HH_20400,6,5,1
HH_20401,11,3,2
HH_20402,10,5,2
HH_20403,4,6,1
HH_20404,9,8,4
HH_20405,12,11,0
HH_20406,12,4,2
HH_20407,15,5,2
HH_20408,15,1,0
HH_20409,12,3,2
HH_20410,14,6,0
HH_20411,8,3,0
HH_20412,13,4,1
HH_20413,15,5,3
HH_20414,10,5,3
HH_20415,15,7,0
HH_20416,15,4,3
HH_20417,15,3,1
HH_20418,12,4,0
HH_20419,11,4,0
HH_20420,12,1,1
HH_20421,8,4,1
HH_20422,13,3,1
HH_20423,14,4,1
HH_20424,14,7,2
HH_20425,14,3,0
HH_20426,15,4,0
HH_20427,8,7,3
HH_20428,18,5,0
HH_20429,8,4,0
HH_20430,7,10,1
HH_20431,6,5,0
HH_20432,14,10,0
HH_20433,13,4,1
HH_20434,10,5,1
HH_20435,14,5,2
HH_20436,8,2,2
HH_20437,6,6,0
HH_20438,6,4,1
HH_20439,12,5,2
HH_20440,12,1,0
HH_20441,11,7,0
HH_20442,5,10,1
HH_20443,13,10,2
HH_20444,8,3,0
HH_20445,17,9,2
HH_20446,7,5,2
HH_20447,14,6,1
HH_20448,9,7,3
HH_20449,6,7,1
HH_20450,11,5,2
HH_20451,14,7,0
HH_20452,15,4,3
HH_20453,16,3,1
HH_20454,15,5,2
HH_20455,12,8,0
HH_20456,16,10,0
HH_20457,18,9,0
HH_20458,9,5,3
HH_20459,10,9,1
HH_20460,21,4,2
HH_20461,18,2,2
HH_20462,11,4,3
HH_20463,7,5,1
HH_20464,14,4,1
HH_20465,14,6,0
HH_20466,11,5,0
HH_20467,14,3,1
HH_20468,9,5,0
HH_20469,5,5,0
HH_20470,9,5,3
HH_20471,7,4,0
HH_20472,12,9,0
HH_20473,8,5,2
HH_20474,8,2,0
HH_20475,16,3,1
HH_20476,14,4,0
HH_20477,13,4,0
HH_20478,17,3,0
HH_20479,18,6,0
HH_20480,9,7,1
HH_20481,14,9,3
HH_20482,14,2,0
HH_20483,11,3,0
HH_20484,9,7,3
HH_20485,13,7,2
HH_20486,11,5,2
HH_20487,17,6,0
HH_20488,8,3,2
HH_20489,15,6,4
HH_20490,12,10,0
HH_20491,15,2,2
HH_20492,12,1,1
HH_20493,13,6,2
HH_20494,14,8,2
HH_20495,12,3,0
HH_20496,10,3,0
HH_20497,13,1,3
HH_20498,15,3,0
HH_20499,17,4,0
HH_20500,6,4,0
HH_20501,9,6,0
HH_20502,11,6,2
HH_20503,18,8,2
HH_20504,13,8,1
HH_20505,12,4,0
HH_20506,10,6,2
HH_20507,8,7,2
HH_20508,8,2,0
HH_20509,18,5,0
HH_20510,10,4,1
HH_20511,13,3,1
HH_20512,16,7,0
HH_20513,15,2,0
HH_20514,21,9,0
HH_20515,12,2,0
HH_20516,12,9,1
HH_20517,12,5,0
HH_20518,15,4,0
HH_20519,4,4,3
HH_20520,16,7,2
HH_20521,15,5,2
HH_20522,18,4,2
HH_20523,9,3,0
HH_20524,12,4,0
HH_20525,16,6,4
HH_20526,10,3,0
HH_20527,15,2,0
HH_20528,15,6,2
HH_20529,9,7,0
HH_20530,17,6,0
HH_20531,9,4,0
HH_20532,14,6,1
HH_20533,13,3,4
HH_20534,13,5,1
HH_20535,10,5,0
HH_20536,13,5,2
HH_20537,7,8,2
HH_20538,6,3,0
HH_20539,8,9,1
HH_20540,13,6,0
HH_20541,16,3,1
HH_20542,12,7,1
HH_20543,13,5,3
HH_20544,16,4,1
HH_20545,11,4,0
HH_20546,13,3,0
HH_20547,11,2,0
HH_20548,11,5,0
HH_20549,7,4,1
HH_20550,12,3,0
HH_20551,7,6,1
HH_20552,14,5,0
HH_20553,7,3,0
HH_20554,20,2,1
HH_20555,13,2,1
HH_20556,18,10,1
HH_20557,9,3,2
HH_20558,3,7,1
HH_20559,10,4,0
HH_20560,16,6,0
HH_20561,13,3,3
HH_20562,8,3,1
HH_20563,13,4,2
HH_20564,13,5,2
HH_20565,12,5,1
HH_20566,8,9,1
HH_20567,8,7,4
HH_20568,12,2,1
HH_20569,14,4,0
HH_20570,4,5,0
HH_20571,13,8,1
HH_20572,13,2,1
HH_20573,8,3,1
HH_20574,10,2,1
HH_20575,17,9,0
HH_20576,12,8,2
HH_20577,17,4,0
HH_20578,18,11,2
HH_20579,9,6,3
HH_20580,7,4,1
HH_20581,15,3,0
HH_20582,8,2,3
HH_20583,15,2,1
HH_20584,14,9,1
HH_20585,11,7,2
HH_20586,12,8,1
HH_20587,9,6,1
HH_20588,9,3,1
HH_20589,6,7,1
HH_20590,12,2,0
HH_20591,10,4,2
HH_20592,11,5,1
HH_20593,8,4,0
HH_20594,12,3,0
HH_20595,13,8,3
HH_20596,6,6,0
HH_20597,18,7,1
HH_20598,11,7,1
HH_20599,12,2,2
HH_20600,17,4,0
HH_20601,10,7,2
HH_20602,12,5,1
HH_20603,16,6,2
HH_20604,19,9,1
HH_20605,12,2,4
HH_20606,12,4,0
HH_20607,9,7,0
HH_20608,12,2,1
HH_20609,9,7,0
HH_20610,10,9,2
HH_20611,13,5,1
HH_20612,10,3,1
HH_20613,9,5,1
HH_20614,16,6,0
HH_20615,14,9,1
HH_20616,10,4,0
HH_20617,6,3,0
HH_20618,11,10,1
HH_20619,13,5,1
HH_20620,15,4,0
HH_20621,10,3,2
HH_20622,12,1,3
HH_20623,10,6,0
HH_20624,10,8,1
HH_20625,10,4,2
HH_20626,19,3,0
HH_20627,15,7,0
HH_20628,14,8,2
HH_20629,11,5,1
HH_20630,16,2,1
HH_20631,17,6,1
HH_20632,10,3,1
HH_20633,10,9,1
HH_20634,12,2,2
HH_20635,12,5,0
HH_20636,10,7,0
HH_20637,12,4,0
HH_20638,16,3,1
HH_20639,10,5,0
HH_20640,17,6,0
HH_20641,10,5,0
HH_20642,17,6,0
HH_20643,13,2,1
HH_20644,16,5,0
HH_20645,12,6,3
HH_20646,17,7,2
HH_20647,10,3,1
HH_20648,12,7,0
HH_20649,7,5,0
HH_20650,12,5,2
HH_20651,15,3,0
HH_20652,9,5,0
HH_20653,8,3,2
HH_20654,11,4,0
HH_20655,10,3,3
HH_20656,16,5,1
HH_20657,11,4,3
HH_20658,13,3,0
HH_20659,13,3,2
HH_20660,15,5,1
HH_20661,12,5,0
HH_20662,13,9,0
HH_20663,8,5,2
HH_20664,8,1,0
HH_20665,13,5,0
HH_20666,11,5,3
HH_20667,16,2,1
HH_20668,12,2,1
HH_20669,18,7,0
HH_20670,14,1,0
HH_20671,13,3,0
HH_20672,13,3,1
HH_20673,13,8,0
HH_20674,12,9,0
HH_20675,8,6,0
HH_20676,12,6,1
HH_20677,13,5,1
HH_20678,14,4,0
HH_20679,8,6,1
HH_20680,15,5,2
HH_20681,12,3,1
HH_20682,6,5,1
HH_20683,6,7,0
HH_20684,14,4,2
HH_20685,15,4,1
HH_20686,12,5,2
HH_20687,14,5,0
HH_20688,7,2,0
HH_20689,12,6,1
HH_20690,17,9,0
HH_20691,11,7,1
HH_20692,9,5,2
HH_20693,16,7,0
HH_20694,14,5,3
HH_20695,12,0,2
HH_20696,13,5,1
HH_20697,10,4,3
HH_20698,8,3,4
HH_20699,19,4,2
HH_20700,6,1,1
HH_20701,14,6,0
HH_20702,13,4,1
HH_20703,11,3,0
HH_20704,8,6,2
HH_20705,16,2,0
HH_20706,12,5,1
HH_20707,10,3,2
HH_20708,16,6,2
HH_20709,11,5,0
HH_20710,14,9,3
HH_20711,16,3,0
HH_20712,12,5,2
HH_20713,14,4,1
HH_20714,9,3,0
HH_20715,9,2,0
HH_20716,13,3,2
HH_20717,8,3,0
HH_20718,10,6,2
HH_20719,10,7,6
HH_20720,11,4,4
HH_20721,13,6,1
HH_20722,12,3,2
HH_20723,6,2,2
HH_20724,15,11,0
HH_20725,10,6,1
HH_20726,10,5,3
HH_20727,6,4,1
HH_20728,8,4,0
HH_20729,15,3,0
HH_20730,9,5,1
HH_20731,12,2,0
HH_20732,11,8,0
HH_20733,18,2,1
HH_20734,12,5,3
HH_20735,11,4,1
HH_20736,10,2,1
HH_20737,11,4,3
HH_20738,13,5,2
HH_20739,11,6,0
HH_20740,5,5,0
HH_20741,7,4,0
HH_20742,8,5,0
HH_20743,9,8,2
HH_20744,15,3,1
HH_20745,17,11,1
HH_20746,17,8,0
HH_20747,10,5,0
HH_20748,11,6,0
HH_20749,7,6,2
HH_20750,13,6,1
HH_20751,17,9,1
HH_20752,11,3,1
HH_20753,13,4,0
HH_20754,12,3,1
HH_20755,9,5,1
HH_20756,12,7,2
HH_20757,8,5,0
HH_20758,13,2,0
HH_20759,9,2,0
HH_20760,13,10,4
HH_20761,19,2,0
HH_20762,12,12,0
HH_20763,5,7,1
HH_20764,9,3,0
HH_20765,14,7,3
HH_20766,18,5,1
HH_20767,13,4,0
HH_20768,10,2,0
HH_20769,11,3,2
HH_20770,12,4,0
HH_20771,11,3,0
HH_20772,14,4,2
HH_20773,11,4,2
HH_20774,11,7,1
HH_20775,13,6,1
HH_20776,11,5,2
HH_20777,9,6,0
HH_20778,6,3,0
HH_20779,11,4,1
HH_20780,11,7,2
HH_20781,15,5,0
HH_20782,10,4,2
HH_20783,17,7,0
HH_20784,15,6,1
HH_20785,8,5,0
HH_20786,13,5,0
HH_20787,12,7,0
HH_20788,8,2,2
HH_20789,15,8,0
HH_20790,19,6,2
HH_20791,9,9,2
HH_20792,13,1,1
HH_20793,9,5,0
HH_20794,16,2,2
HH_20795,9,4,2
HH_20796,10,2,0
HH_20797,13,3,1
HH_20798,14,4,3
HH_20799,16,3,0
HH_20800,11,1,2
HH_20801,13,9,2
HH_20802,12,9,2
HH_20803,15,2,2
HH_20804,15,6,2
HH_20805,14,3,0
HH_20806,10,2,0
HH_20807,10,3,0
HH_20808,15,8,1
HH_20809,12,3,0
HH_20810,14,8,0
HH_20811,13,3,3
HH_20812,13,4,1
HH_20813,18,4,0
HH_20814,11,4,0
HH_20815,12,5,0
HH_20816,4,9,2
HH_20817,11,5,2
HH_20818,13,5,0
HH_20819,11,7,0
HH_20820,12,5,0
HH_20821,10,5,2
HH_20822,6,2,0
HH_20823,18,6,2
HH_20824,12,3,2
HH_20825,10,6,1
HH_20826,14,2,2
HH_20827,11,5,2
HH_20828,17,10,0
HH_20829,15,3,2
HH_20830,15,3,0
HH_20831,10,10,0
HH_20832,12,2,1
HH_20833,12,4,1
HH_20834,19,7,0
HH_20835,13,4,2
HH_20836,10,7,1
HH_20837,10,4,3
HH_20838,11,6,3
HH_20839,4,7,2
HH_20840,18,3,1
HH_20841,8,4,2
HH_20842,11,6,1
HH_20843,8,4,1
HH_20844,12,6,0
HH_20845,12,3,2
HH_20846,16,4,1
HH_20847,16,6,0
HH_20848,12,4,2
HH_20849,9,6,1
HH_20850,11,4,0
HH_20851,9,7,2
HH_20852,11,5,2
HH_20853,11,7,0
HH_20854,18,4,1
HH_20855,9,4,1
HH_20856,8,6,2
HH_20857,11,6,1
HH_20858,16,4,0
HH_20859,13,4,0
HH_20860,11,6,1
HH_20861,14,5,1
HH_20862,11,7,1
HH_20863,16,6,0
HH_20864,13,6,0
HH_20865,16,5,1
HH_20866,13,6,4
HH_20867,3,5,1
HH_20868,12,5,2
HH_20869,12,6,1
HH_20870,8,5,0
HH_20871,16,4,1
HH_20872,12,4,1
HH_20873,7,9,2
HH_20874,11,4,0
HH_20875,9,1,2
HH_20876,9,2,2
HH_20877,13,5,2
HH_20878,19,5,0
HH_20879,11,5,3
HH_20880,10,10,0
HH_20881,9,8,0
HH_20882,12,2,1
HH_20883,10,6,1
HH_20884,11,5,2
HH_20885,16,1,2
HH_20886,18,8,0
HH_20887,13,6,0
HH_20888,11,10,1
HH_20889,10,3,1
HH_20890,18,6,0
HH_20891,20,5,3
HH_20892,10,7,2
HH_20893,15,5,2
HH_20894,14,7,0
HH_20895,8,6,1
HH_20896,7,6,1
HH_20897,9,8,4
HH_20898,10,7,3
HH_20899,10,6,1
HH_20900,18,4,0
HH_20901,9,4,0
HH_20902,11,7,1
HH_20903,9,5,0
HH_20904,15,3,1
HH_20905,14,2,1
HH_20906,12,4,2
HH_20907,15,7,2
HH_20908,13,8,1
HH_20909,13,3,3
HH_20910,7,7,0
HH_20911,13,5,0
HH_20912,13,6,0
HH_20913,13,6,1
HH_20914,17,6,3
HH_20915,14,4,1
HH_20916,8,4,1
HH_20917,12,6,1
HH_20918,7,5,0
HH_20919,9,5,2
HH_20920,8,5,1
HH_20921,11,4,1
HH_20922,10,3,0
HH_20923,16,5,0
HH_20924,21,5,1
HH_20925,10,6,0
HH_20926,12,3,0
HH_20927,9,3,0
HH_20928,10,3,2
HH_20929,16,7,0
HH_20930,14,10,2
HH_20931,9,3,0
HH_20932,15,4,3
HH_20933,15,7,0
HH_20934,15,6,0
HH_20935,12,6,1
HH_20936,14,7,1
HH_20937,12,3,0
HH_20938,15,2,0
HH_20939,11,5,0
HH_20940,9,3,2
HH_20941,12,8,0
HH_20942,24,5,0
HH_20943,11,7,2
HH_20944,13,8,4
HH_20945,10,6,1
HH_20946,16,6,2
HH_20947,5,5,3
HH_20948,14,4,1
HH_20949,6,1,0
HH_20950,5,2,0
HH_20951,12,7,5
HH_20952,6,5,0
HH_20953,22,4,0
HH_20954,10,5,3
HH_20955,13,5,2
HH_20956,11,1,1
HH_20957,11,6,1
HH_20958,13,4,2
HH_20959,10,4,1
HH_20960,9,4,2
HH_20961,9,6,0
HH_20962,16,4,1
HH_20963,9,6,0
HH_20964,10,5,1
HH_20965,13,6,1
HH_20966,13,4,0
HH_20967,9,5,2
HH_20968,13,2,1
HH_20969,11,5,0
HH_20970,16,7,0
HH_20971,19,2,1
HH_20972,6,4,0
HH_20973,10,4,0
HH_20974,14,3,1
HH_20975,12,6,3
HH_20976,14,7,2
HH_20977,12,10,0
HH_20978,15,7,1
HH_20979,14,8,1
HH_20980,8,7,0
HH_20981,11,7,1
HH_20982,15,4,1
HH_20983,8,4,1
HH_20984,6,8,0
HH_20985,6,8,2
HH_20986,15,4,0
HH_20987,7,6,1
HH_20988,11,2,1
HH_20989,11,5,0
HH_20990,5,7,0
HH_20991,6,5,3
HH_20992,15,5,0
HH_20993,16,1,2
HH_20994,14,2,4
HH_20995,15,6,1
HH_20996,19,5,0
HH_20997,13,6,1
HH_20998,8,4,1
HH_20999,9,4,1
HH_21000,6,4,0
HH_21001,12,7,0
HH_21002,7,6,1
HH_21003,12,6,1
HH_21004,17,4,1
HH_21005,18,6,0
HH_21006,6,3,1
HH_21007,15,6,2
HH_21008,11,3,1
HH_21009,12,9,2
HH_21010,16,5,2
HH_21011,13,5,0
HH_21012,12,6,1
HH_21013,16,7,1
HH_21014,14,4,0
HH_21015,16,3,3
HH_21016,9,3,0
HH_21017,18,4,0
HH_21018,8,2,4
HH_21019,11,4,0
HH_21020,10,4,1
HH_21021,12,4,0
HH_21022,13,5,1
HH_21023,9,3,1
HH_21024,16,6,0
HH_21025,13,4,1
HH_21026,7,2,0
HH_21027,16,4,1
HH_21028,14,7,3
HH_21029,19,6,3
HH_21030,8,3,1
HH_21031,17,6,0
HH_21032,12,6,3
HH_21033,15,5,1
HH_21034,8,1,0
HH_21035,5,6,0
HH_21036,11,5,2
HH_21037,10,2,0
HH_21038,13,7,0
HH_21039,13,4,1
HH_21040,17,3,2
HH_21041,12,8,1
HH_21042,15,3,6
HH_21043,18,4,1
HH_21044,16,3,0
HH_21045,9,2,0
HH_21046,19,5,1
HH_21047,15,5,1
HH_21048,13,5,2
HH_21049,10,6,0
HH_21050,8,11,0
HH_21051,13,3,2
HH_21052,9,5,0
HH_21053,15,5,1
HH_21054,15,7,2
HH_21055,12,6,0
HH_21056,26,5,2
HH_21057,13,3,1
HH_21058,15,5,0
HH_21059,19,2,2
HH_21060,16,1,2
HH_21061,10,8,3
HH_21062,12,1,0
HH_21063,10,1,0
HH_21064,11,7,2
HH_21065,8,7,0
HH_21066,12,4,2
HH_21067,14,3,0
HH_21068,7,3,1
HH_21069,10,1,2
HH_21070,13,5,0
HH_21071,11,5,1
HH_21072,8,8,1
HH_21073,12,5,2
HH_21074,11,5,1
HH_21075,14,0,1
HH_21076,7,3,0
HH_21077,12,5,0
HH_21078,15,5,1
HH_21079,7,6,1
HH_21080,14,3,1
HH_21081,15,7,2
HH_21082,18,6,2
HH_21083,16,7,2
HH_21084,10,6,3
HH_21085,21,5,2
HH_21086,18,1,4
HH_21087,20,5,0
HH_21088,11,4,1
HH_21089,10,8,0
HH_21090,14,4,2
HH_21091,12,10,0
HH_21092,18,6,1
HH_21093,16,3,0
HH_21094,11,9,2
HH_21095,13,4,1
HH_21096,9,4,1
HH_21097,8,11,1
HH_21098,7,3,0
HH_21099,11,1,0
HH_21100,15,4,1
HH_21101,16,3,1
HH_21102,12,5,0
HH_21103,11,4,1
HH_21104,16,6,1
HH_21105,9,1,0
HH_21106,8,2,0
HH_21107,14,5,1
HH_21108,8,3,0
HH_21109,11,4,1
HH_21110,9,7,0
HH_21111,13,5,1
HH_21112,15,6,0
HH_21113,9,7,1
HH_21114,8,7,1
HH_21115,14,5,0
HH_21116,8,3,2
HH_21117,10,5,0
HH_21118,16,8,1
HH_21119,9,6,0
HH_21120,14,5,2
HH_21121,7,5,0
HH_21122,12,6,1
HH_21123,12,9,1
HH_21124,6,2,1
HH_21125,12,3,1
HH_21126,12,5,0
HH_21127,7,8,3
HH_21128,7,8,1
HH_21129,15,3,1
HH_21130,6,9,2
HH_21131,3,8,1
HH_21132,14,6,1
HH_21133,20,4,1
HH_21134,22,6,1
HH_21135,11,1,0
HH_21136,13,2,2
HH_21137,12,4,0
HH_21138,9,4,1
HH_21139,15,6,0
HH_21140,11,6,0
HH_21141,8,8,2
HH_21142,15,7,1
HH_21143,11,2,1
HH_21144,14,2,1
HH_21145,9,5,0
HH_21146,14,5,1
HH_21147,10,4,1
HH_21148,15,5,0
HH_21149,11,5,0
HH_21150,12,7,1
HH_21151,6,4,1
HH_21152,13,3,2
HH_21153,12,6,1
HH_21154,13,5,2
HH_21155,6,3,2
HH_21156,19,3,0
HH_21157,13,1,1
HH_21158,9,4,0
HH_21159,17,8,2
HH_21160,11,0,2
HH_21161,10,5,1
HH_21162,11,4,0
HH_21163,13,7,1
HH_21164,8,7,0
HH_21165,8,13,1
HH_21166,9,5,0
HH_21167,16,3,0
HH_21168,12,10,3
HH_21169,14,10,0
HH_21170,11,11,0
HH_21171,14,6,0
HH_21172,14,3,0
HH_21173,13,3,2
HH_21174,8,6,0
HH_21175,9,2,1
HH_21176,15,5,2
HH_21177,14,8,2
HH_21178,10,3,1
HH_21179,10,2,1
HH_21180,8,4,0
HH_21181,12,5,0
HH_21182,11,4,0
HH_21183,13,3,2
HH_21184,17,4,2
HH_21185,16,7,0
HH_21186,17,6,0
HH_21187,16,5,2
HH_21188,20,5,0
HH_21189,14,1,0
HH_21190,18,2,3
HH_21191,13,3,0
HH_21192,5,9,0
HH_21193,14,6,1
HH_21194,12,8,3
HH_21195,13,5,1
HH_21196,17,7,3
HH_21197,5,2,1
HH_21198,5,8,0
HH_21199,12,4,2
HH_21200,14,2,3
HH_21201,13,6,0
HH_21202,17,3,2
HH_21203,21,4,0
HH_21204,9,2,1
HH_21205,11,4,1
HH_21206,6,6,0
HH_21207,13,4,2
HH_21208,14,4,3
HH_21209,10,3,0
HH_21210,13,4,1
HH_21211,6,7,0
HH_21212,10,1,3
HH_21213,12,4,0
HH_21214,14,5,3
HH_21215,15,5,1
HH_21216,6,11,1
HH_21217,8,6,1
HH_21218,11,5,1
HH_21219,9,6,1
HH_21220,12,6,2
HH_21221,10,5,0
HH_21222,13,5,0
HH_21223,14,8,3
HH_21224,9,6,3
HH_21225,12,4,1
HH_21226,15,2,0
HH_21227,9,1,0
HH_21228,16,5,1
HH_21229,15,5,1
HH_21230,12,8,1
HH_21231,5,7,0
HH_21232,11,5,1
HH_21233,11,5,3
HH_21234,10,2,2
HH_21235,12,7,1
HH_21236,20,7,2
HH_21237,12,8,1
HH_21238,13,4,1
HH_21239,13,5,0
HH_21240,7,4,0
HH_21241,16,5,2
HH_21242,9,4,2
HH_21243,12,7,0
HH_21244,16,4,0
HH_21245,14,1,1
HH_21246,13,4,1
HH_21247,14,5,2
HH_21248,19,5,1
HH_21249,16,3,1
HH_21250,8,5,2
HH_21251,13,1,2
HH_21252,9,4,2
HH_21253,10,4,0
HH_21254,10,4,1
HH_21255,7,3,2
HH_21256,15,7,1
HH_21257,11,7,0
HH_21258,10,6,1
HH_21259,9,3,0
HH_21260,9,4,0
HH_21261,18,6,0
HH_21262,14,7,0
HH_21263,8,5,2
HH_21264,12,3,0
HH_21265,10,8,2
HH_21266,10,4,1
HH_21267,15,1,0
HH_21268,12,3,2
HH_21269,17,6,2
HH_21270,8,3,0
HH_21271,14,5,2
HH_21272,11,4,0
HH_21273,7,4,1
HH_21274,12,5,1
HH_21275,14,6,1
HH_21276,14,5,3
HH_21277,17,3,0
HH_21278,14,4,2
HH_21279,19,7,1
HH_21280,10,1,0
HH_21281,10,3,0
HH_21282,8,3,0
HH_21283,12,4,1
HH_21284,19,6,1
HH_21285,9,2,0
HH_21286,11,3,1
HH_21287,13,3,1
HH_21288,12,6,0
HH_21289,17,4,1
HH_21290,18,5,1
HH_21291,10,7,0
HH_21292,10,5,3
HH_21293,8,7,1
HH_21294,14,9,0
HH_21295,10,6,1
HH_21296,9,10,1
HH_21297,11,7,1
HH_21298,13,4,1
HH_21299,11,4,0
HH_21300,7,1,2
HH_21301,11,3,0
HH_21302,11,2,1
HH_21303,12,2,2
HH_21304,10,8,0
HH_21305,12,2,1
HH_21306,7,6,3
HH_21307,11,1,0
HH_21308,11,3,0
HH_21309,13,5,1
HH_21310,10,5,1
HH_21311,14,10,1
HH_21312,20,4,2
HH_21313,11,5,0
HH_21314,10,6,1
HH_21315,8,7,1
HH_21316,9,3,0
HH_21317,7,4,0
HH_21318,23,8,1
HH_21319,6,10,0
HH_21320,9,5,0
HH_21321,16,1,0
HH_21322,10,3,3
HH_21323,14,6,1
HH_21324,8,10,0
HH_21325,13,4,0
HH_21326,6,2,0
HH_21327,9,4,1
HH_21328,15,8,2
HH_21329,9,2,2
HH_21330,13,9,1
HH_21331,14,3,2
HH_21332,9,8,0
HH_21333,15,2,1
HH_21334,14,4,0
HH_21335,12,3,1
HH_21336,5,4,0
HH_21337,11,5,0
HH_21338,15,6,0
HH_21339,15,6,0
HH_21340,10,3,1
HH_21341,12,9,1
HH_21342,13,7,2
HH_21343,14,8,1
HH_21344,10,6,2
HH_21345,11,4,4
HH_21346,11,2,1
HH_21347,6,7,1
HH_21348,19,6,1
HH_21349,14,7,1
HH_21350,11,4,0
HH_21351,7,2,0
HH_21352,5,5,1
HH_21353,12,4,0
HH_21354,6,3,1
HH_21355,10,6,0
HH_21356,10,3,0
HH_21357,15,2,1
HH_21358,12,6,1
HH_21359,9,3,1
HH_21360,14,4,0
HH_21361,14,6,2
HH_21362,16,6,1
HH_21363,9,10,1
HH_21364,14,4,3
HH_21365,12,4,2
HH_21366,14,5,1
HH_21367,15,7,1
HH_21368,8,2,0
HH_21369,9,7,0
HH_21370,8,8,1
HH_21371,7,2,1
HH_21372,13,7,0
HH_21373,9,7,1
HH_21374,17,1,0
HH_21375,11,9,0
HH_21376,16,5,0
HH_21377,6,6,0
HH_21378,7,3,1
HH_21379,7,4,0
HH_21380,14,9,1
HH_21381,7,4,0
HH_21382,15,5,1
HH_21383,13,2,0
HH_21384,9,7,0
HH_21385,7,7,0
HH_21386,10,5,0
HH_21387,13,8,0
HH_21388,7,3,1
HH_21389,11,7,2
HH_21390,14,5,1
HH_21391,11,4,0
HH_21392,8,8,2
HH_21393,9,6,1
HH_21394,15,9,1
HH_21395,9,1,1
HH_21396,12,8,4
HH_21397,12,1,1
HH_21398,11,2,1
HH_21399,12,6,1
HH_21400,9,8,2
HH_21401,13,6,0
HH_21402,10,3,2
HH_21403,13,3,0
HH_21404,8,8,0
HH_21405,10,5,0
HH_21406,15,4,0
HH_21407,19,2,3
HH_21408,10,6,2
HH_21409,11,3,0
HH_21410,19,2,0
HH_21411,14,4,1
HH_21412,8,2,0
HH_21413,14,5,0
HH_21414,14,4,0
HH_21415,11,7,0
HH_21416,11,4,2
HH_21417,13,3,1
HH_21418,8,7,0
HH_21419,14,3,1
HH_21420,14,1,0
HH_21421,18,3,1
HH_21422,9,10,2
HH_21423,11,7,1
HH_21424,21,8,1
HH_21425,8,6,0
HH_21426,11,5,1
HH_21427,10,5,1
HH_21428,9,2,2
HH_21429,9,1,0
HH_21430,12,6,1
HH_21431,12,5,0
HH_21432,10,4,1
HH_21433,24,2,1
HH_21434,19,6,1
HH_21435,13,5,0
HH_21436,18,5,0
HH_21437,17,7,0
HH_21438,8,4,1
HH_21439,8,2,1
HH_21440,14,5,1
HH_21441,13,3,1
HH_21442,17,1,1
HH_21443,12,5,2
HH_21444,12,6,1
HH_21445,14,8,0
HH_21446,6,8,0
HH_21447,16,2,3
HH_21448,15,1,2
HH_21449,8,5,2
HH_21450,9,2,0
HH_21451,18,4,0
HH_21452,13,2,1
HH_21453,10,4,0
HH_21454,17,6,1
HH_21455,17,2,1
HH_21456,16,7,1
HH_21457,11,5,0
HH_21458,20,5,2
HH_21459,9,5,0
HH_21460,5,6,0
HH_21461,16,3,3
HH_21462,10,5,4
HH_21463,14,4,1
HH_21464,6,0,0
HH_21465,12,7,2
HH_21466,8,6,1
HH_21467,13,4,2
HH_21468,14,8,0
HH_21469,13,4,2
HH_21470,9,6,0
HH_21471,8,6,0
HH_21472,19,4,1
HH_21473,16,7,2
HH_21474,10,2,0
HH_21475,17,4,0
HH_21476,11,5,0
HH_21477,11,4,0
HH_21478,14,7,0
HH_21479,15,4,1
HH_21480,9,2,1
HH_21481,14,5,4
HH_21482,9,11,2
HH_21483,19,4,0
HH_21484,18,4,1
HH_21485,13,10,1
HH_21486,20,8,1
HH_21487,13,3,0
HH_21488,8,5,1
HH_21489,10,10,1
HH_21490,12,4,4
HH_21491,8,3,2
HH_21492,6,7,0
HH_21493,13,6,3
HH_21494,20,4,0
HH_21495,12,7,0
HH_21496,11,6,3
HH_21497,11,5,1
HH_21498,10,2,1
HH_21499,17,5,2
HH_21500,18,7,3
HH_21501,5,3,1
HH_21502,8,6,1
HH_21503,15,8,0
HH_21504,7,6,0
HH_21505,12,5,2
HH_21506,16,8,1
HH_21507,11,5,1
HH_21508,12,6,0
HH_21509,8,4,0
HH_21510,14,5,0
HH_21511,12,4,0
HH_21512,11,7,1
HH_21513,18,6,0
HH_21514,18,3,3
HH_21515,21,3,0
HH_21516,11,4,1
HH_21517,6,4,2
HH_21518,14,6,1
HH_21519,10,7,0
HH_21520,9,9,0
HH_21521,9,6,0
HH_21522,12,3,3
HH_21523,9,5,2
HH_21524,10,6,0
HH_21525,17,5,1
HH_21526,9,5,1
HH_21527,14,6,0
HH_21528,12,5,4
HH_21529,6,1,0
HH_21530,18,7,1
HH_21531,9,1,2
HH_21532,16,2,3
HH_21533,11,1,1
HH_21534,18,5,2
HH_21535,10,2,1
HH_21536,6,4,1
HH_21537,10,5,1
HH_21538,16,8,3
HH_21539,16,5,1
HH_21540,12,3,1
HH_21541,15,2,1
HH_21542,15,9,0
HH_21543,11,3,2
HH_21544,15,4,0
HH_21545,8,4,1
HH_21546,12,9,2
HH_21547,10,5,1
HH_21548,6,4,1
HH_21549,9,4,2
HH_21550,8,7,1
HH_21551,10,6,2
HH_21552,12,6,0
HH_21553,14,9,0
HH_21554,14,3,0
HH_21555,12,4,0
HH_21556,16,5,1
HH_21557,6,3,1
HH_21558,12,2,0
HH_21559,18,7,2
HH_21560,20,6,3
HH_21561,13,5,1
HH_21562,16,12,1
HH_21563,11,1,1
HH_21564,16,4,1
HH_21565,6,4,2
HH_21566,8,4,0
HH_21567,10,3,0
HH_21568,15,4,1
HH_21569,18,3,1
HH_21570,18,10,2
HH_21571,7,4,1
HH_21572,10,5,0
HH_21573,16,9,0
HH_21574,13,4,1
HH_21575,12,7,3
HH_21576,12,8,1
HH_21577,15,4,0
HH_21578,19,5,1
HH_21579,10,3,0
HH_21580,15,7,0
HH_21581,13,6,2
HH_21582,10,5,1
HH_21583,15,6,0
HH_21584,15,5,2
HH_21585,16,3,0
HH_21586,14,6,0
HH_21587,7,6,3
HH_21588,9,4,0
HH_21589,20,2,1
HH_21590,9,4,1
HH_21591,16,2,0
HH_21592,14,3,0
HH_21593,16,6,0
HH_21594,13,7,0
HH_21595,5,6,3
HH_21596,19,10,1
HH_21597,9,4,2
HH_21598,12,2,1
HH_21599,8,7,2
HH_21600,13,4,1
HH_21601,12,1,2
HH_21602,13,4,0
HH_21603,18,2,0
HH_21604,14,3,3
HH_21605,15,8,3
HH_21606,13,7,2
HH_21607,12,5,3
HH_21608,12,5,3
HH_21609,8,7,0
HH_21610,15,6,0
HH_21611,12,5,0
HH_21612,9,11,2
HH_21613,13,9,1
HH_21614,16,11,1
HH_21615,13,7,0
HH_21616,12,1,3
HH_21617,6,8,1
HH_21618,13,6,3
HH_21619,18,9,1
HH_21620,10,4,1
HH_21621,8,1,0
HH_21622,9,0,2
HH_21623,13,5,0
HH_21624,11,4,1
HH_21625,16,2,1
HH_21626,15,7,0
HH_21627,17,5,1
HH_21628,15,7,2
HH_21629,15,5,0
HH_21630,10,3,0
HH_21631,9,6,1
HH_21632,12,7,1
HH_21633,14,6,0
HH_21634,12,5,1
HH_21635,12,6,2
HH_21636,5,7,0
HH_21637,10,6,1
HH_21638,5,4,0
HH_21639,7,5,0
HH_21640,14,6,0
HH_21641,13,3,1
HH_21642,7,9,0
HH_21643,11,4,0
HH_21644,12,5,1
HH_21645,7,7,0
HH_21646,14,7,1
HH_21647,12,5,0
HH_21648,13,7,1
HH_21649,10,4,0
HH_21650,12,5,1
HH_21651,18,6,0
HH_21652,11,6,1
HH_21653,7,8,0
HH_21654,13,4,3
HH_21655,8,2,0
HH_21656,10,6,3
HH_21657,10,4,1
HH_21658,15,6,2
HH_21659,8,5,0
HH_21660,14,4,0
HH_21661,8,8,1
HH_21662,15,4,0
HH_21663,10,5,0
HH_21664,8,2,2
HH_21665,12,2,0
HH_21666,9,7,0
HH_21667,12,9,0
HH_21668,4,5,2
HH_21669,9,3,1
HH_21670,6,10,3
HH_21671,14,12,1
HH_21672,8,3,1
HH_21673,11,4,0
HH_21674,9,7,0
HH_21675,11,5,2
HH_21676,7,0,2
HH_21677,13,3,2
HH_21678,7,4,3
HH_21679,9,11,2
HH_21680,11,3,2
HH_21681,12,7,1
HH_21682,13,3,1
HH_21683,15,10,0
HH_21684,13,7,0
HH_21685,11,3,2
HH_21686,12,5,1
HH_21687,9,3,3
HH_21688,7,5,0
HH_21689,11,3,2
HH_21690,6,5,1
HH_21691,11,4,1
HH_21692,17,4,0
HH_21693,15,3,0
HH_21694,19,7,1
HH_21695,14,2,2
HH_21696,8,4,0
HH_21697,13,1,2
HH_21698,16,5,0
HH_21699,14,2,0
HH_21700,8,5,1
HH_21701,10,9,1
HH_21702,7,3,2
HH_21703,20,3,0
HH_21704,14,6,0
HH_21705,9,3,0
HH_21706,10,4,2
HH_21707,12,7,1
HH_21708,16,1,0
HH_21709,9,6,1
HH_21710,11,4,3
HH_21711,11,4,1
HH_21712,7,1,0
HH_21713,10,4,1
HH_21714,15,8,1
HH_21715,16,6,0
HH_21716,17,3,2
HH_21717,9,2,0
HH_21718,15,5,0
HH_21719,13,6,2
HH_21720,12,5,3
HH_21721,15,3,0
HH_21722,8,6,1
HH_21723,12,6,0
HH_21724,11,5,1
HH_21725,17,6,0
HH_21726,13,2,2
HH_21727,13,11,0
HH_21728,10,6,0
HH_21729,14,8,4
HH_21730,13,1,2
HH_21731,11,6,4
HH_21732,11,5,1
HH_21733,16,1,1
HH_21734,11,3,2
HH_21735,9,6,2
HH_21736,15,1,1
HH_21737,16,4,0
HH_21738,6,6,1
HH_21739,11,3,1
HH_21740,10,5,1
HH_21741,12,5,0
HH_21742,14,8,0
HH_21743,15,7,0
HH_21744,7,6,1
HH_21745,12,4,2
HH_21746,13,9,0
HH_21747,16,3,0
HH_21748,12,11,3
HH_21749,8,3,2
HH_21750,5,1,1
HH_21751,9,7,1
HH_21752,7,3,0
HH_21753,12,6,0
HH_21754,16,4,1
HH_21755,11,5,0
HH_21756,11,2,0
HH_21757,10,3,0
HH_21758,11,3,2
HH_21759,7,7,1
HH_21760,8,6,1
HH_21761,12,6,1
HH_21762,16,5,0
HH_21763,8,4,2
HH_21764,14,5,0
HH_21765,10,6,0
HH_21766,19,5,2
HH_21767,13,1,1
HH_21768,13,4,2
HH_21769,16,3,0
HH_21770,11,4,0
HH_21771,12,11,0
HH_21772,14,4,2
HH_21773,25,0,1
HH_21774,10,4,1
HH_21775,10,4,0
HH_21776,13,7,1
HH_21777,9,10,0
HH_21778,14,10,1
HH_21779,9,4,0
HH_21780,12,2,0
HH_21781,8,8,2
HH_21782,10,6,0
HH_21783,12,1,0
HH_21784,14,4,0
HH_21785,10,6,1
HH_21786,13,6,2
HH_21787,19,5,2
HH_21788,5,6,2
HH_21789,11,7,3
HH_21790,8,6,1
HH_21791,11,1,2
HH_21792,9,4,0
HH_21793,9,2,2
HH_21794,15,4,1
HH_21795,16,6,0
HH_21796,15,11,1
HH_21797,9,6,0
HH_21798,9,4,1
HH_21799,9,4,2
HH_21800,14,4,0
HH_21801,8,2,2
HH_21802,9,7,1
HH_21803,14,7,0
HH_21804,11,2,1
HH_21805,12,8,1
HH_21806,12,12,0
HH_21807,16,3,3
HH_21808,12,6,1
HH_21809,12,5,0
HH_21810,7,4,4
HH_21811,14,4,1
HH_21812,14,10,1
HH_21813,12,7,0
HH_21814,14,5,3
HH_21815,15,6,0
HH_21816,15,4,0
HH_21817,12,6,0
HH_21818,11,5,1
HH_21819,14,6,1
HH_21820,18,3,1
HH_21821,12,6,0
HH_21822,12,3,2
HH_21823,14,5,1
HH_21824,18,6,1
HH_21825,10,7,0
HH_21826,9,5,2
HH_21827,14,2,1
HH_21828,11,3,0
HH_21829,14,2,0
HH_21830,10,10,1
HH_21831,9,3,0
HH_21832,14,4,0
HH_21833,16,3,0
HH_21834,11,5,1
HH_21835,16,7,1
HH_21836,12,7,1
HH_21837,11,6,2
HH_21838,10,9,1
HH_21839,8,5,1
HH_21840,14,7,0
HH_21841,10,5,1
HH_21842,14,7,3
HH_21843,10,1,2
HH_21844,10,6,1
HH_21845,10,8,1
HH_21846,17,4,1
HH_21847,12,3,2
HH_21848,14,8,0
HH_21849,11,8,1
HH_21850,12,8,1
HH_21851,13,8,3
HH_21852,9,4,1
HH_21853,6,4,1
HH_21854,8,1,1
HH_21855,9,6,0
HH_21856,7,5,0
HH_21857,9,4,1
HH_21858,13,9,3
HH_21859,19,6,0
HH_21860,12,4,2
HH_21861,7,2,1
HH_21862,13,3,0
HH_21863,7,7,0
HH_21864,14,5,1
HH_21865,13,4,0
HH_21866,12,3,0
HH_21867,15,3,0
HH_21868,15,9,3
HH_21869,18,4,1
HH_21870,10,2,0
HH_21871,8,2,3
HH_21872,8,2,1
HH_21873,19,5,1
HH_21874,15,6,3
HH_21875,9,3,2
HH_21876,5,3,2
HH_21877,16,1,1
HH_21878,9,5,2
HH_21879,9,4,0
HH_21880,8,1,3
HH_21881,16,4,0
HH_21882,13,5,0
HH_21883,12,4,0
HH_21884,10,5,0
HH_21885,13,5,1
HH_21886,9,2,2
HH_21887,8,6,1
HH_21888,14,3,3
HH_21889,5,5,0
HH_21890,19,4,1
HH_21891,14,7,0
HH_21892,14,6,1
HH_21893,10,3,2
HH_21894,7,3,0
HH_21895,14,6,0
HH_21896,17,4,2
HH_21897,14,8,0
HH_21898,11,7,2
HH_21899,11,5,3
HH_21900,11,7,1
HH_21901,20,7,0
HH_21902,9,10,0
HH_21903,9,4,0
HH_21904,11,1,0
HH_21905,17,1,3
HH_21906,18,3,1
HH_21907,14,8,0
HH_21908,10,5,0
HH_21909,8,6,1
HH_21910,12,7,2
HH_21911,12,6,0
HH_21912,13,12,1
HH_21913,17,4,1
HH_21914,11,11,2
HH_21915,14,7,1
HH_21916,14,4,0
HH_21917,10,4,4
HH_21918,10,6,1
HH_21919,9,6,0
HH_21920,18,5,3
HH_21921,12,3,2
HH_21922,6,4,2
HH_21923,13,9,0
HH_21924,3,8,2
HH_21925,10,3,2
HH_21926,12,4,0
HH_21927,11,9,1
HH_21928,20,2,2
HH_21929,15,6,0
HH_21930,13,4,0
HH_21931,14,5,1
HH_21932,13,7,1
HH_21933,14,4,2
HH_21934,13,3,0
HH_21935,12,4,0
HH_21936,9,9,0
HH_21937,6,3,1
HH_21938,6,4,1
HH_21939,17,6,1
HH_21940,20,5,0
HH_21941,10,5,1
HH_21942,13,3,2
HH_21943,13,3,0
HH_21944,14,4,0
HH_21945,14,4,0
HH_21946,7,7,4
HH_21947,12,4,1
HH_21948,8,4,0
HH_21949,14,5,3
HH_21950,8,6,1
HH_21951,20,2,0
HH_21952,12,8,0
HH_21953,10,3,2
HH_21954,8,4,0
HH_21955,10,9,4
HH_21956,15,3,0
HH_21957,9,2,1
HH_21958,12,6,0
HH_21959,11,6,2
HH_21960,10,6,1
HH_21961,16,5,0
HH_21962,14,6,2
HH_21963,14,4,4
HH_21964,13,4,1
HH_21965,11,8,0
HH_21966,13,2,2
HH_21967,12,6,0
HH_21968,16,5,3
HH_21969,6,5,3
HH_21970,17,6,1
HH_21971,21,7,0
HH_21972,10,6,1
HH_21973,10,4,1
HH_21974,11,8,1
HH_21975,15,3,2
HH_21976,13,9,1
HH_21977,14,5,0
HH_21978,10,9,1
HH_21979,12,1,2
HH_21980,10,4,0
HH_21981,8,3,0
HH_21982,8,6,0
HH_21983,11,8,3
HH_21984,14,5,1
HH_21985,12,3,2
HH_21986,2,6,2
HH_21987,7,5,1
HH_21988,8,8,0
HH_21989,10,4,1
HH_21990,8,5,0
HH_21991,23,6,3
HH_21992,16,7,0
HH_21993,10,6,1
HH_21994,10,5,1
HH_21995,14,4,1
HH_21996,15,10,0
HH_21997,15,3,1
HH_21998,15,9,1
HH_21999,15,3,0
HH_22000,8,5,3
HH_22001,15,5,1
HH_22002,15,4,0
HH_22003,8,2,3
HH_22004,11,2,1
HH_22005,8,7,0
HH_22006,23,1,0
HH_22007,11,4,2
HH_22008,11,4,0
HH_22009,9,5,1
HH_22010,11,5,0
HH_22011,16,6,2
HH_22012,4,4,0
HH_22013,17,4,2
HH_22014,14,4,0
HH_22015,10,4,1
HH_22016,12,8,0
HH_22017,12,6,1
HH_22018,10,9,1
HH_22019,14,3,2
HH_22020,9,5,1
HH_22021,12,5,0
HH_22022,12,5,2
HH_22023,12,5,2
HH_22024,9,5,3
HH_22025,10,9,0
HH_22026,16,3,0
HH_22027,6,2,2
HH_22028,18,1,0
HH_22029,10,6,2
HH_22030,11,4,1
HH_22031,7,5,0
HH_22032,6,4,1
HH_22033,15,5,0
HH_22034,5,8,0
HH_22035,16,4,2
HH_22036,13,3,1
HH_22037,14,3,0
HH_22038,10,1,2
HH_22039,13,6,1
HH_22040,10,2,0
HH_22041,8,2,0
HH_22042,12,8,1
HH_22043,16,4,0
HH_22044,16,7,0
HH_22045,9,4,2
HH_22046,10,2,0
HH_22047,14,11,3
HH_22048,10,7,1
HH_22049,15,7,2
HH_22050,9,6,2
HH_22051,16,8,0
HH_22052,9,8,1
HH_22053,8,5,0
HH_22054,6,3,3
HH_22055,11,8,2
HH_22056,9,7,0
HH_22057,11,6,1
HH_22058,23,5,0
HH_22059,16,2,2
HH_22060,14,6,1
HH_22061,5,4,1
HH_22062,12,5,3
HH_22063,11,5,2
HH_22064,16,2,1
HH_22065,6,2,0
HH_22066,12,4,2
HH_22067,13,4,0
HH_22068,14,4,0
HH_22069,17,8,0
HH_22070,10,4,0
HH_22071,17,4,1
HH_22072,16,3,2
HH_22073,7,7,0
HH_22074,18,2,1
HH_22075,10,8,2
HH_22076,9,5,1
HH_22077,13,3,1
HH_22078,10,3,2
HH_22079,18,2,0
HH_22080,12,5,1
HH_22081,8,5,2
HH_22082,15,4,2
HH_22083,12,5,0
HH_22084,15,4,1
HH_22085,14,7,1
HH_22086,10,7,2
HH_22087,10,7,0
HH_22088,12,7,1
HH_22089,14,2,1
HH_22090,8,3,1
HH_22091,15,7,2
HH_22092,10,5,1
HH_22093,22,3,2
HH_22094,14,2,1
HH_22095,6,5,1
HH_22096,14,7,1
HH_22097,11,8,0
HH_22098,9,6,1
HH_22099,13,2,0
HH_22100,11,4,2
HH_22101,12,5,1
HH_22102,17,6,1
HH_22103,9,4,2
HH_22104,12,8,2
HH_22105,21,8,1
HH_22106,14,4,1
HH_22107,14,2,0
HH_22108,11,4,0
HH_22109,16,3,0
HH_22110,12,5,0
HH_22111,13,4,0
HH_22112,13,4,0
HH_22113,12,9,0
HH_22114,10,4,1
HH_22115,18,4,0
HH_22116,9,1,1
HH_22117,18,2,0
HH_22118,13,6,2
HH_22119,10,2,1
HH_22120,6,4,3
HH_22121,19,8,3
HH_22122,12,6,1
HH_22123,9,5,0
HH_22124,15,4,1
HH_22125,15,3,0
HH_22126,9,5,2
HH_22127,14,4,3
HH_22128,13,5,1
HH_22129,14,6,2
HH_22130,14,6,1
HH_22131,15,4,1
HH_22132,11,4,1
HH_22133,13,5,1
HH_22134,13,3,0
HH_22135,14,5,1
HH_22136,14,5,2
HH_22137,9,7,0
HH_22138,12,4,1
HH_22139,11,5,0
HH_22140,14,4,0
HH_22141,11,2,0
HH_22142,4,5,1
HH_22143,9,6,1
HH_22144,12,5,0
HH_22145,11,7,1
HH_22146,18,6,1
HH_22147,8,4,0
HH_22148,7,3,1
HH_22149,13,5,2
HH_22150,9,5,1
HH_22151,15,5,1
HH_22152,19,5,1
HH_22153,10,5,3
HH_22154,17,9,1
HH_22155,13,9,0
HH_22156,23,8,0
HH_22157,15,4,1
HH_22158,10,3,2
HH_22159,18,8,0
HH_22160,14,4,2
HH_22161,16,3,1
HH_22162,14,4,0
HH_22163,11,6,0
HH_22164,6,6,0
HH_22165,18,3,1
HH_22166,10,3,2
HH_22167,11,4,0
HH_22168,18,5,4
HH_22169,6,8,0
HH_22170,13,9,0
HH_22171,11,4,3
HH_22172,16,2,0
HH_22173,11,3,1
HH_22174,12,2,1
HH_22175,12,6,3
HH_22176,11,10,0
HH_22177,13,4,1
HH_22178,10,4,3
HH_22179,13,6,1
HH_22180,14,3,0
HH_22181,7,7,2
HH_22182,9,5,0
HH_22183,9,5,0
HH_22184,13,3,3
HH_22185,14,7,0
HH_22186,13,7,2
HH_22187,8,6,2
HH_22188,15,8,0
HH_22189,14,7,0
HH_22190,15,3,0
HH_22191,9,2,1
HH_22192,11,4,0
HH_22193,10,7,2
HH_22194,11,2,1
HH_22195,10,3,0
HH_22196,14,5,0
HH_22197,16,5,1
HH_22198,12,5,0
HH_22199,18,3,1
HH_22200,9,6,0
HH_22201,13,9,1
HH_22202,11,2,1
HH_22203,12,11,0
HH_22204,6,10,1
HH_22205,10,10,1
HH_22206,9,5,1
HH_22207,14,5,0
HH_22208,12,4,0
HH_22209,16,5,1
HH_22210,9,4,0
HH_22211,12,7,1
HH_22212,11,4,2
HH_22213,20,2,0
HH_22214,10,5,1
HH_22215,11,5,1
HH_22216,16,6,1
HH_22217,6,6,1
HH_22218,7,2,1
HH_22219,12,4,2
HH_22220,16,10,1
HH_22221,11,6,0
HH_22222,8,4,1
HH_22223,15,2,0
HH_22224,16,6,0
HH_22225,8,10,1
HH_22226,10,6,3
HH_22227,8,7,2
HH_22228,20,7,1
HH_22229,12,6,2
HH_22230,14,4,2
HH_22231,12,11,1
HH_22232,4,6,3
HH_22233,11,6,1
HH_22234,9,5,2
HH_22235,12,4,2
HH_22236,12,6,0
HH_22237,12,9,4
HH_22238,16,5,2
HH_22239,16,6,3
HH_22240,13,6,1
HH_22241,21,2,1
HH_22242,10,2,5
HH_22243,10,0,0
HH_22244,13,4,0
HH_22245,5,3,0
HH_22246,15,6,2
HH_22247,14,4,1
HH_22248,12,4,1
HH_22249,15,3,0
HH_22250,13,4,0
HH_22251,12,3,0
HH_22252,12,4,1
HH_22253,11,7,0
HH_22254,16,3,1
HH_22255,9,4,1
HH_22256,11,2,2
HH_22257,13,4,1
HH_22258,12,3,1
HH_22259,15,5,2
HH_22260,14,4,0
HH_22261,8,6,1
HH_22262,11,4,2
HH_22263,15,9,1
HH_22264,7,5,2
HH_22265,9,2,1
HH_22266,11,8,1
HH_22267,8,4,2
HH_22268,9,5,1
HH_22269,17,5,1
HH_22270,12,5,3
HH_22271,14,5,1
HH_22272,9,7,1
HH_22273,7,5,1
HH_22274,11,4,2
HH_22275,7,6,2
HH_22276,17,9,0
HH_22277,7,6,3
HH_22278,17,5,2
HH_22279,12,8,2
HH_22280,7,1,2
HH_22281,11,4,1
HH_22282,8,3,0
HH_22283,9,6,0
HH_22284,12,3,1
HH_22285,18,8,0
HH_22286,14,7,0
HH_22287,17,6,1
HH_22288,11,4,1
HH_22289,17,6,1
HH_22290,5,9,1
HH_22291,16,6,2
HH_22292,9,8,1
HH_22293,15,7,1
HH_22294,10,7,1
HH_22295,22,3,2
HH_22296,14,6,0
HH_22297,15,5,0
HH_22298,15,4,0
HH_22299,13,13,4
HH_22300,13,5,0
HH_22301,11,3,3
HH_22302,10,8,3
HH_22303,13,5,0
HH_22304,6,6,0
HH_22305,10,4,1
HH_22306,10,5,0
HH_22307,10,7,1
HH_22308,19,5,0
HH_22309,15,6,1
HH_22310,7,4,1
HH_22311,16,7,1
HH_22312,13,1,0
HH_22313,16,1,1
HH_22314,8,3,0
HH_22315,16,5,1
HH_22316,15,5,0
HH_22317,14,8,2
HH_22318,13,14,1
HH_22319,21,3,1
HH_22320,6,4,1
HH_22321,7,8,1
HH_22322,7,7,2
HH_22323,11,6,0
HH_22324,15,7,3
HH_22325,13,6,0
HH_22326,17,6,2
HH_22327,10,7,1
HH_22328,15,6,1
HH_22329,15,8,0
HH_22330,14,7,0
HH_22331,11,4,1
HH_22332,12,3,3
HH_22333,20,3,0
HH_22334,11,8,0
HH_22335,9,8,1
HH_22336,18,10,0
HH_22337,17,3,2
HH_22338,11,7,0
HH_22339,11,4,0
HH_22340,14,1,2
HH_22341,9,4,0
HH_22342,12,8,1
HH_22343,11,6,0
HH_22344,12,4,0
HH_22345,11,6,2
HH_22346,13,5,1
HH_22347,12,4,0
HH_22348,15,3,1
HH_22349,14,4,2
HH_22350,14,2,2
HH_22351,12,4,4
HH_22352,11,2,1
HH_22353,14,8,0
HH_22354,11,6,0
HH_22355,12,7,1
HH_22356,5,3,1
HH_22357,11,0,2
HH_22358,11,6,0
HH_22359,5,5,1
HH_22360,12,5,1
HH_22361,12,3,2
HH_22362,10,2,1
HH_22363,5,7,0
HH_22364,17,4,1
HH_22365,7,5,2
HH_22366,10,7,1
HH_22367,7,3,1
HH_22368,14,7,2
HH_22369,15,2,0
HH_22370,8,8,2
HH_22371,15,5,0
HH_22372,11,6,2
HH_22373,9,6,1
HH_22374,7,2,0
HH_22375,10,8,3
HH_22376,14,6,1
HH_22377,6,4,2
HH_22378,10,7,1
HH_22379,15,4,0
HH_22380,17,4,3
HH_22381,6,8,0
HH_22382,15,3,0
HH_22383,14,3,2
HH_22384,10,6,2
HH_22385,15,6,2
HH_22386,11,9,1
HH_22387,13,7,2
HH_22388,8,7,0
HH_22389,12,5,1
HH_22390,13,4,0
HH_22391,9,5,1
HH_22392,9,3,1
HH_22393,14,1,2
HH_22394,13,3,2
HH_22395,8,6,0
HH_22396,11,5,1
HH_22397,14,8,0
HH_22398,13,0,0
HH_22399,17,6,3
HH_22400,14,5,0
HH_22401,12,4,2
HH_22402,11,3,1
HH_22403,13,8,1
HH_22404,13,6,0
HH_22405,16,2,2
HH_22406,8,6,1
HH_22407,10,4,2
HH_22408,8,11,1
HH_22409,16,15,2
HH_22410,9,2,0
HH_22411,13,3,1
HH_22412,14,10,0
HH_22413,16,6,1
HH_22414,12,7,1
HH_22415,11,3,0
HH_22416,7,9,1
HH_22417,19,3,2
HH_22418,17,7,0
HH_22419,17,6,1
HH_22420,16,4,0
HH_22421,7,4,1
HH_22422,13,4,1
HH_22423,7,5,2
HH_22424,8,3,1
HH_22425,12,6,0
HH_22426,13,3,1
HH_22427,13,5,1
HH_22428,10,10,2
HH_22429,11,6,1
HH_22430,14,3,0
HH_22431,11,4,0
HH_22432,16,3,2
HH_22433,8,3,1
HH_22434,16,3,1
HH_22435,9,5,1
HH_22436,8,6,2
HH_22437,14,4,2
HH_22438,12,7,0
HH_22439,13,6,2
HH_22440,12,5,1
HH_22441,7,6,1
HH_22442,10,5,2
HH_22443,13,6,1
HH_22444,15,2,0
HH_22445,5,6,1
HH_22446,13,3,1
HH_22447,13,4,2
HH_22448,12,6,4
HH_22449,8,2,2
HH_22450,9,4,2
HH_22451,19,2,1
HH_22452,10,7,0
HH_22453,7,11,0
HH_22454,22,9,3
HH_22455,9,8,0
HH_22456,12,9,1
HH_22457,15,6,1
HH_22458,10,2,0
HH_22459,12,5,1
HH_22460,8,9,2
HH_22461,10,6,2
HH_22462,8,6,1
HH_22463,19,5,2
HH_22464,10,4,0
HH_22465,18,7,1
HH_22466,8,4,2
HH_22467,11,5,0
HH_22468,13,2,0
HH_22469,21,5,1
HH_22470,13,5,1
HH_22471,19,6,0
HH_22472,8,8,2
HH_22473,16,3,0
HH_22474,15,4,1
HH_22475,8,4,0
HH_22476,10,7,2
HH_22477,14,8,1
HH_22478,14,9,3
HH_22479,9,12,1
HH_22480,14,4,0
HH_22481,10,6,1
HH_22482,9,3,1
HH_22483,12,3,0
HH_22484,15,7,1
HH_22485,15,8,2
HH_22486,11,7,2
HH_22487,13,4,1
HH_22488,13,6,3
HH_22489,9,5,1
HH_22490,11,4,1
HH_22491,12,4,1
HH_22492,11,9,1
HH_22493,14,6,0
HH_22494,9,3,3
HH_22495,11,3,1
HH_22496,17,1,0
HH_22497,9,4,4
HH_22498,13,11,0
HH_22499,16,6,0
HH_22500,12,5,1
HH_22501,15,5,3
HH_22502,16,7,0
HH_22503,12,3,2
HH_22504,11,6,0
HH_22505,14,5,1
HH_22506,12,4,2
HH_22507,11,7,2
HH_22508,9,5,2
HH_22509,15,5,2
HH_22510,16,2,1
HH_22511,15,2,0
HH_22512,11,7,0
HH_22513,7,6,1
HH_22514,12,4,2
HH_22515,10,4,2
HH_22516,20,5,1
HH_22517,15,6,2
HH_22518,10,6,0
HH_22519,9,3,1
HH_22520,10,5,1
HH_22521,13,6,1
HH_22522,17,5,2
HH_22523,9,3,1
HH_22524,8,6,2
HH_22525,18,6,2
HH_22526,14,3,2
HH_22527,9,3,1
HH_22528,10,4,0
HH_22529,16,7,1
HH_22530,19,6,4
HH_22531,11,4,1
HH_22532,18,5,1
HH_22533,13,5,0
HH_22534,10,5,0
HH_22535,13,11,0
HH_22536,10,3,2
HH_22537,7,4,3
HH_22538,9,2,0
HH_22539,13,6,2
HH_22540,8,4,1
HH_22541,13,8,0
HH_22542,14,3,0
HH_22543,8,8,0
HH_22544,13,5,4
HH_22545,12,7,0
HH_22546,10,0,0
HH_22547,8,3,1
HH_22548,8,5,5
HH_22549,8,5,2
HH_22550,9,8,0
HH_22551,6,3,0
HH_22552,11,8,0
HH_22553,11,2,0
HH_22554,7,3,0
HH_22555,16,3,4
HH_22556,5,9,0
HH_22557,11,6,2
HH_22558,9,4,3
HH_22559,15,4,1
HH_22560,7,5,0
HH_22561,11,6,0
HH_22562,14,6,1
HH_22563,7,2,1
HH_22564,12,7,1
HH_22565,13,4,0
HH_22566,15,5,0
HH_22567,15,5,0
HH_22568,12,6,1
HH_22569,11,5,3
HH_22570,11,3,0
HH_22571,10,6,0
HH_22572,15,2,3
HH_22573,12,3,2
HH_22574,11,6,0
HH_22575,9,1,0
HH_22576,15,12,1
HH_22577,10,6,2
HH_22578,15,7,1
HH_22579,12,5,2
HH_22580,9,5,0
HH_22581,14,6,1
HH_22582,14,6,1
HH_22583,10,13,0
HH_22584,14,4,1
HH_22585,4,5,0
HH_22586,12,2,0
HH_22587,11,4,0
HH_22588,14,3,1
HH_22589,8,7,0
HH_22590,11,3,0
HH_22591,15,8,1
HH_22592,12,7,0
HH_22593,18,3,1
HH_22594,14,8,2
HH_22595,4,5,1
HH_22596,8,6,3
HH_22597,13,5,0
HH_22598,11,5,0
HH_22599,10,7,1
HH_22600,13,5,2
HH_22601,13,4,1
HH_22602,10,4,1
HH_22603,10,6,1
HH_22604,14,5,1
HH_22605,13,1,1
HH_22606,16,3,1
HH_22607,8,3,1
HH_22608,8,6,1
HH_22609,10,4,0
HH_22610,14,4,1
HH_22611,12,4,3
HH_22612,11,5,2
HH_22613,11,5,0
HH_22614,9,1,0
HH_22615,7,4,2
HH_22616,6,4,1
HH_22617,8,5,1
HH_22618,17,4,0
HH_22619,12,6,3
HH_22620,25,7,1
HH_22621,15,2,1
HH_22622,11,11,1
HH_22623,14,4,0
HH_22624,13,5,1
HH_22625,12,5,0
HH_22626,12,13,0
HH_22627,9,5,0
HH_22628,12,4,1
HH_22629,12,3,1
HH_22630,16,2,0
HH_22631,9,12,1
HH_22632,11,5,2
HH_22633,14,3,0
HH_22634,13,2,0
HH_22635,11,2,0
HH_22636,9,3,1
HH_22637,18,6,0
HH_22638,15,3,2
HH_22639,11,2,1
HH_22640,8,4,1
HH_22641,17,7,0
HH_22642,15,5,1
HH_22643,16,4,0
HH_22644,9,3,2
HH_22645,16,4,1
HH_22646,13,6,0
HH_22647,15,10,0
HH_22648,10,2,0
HH_22649,15,2,0
HH_22650,9,7,1
HH_22651,6,8,1
HH_22652,8,9,0
HH_22653,11,5,0
HH_22654,14,5,1
HH_22655,10,4,0
HH_22656,11,7,1
HH_22657,9,3,2
HH_22658,12,5,2
HH_22659,11,8,3
HH_22660,15,7,1
HH_22661,9,2,2
HH_22662,10,5,0
HH_22663,8,5,0
HH_22664,8,8,0
HH_22665,10,6,1
HH_22666,11,5,0
HH_22667,11,5,0
HH_22668,15,5,1
HH_22669,12,8,0
HH_22670,12,2,0
HH_22671,9,7,3
HH_22672,12,2,2
HH_22673,11,9,3
HH_22674,15,5,1
HH_22675,11,9,0
HH_22676,15,2,0
HH_22677,10,7,1
HH_22678,10,2,2
HH_22679,13,5,1
HH_22680,11,5,2
HH_22681,6,3,1
HH_22682,18,2,1
HH_22683,13,3,0
HH_22684,13,4,0
HH_22685,15,3,0
HH_22686,7,4,0
HH_22687,19,0,3
HH_22688,10,2,0
HH_22689,15,9,0
HH_22690,13,2,1
HH_22691,11,6,1
HH_22692,9,6,0
HH_22693,8,2,0
HH_22694,12,8,1
HH_22695,23,9,0
HH_22696,7,6,3
HH_22697,13,2,1
HH_22698,11,3,1
HH_22699,6,4,2
HH_22700,8,6,2
HH_22701,3,9,1
HH_22702,14,3,1
HH_22703,13,5,0
HH_22704,16,10,1
HH_22705,14,5,0
HH_22706,11,2,1
HH_22707,10,2,1
HH_22708,11,4,0
HH_22709,14,6,0
HH_22710,8,5,0
HH_22711,8,3,1
HH_22712,15,4,2
HH_22713,17,6,1
HH_22714,16,4,2
HH_22715,13,3,1
HH_22716,9,4,1
HH_22717,8,7,2
HH_22718,14,7,0
HH_22719,12,4,1
HH_22720,8,5,2
HH_22721,12,5,3
HH_22722,6,8,0
HH_22723,12,5,1
HH_22724,18,4,0
HH_22725,18,3,2
HH_22726,11,4,0
HH_22727,13,3,0
HH_22728,7,5,1
HH_22729,13,4,0
HH_22730,16,8,1
HH_22731,8,4,2
HH_22732,14,4,0
HH_22733,9,5,1
HH_22734,11,6,0
HH_22735,12,7,2
HH_22736,9,2,2
HH_22737,9,4,2
HH_22738,12,8,0
HH_22739,13,8,2
HH_22740,7,5,2
HH_22741,10,5,0
HH_22742,8,3,0
HH_22743,14,4,1
HH_22744,9,8,2
HH_22745,13,7,1
HH_22746,10,6,0
HH_22747,13,6,0
HH_22748,14,6,1
HH_22749,12,3,1
HH_22750,6,7,0
HH_22751,16,5,1
HH_22752,13,4,0
HH_22753,6,6,3
HH_22754,13,3,0
HH_22755,12,6,0
HH_22756,11,6,1
HH_22757,6,6,1
HH_22758,9,3,2
HH_22759,9,4,4
HH_22760,15,5,1
HH_22761,19,2,0
HH_22762,12,2,0
HH_22763,12,3,0
HH_22764,16,3,2
HH_22765,14,2,1
HH_22766,16,7,1
HH_22767,11,3,1
HH_22768,15,9,0
HH_22769,13,3,0
HH_22770,14,7,1
HH_22771,14,7,4
HH_22772,14,2,1
HH_22773,15,5,1
HH_22774,5,6,3
HH_22775,13,6,0
HH_22776,17,7,0
HH_22777,15,5,0
HH_22778,9,6,2
HH_22779,9,8,0
HH_22780,5,4,1
HH_22781,18,1,1
HH_22782,10,7,1
HH_22783,17,7,0
HH_22784,5,5,0
HH_22785,7,8,2
HH_22786,6,3,0
HH_22787,14,5,1
HH_22788,6,1,1
HH_22789,12,3,1
HH_22790,13,7,1
HH_22791,16,1,1
HH_22792,8,3,1
HH_22793,10,5,2
HH_22794,6,8,3
HH_22795,10,6,0
HH_22796,13,2,0
HH_22797,18,7,2
HH_22798,15,6,1
HH_22799,15,8,1
HH_22800,14,0,2
HH_22801,9,10,1
HH_22802,14,5,1
HH_22803,7,3,0
HH_22804,20,2,2
HH_22805,11,6,1
HH_22806,13,5,2
HH_22807,11,6,1
HH_22808,10,3,3
HH_22809,8,5,1
HH_22810,15,4,2
HH_22811,14,6,1
HH_22812,14,7,0
HH_22813,16,7,1
HH_22814,14,1,0
HH_22815,11,8,0
HH_22816,10,3,1
HH_22817,14,4,1
HH_22818,11,4,1
HH_22819,11,6,1
HH_22820,10,5,0
HH_22821,10,5,1
HH_22822,11,9,0
HH_22823,16,3,2
HH_22824,11,5,1
HH_22825,12,4,0
HH_22826,13,8,1
HH_22827,9,4,0
HH_22828,9,7,1
HH_22829,13,4,2
HH_22830,13,4,2
HH_22831,12,5,0
HH_22832,10,6,1
HH_22833,15,9,0
HH_22834,20,7,1
HH_22835,13,5,0
HH_22836,9,8,1
HH_22837,9,9,1
HH_22838,4,3,0
HH_22839,8,4,2
HH_22840,11,1,0
HH_22841,10,7,1
HH_22842,16,6,2
HH_22843,14,6,1
HH_22844,12,3,1
HH_22845,12,6,2
HH_22846,15,5,0
HH_22847,16,4,2
HH_22848,14,7,2
HH_22849,11,4,1
HH_22850,15,5,0
HH_22851,10,5,0
HH_22852,7,6,0
HH_22853,11,7,1
HH_22854,13,7,1
HH_22855,11,3,1
HH_22856,16,4,2
HH_22857,10,3,1
HH_22858,9,6,1
HH_22859,17,6,0
HH_22860,12,7,1
HH_22861,9,3,2
HH_22862,15,5,1
HH_22863,14,5,3
HH_22864,14,2,3
HH_22865,13,5,1
HH_22866,12,5,0
HH_22867,12,2,0
HH_22868,8,0,0
HH_22869,11,5,2
HH_22870,13,4,3
HH_22871,12,7,1
HH_22872,11,7,2
HH_22873,16,3,2
HH_22874,13,0,1
HH_22875,13,5,0
HH_22876,12,6,1
HH_22877,8,1,0
HH_22878,12,5,3
HH_22879,15,4,0
HH_22880,16,6,1
HH_22881,10,7,1
HH_22882,11,7,0
HH_22883,11,7,1
HH_22884,17,5,3
HH_22885,18,3,0
HH_22886,9,4,1
HH_22887,18,7,1
HH_22888,7,5,0
HH_22889,11,2,1
HH_22890,12,7,0
HH_22891,9,5,1
HH_22892,17,6,2
HH_22893,12,3,2
HH_22894,12,3,0
HH_22895,16,3,0
HH_22896,10,5,0
HH_22897,7,4,1
HH_22898,12,4,1
HH_22899,6,4,1
HH_22900,18,4,1
HH_22901,17,7,2
HH_22902,11,5,1
HH_22903,8,3,3
HH_22904,9,4,2
HH_22905,14,8,1
HH_22906,10,4,4
HH_22907,11,3,2
HH_22908,13,3,2
HH_22909,9,4,1
HH_22910,21,8,1
HH_22911,19,4,3
HH_22912,13,4,1
HH_22913,16,9,2
HH_22914,12,6,2
HH_22915,7,4,0
HH_22916,10,1,0
HH_22917,17,4,2
HH_22918,8,7,3
HH_22919,20,6,2
HH_22920,10,5,1
HH_22921,14,11,2
HH_22922,12,6,3
HH_22923,11,4,1
HH_22924,8,1,0
HH_22925,20,3,2
HH_22926,17,4,1
HH_22927,5,5,1
HH_22928,9,5,4
HH_22929,13,6,0
HH_22930,10,6,0
HH_22931,8,7,1
HH_22932,6,8,0
HH_22933,15,4,2
HH_22934,14,6,1
HH_22935,12,8,1
HH_22936,11,3,0
HH_22937,9,4,0
HH_22938,15,5,0
HH_22939,13,3,1
HH_22940,14,1,1
HH_22941,14,4,0
HH_22942,8,4,3
HH_22943,12,6,2
HH_22944,8,4,3
HH_22945,7,7,1
HH_22946,11,5,1
HH_22947,10,7,1
HH_22948,14,7,0
HH_22949,10,7,0
HH_22950,17,6,0
HH_22951,10,8,0
HH_22952,15,7,0
HH_22953,14,6,1
HH_22954,11,5,1
HH_22955,11,7,1
HH_22956,16,9,1
HH_22957,18,3,1
HH_22958,10,7,2
HH_22959,12,2,1
HH_22960,16,7,0
HH_22961,10,6,2
HH_22962,17,6,0
HH_22963,10,4,2
HH_22964,15,4,1
HH_22965,8,5,3
HH_22966,16,9,0
HH_22967,13,3,0
HH_22968,13,3,1
HH_22969,10,4,0
HH_22970,18,3,0
HH_22971,17,7,0
HH_22972,13,3,1
HH_22973,15,1,0
HH_22974,14,5,0
HH_22975,8,4,0
HH_22976,17,3,1
HH_22977,13,3,0
HH_22978,16,6,1
HH_22979,12,3,0
HH_22980,15,7,0
HH_22981,9,6,1
HH_22982,11,3,1
HH_22983,10,8,1
HH_22984,14,1,0
HH_22985,13,11,0
HH_22986,8,1,0
HH_22987,12,7,2
HH_22988,8,5,0
HH_22989,16,3,1
HH_22990,9,1,3
HH_22991,14,9,1
HH_22992,10,6,0
HH_22993,11,4,0
HH_22994,10,9,1
HH_22995,12,4,1
HH_22996,19,6,0
HH_22997,15,6,0
HH_22998,13,1,0
HH_22999,12,8,0
HH_23000,11,6,1
HH_23001,5,7,1
HH_23002,9,4,2
HH_23003,10,7,1
HH_23004,14,7,1
HH_23005,13,4,1
HH_23006,11,3,0
HH_23007,12,6,2
HH_23008,14,7,2
HH_23009,10,8,0
HH_23010,13,11,2
HH_23011,12,6,0
HH_23012,10,7,0
HH_23013,8,2,1
HH_23014,9,5,1
HH_23015,15,7,2
HH_23016,9,4,0
HH_23017,6,6,0
HH_23018,12,4,1
HH_23019,7,2,0
HH_23020,11,8,3
HH_23021,9,5,0
HH_23022,10,3,2
HH_23023,11,4,1
HH_23024,12,4,1
HH_23025,9,1,0
HH_23026,12,8,2
HH_23027,9,5,2
HH_23028,8,4,3
HH_23029,11,3,0
HH_23030,9,4,1
HH_23031,9,4,1
HH_23032,15,3,3
HH_23033,13,7,0
HH_23034,11,6,4
HH_23035,13,8,3
HH_23036,9,8,0
HH_23037,7,9,1
HH_23038,12,7,3
HH_23039,12,4,1
HH_23040,18,3,0
HH_23041,10,10,0
HH_23042,11,5,3
HH_23043,11,8,1
HH_23044,16,2,2
HH_23045,15,2,1
HH_23046,10,2,0
HH_23047,15,4,0
HH_23048,12,7,0
HH_23049,10,5,1
HH_23050,13,1,0
HH_23051,8,8,1
HH_23052,22,3,3
HH_23053,17,7,3
HH_23054,11,6,0
HH_23055,13,10,1
HH_23056,23,4,0
HH_23057,13,5,0
HH_23058,7,5,1
HH_23059,12,4,1
HH_23060,12,5,0
HH_23061,11,8,2
HH_23062,7,6,0
HH_23063,12,6,1
HH_23064,7,7,1
HH_23065,13,7,0
HH_23066,14,5,0
HH_23067,9,5,2
HH_23068,14,4,0
HH_23069,7,6,2
HH_23070,14,4,1
HH_23071,13,9,0
HH_23072,11,8,0
HH_23073,7,4,1
HH_23074,7,5,0
HH_23075,17,1,0
HH_23076,14,2,1
HH_23077,13,5,1
HH_23078,16,9,1
HH_23079,9,7,1
HH_23080,7,4,1
HH_23081,15,4,0
HH_23082,15,2,0
HH_23083,15,4,0
HH_23084,15,2,0
HH_23085,12,8,0
HH_23086,10,7,0
HH_23087,10,4,0
HH_23088,10,9,1
HH_23089,11,4,1
HH_23090,13,5,3
HH_23091,11,4,0
HH_23092,21,4,1
HH_23093,10,4,2
HH_23094,14,4,0
HH_23095,17,4,1
HH_23096,14,8,1
HH_23097,12,3,2
HH_23098,13,8,0
HH_23099,13,2,1
HH_23100,9,5,2
HH_23101,14,4,1
HH_23102,8,4,0
HH_23103,11,10,2
HH_23104,10,8,2
HH_23105,16,4,2
HH_23106,12,6,0
HH_23107,11,5,1
HH_23108,8,6,1
HH_23109,11,5,0
HH_23110,13,5,2
HH_23111,14,3,0
HH_23112,12,2,1
HH_23113,15,7,2
HH_23114,14,3,1
HH_23115,17,4,1
HH_23116,13,5,0
HH_23117,11,6,4
HH_23118,11,5,1
HH_23119,11,4,2
HH_23120,12,4,1
HH_23121,8,4,1
HH_23122,16,7,1
HH_23123,15,5,1
HH_23124,9,7,0
HH_23125,18,8,0
HH_23126,7,3,3
HH_23127,19,9,1
HH_23128,12,9,0
HH_23129,9,5,0
HH_23130,13,6,0
HH_23131,9,2,1
HH_23132,11,5,2
HH_23133,10,5,0
HH_23134,10,5,0
HH_23135,8,4,3
HH_23136,13,8,0
HH_23137,13,8,1
HH_23138,9,4,0
HH_23139,10,3,0
HH_23140,8,4,2
HH_23141,12,7,1
HH_23142,9,3,1
HH_23143,11,8,0
HH_23144,16,2,0
HH_23145,10,9,1
HH_23146,7,5,0
HH_23147,13,4,0
HH_23148,14,5,0
HH_23149,4,4,1
HH_23150,9,5,1
HH_23151,15,6,0
HH_23152,13,6,2
HH_23153,12,5,1
HH_23154,16,3,0
HH_23155,11,4,3
HH_23156,14,3,0
HH_23157,15,8,0
HH_23158,19,9,2
HH_23159,17,1,2
HH_23160,10,4,0
HH_23161,13,5,3
HH_23162,6,6,1
HH_23163,12,2,0
HH_23164,8,1,0
HH_23165,9,1,1
HH_23166,14,3,1
HH_23167,15,4,1
HH_23168,6,8,0
HH_23169,13,1,1
HH_23170,13,1,1
HH_23171,12,6,1
HH_23172,8,5,1
HH_23173,11,4,0
HH_23174,15,4,0
HH_23175,19,6,4
HH_23176,10,7,0
HH_23177,9,4,1
HH_23178,17,3,2
HH_23179,11,2,1
HH_23180,14,7,0
HH_23181,15,5,1
HH_23182,10,5,0
HH_23183,5,7,1
HH_23184,15,10,1
HH_23185,13,4,3
HH_23186,14,2,0
HH_23187,8,5,2
HH_23188,15,7,0
HH_23189,8,7,2
HH_23190,9,3,0
HH_23191,13,3,2
HH_23192,15,4,3
HH_23193,5,11,0
HH_23194,18,9,1
HH_23195,13,8,0
HH_23196,15,4,1
HH_23197,12,4,0
HH_23198,7,6,1
HH_23199,8,2,1
HH_23200,9,5,1
HH_23201,9,4,1
HH_23202,18,4,0
HH_23203,14,7,0
HH_23204,11,5,1
HH_23205,12,4,1
HH_23206,13,4,4
HH_23207,11,4,1
HH_23208,10,3,1
HH_23209,20,3,0
HH_23210,12,5,2
HH_23211,14,6,2
HH_23212,9,5,0
HH_23213,11,2,0
HH_23214,9,4,0
HH_23215,7,8,3
HH_23216,11,1,0
HH_23217,15,9,1
HH_23218,20,4,1
HH_23219,7,4,1
HH_23220,14,7,2
HH_23221,13,6,4
HH_23222,7,10,1
HH_23223,13,7,0
HH_23224,12,7,1
HH_23225,13,5,0
HH_23226,15,4,2
HH_23227,5,5,2
HH_23228,9,7,0
HH_23229,18,5,1
HH_23230,16,5,1
HH_23231,16,4,3
HH_23232,6,5,2
HH_23233,11,6,1
HH_23234,16,11,0
HH_23235,15,4,1
HH_23236,12,5,1
HH_23237,14,3,4
HH_23238,14,9,0
HH_23239,12,5,2
HH_23240,14,3,2
HH_23241,11,4,4
HH_23242,10,4,0
HH_23243,12,7,0
HH_23244,5,5,3
HH_23245,9,2,0
HH_23246,19,5,0
HH_23247,7,4,1
HH_23248,14,8,0
HH_23249,11,4,1
HH_23250,18,8,1
HH_23251,9,7,0
HH_23252,8,8,2
HH_23253,13,3,0
HH_23254,19,5,0
HH_23255,4,7,0
HH_23256,11,2,1
HH_23257,15,4,2
HH_23258,7,4,1
HH_23259,7,5,4
HH_23260,9,6,0
HH_23261,13,3,2
HH_23262,12,8,1
HH_23263,13,3,1
HH_23264,15,7,0
HH_23265,14,4,0
HH_23266,11,7,1
HH_23267,14,0,0
HH_23268,20,6,0
HH_23269,8,4,0
HH_23270,11,9,0
HH_23271,10,10,0
HH_23272,14,7,3
HH_23273,15,4,1
HH_23274,14,7,1
HH_23275,18,1,1
HH_23276,9,2,0
HH_23277,5,5,1
HH_23278,10,8,1
HH_23279,13,6,4
HH_23280,11,5,2
HH_23281,10,4,0
HH_23282,11,4,1
HH_23283,11,2,1
HH_23284,9,5,1
HH_23285,10,5,0
HH_23286,9,6,0
HH_23287,13,7,2
HH_23288,8,8,2
HH_23289,14,5,0
HH_23290,8,5,2
HH_23291,12,10,2
HH_23292,4,5,2
HH_23293,13,5,1
HH_23294,11,4,1
HH_23295,12,8,0
HH_23296,19,6,0
HH_23297,8,9,1
HH_23298,14,6,0
HH_23299,20,6,2
HH_23300,8,7,0
HH_23301,7,7,3
HH_23302,15,3,4
HH_23303,11,4,1
HH_23304,10,7,1
HH_23305,12,2,0
HH_23306,12,8,2
HH_23307,10,4,2
HH_23308,10,6,2
HH_23309,13,3,0
HH_23310,8,6,2
HH_23311,13,8,1
HH_23312,14,7,0
HH_23313,17,3,2
HH_23314,7,8,1
HH_23315,12,1,0
HH_23316,11,6,0
HH_23317,15,1,2
HH_23318,18,8,0
HH_23319,10,7,0
HH_23320,11,5,0
HH_23321,13,4,3
HH_23322,13,5,0
HH_23323,14,5,0
HH_23324,8,7,1
HH_23325,11,4,0
HH_23326,13,3,1
HH_23327,9,5,1
HH_23328,14,5,1
HH_23329,16,9,1
HH_23330,17,7,2
HH_23331,17,3,0
HH_23332,10,4,0
HH_23333,8,7,0
HH_23334,12,10,0
HH_23335,9,7,0
HH_23336,13,4,1
HH_23337,6,2,0
HH_23338,8,4,0
HH_23339,16,9,1
HH_23340,10,5,1
HH_23341,13,5,3
HH_23342,19,3,1
HH_23343,14,9,1
HH_23344,16,2,0
HH_23345,12,5,2
HH_23346,8,3,1
HH_23347,7,7,0
HH_23348,18,7,1
HH_23349,16,4,1
HH_23350,13,2,0
HH_23351,18,3,2
HH_23352,12,6,2
HH_23353,10,2,1
HH_23354,12,2,0
HH_23355,9,4,2
HH_23356,17,11,0
HH_23357,10,2,0
HH_23358,8,7,1
HH_23359,13,2,2
HH_23360,21,9,1
HH_23361,10,8,2
HH_23362,11,5,0
HH_23363,13,9,1
HH_23364,8,5,2
HH_23365,12,6,0
HH_23366,9,3,0
HH_23367,8,3,1
HH_23368,7,10,0
HH_23369,8,4,1
HH_23370,13,13,1
HH_23371,16,3,2
HH_23372,6,5,1
HH_23373,7,5,1
HH_23374,14,2,0
HH_23375,8,6,1
HH_23376,18,5,3
HH_23377,19,3,4
HH_23378,10,4,0
HH_23379,15,6,1
HH_23380,7,4,1
HH_23381,14,6,1
HH_23382,7,4,1
HH_23383,13,4,0
HH_23384,8,4,2
HH_23385,9,4,0
HH_23386,16,3,0
HH_23387,10,5,0
HH_23388,12,12,0
HH_23389,15,4,2
HH_23390,7,7,0
HH_23391,13,4,1
HH_23392,16,3,0
HH_23393,8,5,0
HH_23394,13,5,2
HH_23395,12,8,1
HH_23396,13,5,1
HH_23397,16,6,1
HH_23398,15,5,1
HH_23399,4,3,0
HH_23400,16,4,0
HH_23401,5,4,0
HH_23402,11,5,3
HH_23403,9,8,0
HH_23404,11,6,1
HH_23405,9,10,0
HH_23406,13,5,1
HH_23407,12,6,1
HH_23408,12,6,1
HH_23409,10,7,2
HH_23410,14,11,1
HH_23411,13,4,1
HH_23412,13,8,2
HH_23413,6,6,0
HH_23414,11,6,1
HH_23415,10,5,1
HH_23416,16,8,1
HH_23417,16,3,1
HH_23418,7,5,0
HH_23419,8,6,1
HH_23420,11,6,3
HH_23421,17,3,0
HH_23422,14,5,1
HH_23423,20,4,1
HH_23424,14,8,3
HH_23425,11,5,0
HH_23426,7,3,2
HH_23427,10,4,1
HH_23428,14,4,3
HH_23429,11,7,1
HH_23430,8,7,2
HH_23431,18,4,0
HH_23432,11,6,0
HH_23433,5,6,0
HH_23434,13,5,0
HH_23435,19,9,0
HH_23436,9,3,1
HH_23437,12,3,0
HH_23438,6,5,2
HH_23439,12,5,2
HH_23440,14,6,3
HH_23441,14,6,0
HH_23442,6,5,3
HH_23443,16,4,1
HH_23444,12,7,1
HH_23445,15,4,1
HH_23446,11,3,2
HH_23447,17,7,1
HH_23448,12,5,1
HH_23449,17,4,0
HH_23450,9,3,1
HH_23451,9,7,0
HH_23452,10,3,2
HH_23453,7,4,1
HH_23454,22,8,1
HH_23455,10,4,1
HH_23456,19,9,1
HH_23457,11,4,1
HH_23458,11,3,1
HH_23459,11,5,1
HH_23460,14,4,1
HH_23461,15,4,0
HH_23462,14,3,0
HH_23463,8,5,1
HH_23464,10,3,1
HH_23465,15,4,0
HH_23466,14,11,2
HH_23467,10,4,1
HH_23468,8,6,0
HH_23469,11,4,1
HH_23470,16,3,0
HH_23471,15,8,2
HH_23472,16,3,4
HH_23473,10,5,2
HH_23474,11,6,2
HH_23475,11,3,1
HH_23476,16,1,2
HH_23477,12,4,2
HH_23478,11,3,1
HH_23479,12,1,1
HH_23480,11,7,0
HH_23481,9,3,1
HH_23482,16,3,0
HH_23483,15,4,0
HH_23484,12,6,1
HH_23485,12,8,1
HH_23486,4,7,2
HH_23487,12,2,1
HH_23488,14,4,1
HH_23489,15,3,2
HH_23490,11,10,1
HH_23491,12,11,1
HH_23492,14,8,0
HH_23493,13,1,0
HH_23494,9,6,0
HH_23495,13,3,0
HH_23496,7,7,3
HH_23497,10,3,1
HH_23498,10,2,1
HH_23499,13,6,2
HH_23500,6,7,0
HH_23501,17,1,0
HH_23502,18,5,4
HH_23503,14,4,2
HH_23504,11,2,2
HH_23505,15,8,0
HH_23506,11,4,0
HH_23507,13,5,2
HH_23508,14,6,2
HH_23509,10,5,1
HH_23510,10,6,0
HH_23511,7,6,1
HH_23512,12,5,2
HH_23513,10,5,4
HH_23514,10,2,1
HH_23515,16,7,0
HH_23516,13,1,0
HH_23517,22,5,1
HH_23518,7,4,1
HH_23519,21,6,2
HH_23520,8,5,1
HH_23521,11,2,2
HH_23522,9,3,1
HH_23523,7,4,0
HH_23524,10,2,1
HH_23525,14,2,1
HH_23526,8,7,0
HH_23527,8,9,0
HH_23528,9,4,0
HH_23529,12,3,0
HH_23530,8,7,2
HH_23531,13,5,2
HH_23532,13,5,1
HH_23533,11,4,1
HH_23534,11,10,2
HH_23535,14,3,2
HH_23536,8,5,1
HH_23537,13,4,1
HH_23538,11,6,0
HH_23539,11,5,1
HH_23540,10,6,2
HH_23541,11,5,1
HH_23542,14,1,1
HH_23543,8,7,1
HH_23544,7,4,0
HH_23545,10,6,1
HH_23546,16,7,2
HH_23547,8,4,1
HH_23548,11,9,0
HH_23549,13,6,1
HH_23550,14,4,0
HH_23551,10,6,1
HH_23552,16,7,2
HH_23553,15,11,0
HH_23554,10,4,0
HH_23555,11,2,0
HH_23556,19,4,1
HH_23557,17,5,1
HH_23558,11,6,0
HH_23559,8,5,1
HH_23560,14,3,1
HH_23561,14,4,0
HH_23562,18,4,0
HH_23563,7,4,0
HH_23564,12,2,1
HH_23565,17,9,1
HH_23566,11,3,1
HH_23567,12,4,2
HH_23568,7,4,1
HH_23569,15,3,1
HH_23570,12,7,0
HH_23571,11,5,0
HH_23572,14,7,0
HH_23573,13,9,0
HH_23574,10,7,3
HH_23575,7,3,0
HH_23576,11,4,2
HH_23577,20,2,1
HH_23578,11,5,0
HH_23579,7,6,1
HH_23580,8,3,1
HH_23581,20,4,1
HH_23582,11,6,0
HH_23583,8,2,1
HH_23584,12,3,1
HH_23585,13,5,3
HH_23586,15,8,1
HH_23587,9,2,1
HH_23588,13,6,0
HH_23589,5,4,2
HH_23590,9,4,1
HH_23591,21,6,0
HH_23592,18,9,2
HH_23593,14,6,1
HH_23594,10,3,1
HH_23595,18,9,1
HH_23596,15,8,1
HH_23597,3,7,1
HH_23598,11,5,1
HH_23599,13,6,3
HH_23600,13,5,1
HH_23601,12,8,0
HH_23602,15,11,2
HH_23603,6,5,2
HH_23604,15,4,3
HH_23605,16,6,1
HH_23606,17,4,0
HH_23607,10,8,0
HH_23608,14,7,2
HH_23609,14,5,1
HH_23610,9,5,2
HH_23611,17,1,2
HH_23612,13,9,3
HH_23613,16,3,0
HH_23614,10,7,0
HH_23615,21,8,0
HH_23616,18,6,2
HH_23617,24,5,1
HH_23618,7,5,1
HH_23619,2,12,1
HH_23620,7,3,2
HH_23621,14,10,2
HH_23622,13,3,2
HH_23623,15,2,1
HH_23624,18,6,1
HH_23625,16,6,1
HH_23626,9,3,0
HH_23627,19,5,1
HH_23628,8,5,0
HH_23629,9,2,1
HH_23630,9,6,1
HH_23631,12,5,0
HH_23632,19,12,1
HH_23633,12,5,1
HH_23634,10,9,1
HH_23635,11,3,2
HH_23636,14,3,1
HH_23637,6,4,2
HH_23638,11,15,2
HH_23639,10,5,0
HH_23640,9,3,0
HH_23641,13,6,2
HH_23642,11,3,1
HH_23643,11,4,1
HH_23644,10,4,2
HH_23645,15,6,2
HH_23646,16,5,1
HH_23647,11,6,1
HH_23648,10,2,1
HH_23649,12,5,0
HH_23650,12,10,0
HH_23651,12,4,1
HH_23652,9,6,1
HH_23653,16,1,2
HH_23654,15,6,0
HH_23655,16,11,0
HH_23656,9,4,0
HH_23657,12,3,0
HH_23658,14,6,0
HH_23659,11,6,2
HH_23660,16,4,3
HH_23661,3,3,0
HH_23662,20,3,0
HH_23663,13,2,1
HH_23664,12,1,2
HH_23665,12,5,0
HH_23666,14,5,0
HH_23667,13,3,4
HH_23668,11,2,1
HH_23669,9,7,1
HH_23670,9,3,1
HH_23671,8,7,1
HH_23672,12,1,0
HH_23673,17,1,1
HH_23674,11,6,2
HH_23675,10,10,1
HH_23676,21,6,0
HH_23677,9,3,0
HH_23678,14,8,0
HH_23679,20,7,0
HH_23680,11,5,0
HH_23681,11,5,0
HH_23682,6,7,3
HH_23683,13,8,2
HH_23684,6,6,0
HH_23685,11,4,0
HH_23686,14,4,0
HH_23687,10,2,1
HH_23688,7,4,1
HH_23689,15,1,0
HH_23690,12,10,0
HH_23691,14,8,2
HH_23692,14,7,0
HH_23693,13,4,1
HH_23694,17,5,1
HH_23695,17,8,0
HH_23696,9,9,0
HH_23697,14,7,2
HH_23698,11,4,0
HH_23699,5,0,2
HH_23700,13,3,0
HH_23701,13,9,0
HH_23702,15,6,1
HH_23703,18,9,0
HH_23704,15,4,1
HH_23705,13,5,0
HH_23706,10,3,1
HH_23707,11,6,3
HH_23708,10,4,1
HH_23709,11,4,0
HH_23710,8,5,0
HH_23711,17,1,2
HH_23712,14,3,3
HH_23713,16,6,1
HH_23714,14,4,2
HH_23715,8,6,3
HH_23716,10,1,1
HH_23717,4,5,1
HH_23718,11,3,1
HH_23719,8,5,0
HH_23720,9,2,1
HH_23721,5,4,1
HH_23722,14,6,2
HH_23723,18,3,1
HH_23724,12,0,1
HH_23725,12,4,1
HH_23726,11,6,0
HH_23727,14,5,1
HH_23728,15,4,1
HH_23729,10,7,0
HH_23730,9,7,0
HH_23731,9,5,1
HH_23732,13,3,1
HH_23733,17,10,1
HH_23734,13,3,1
HH_23735,12,4,1
HH_23736,5,6,2
HH_23737,11,5,1
HH_23738,12,1,1
HH_23739,8,2,3
HH_23740,16,6,3
HH_23741,10,6,0
HH_23742,13,6,1
HH_23743,18,4,0
HH_23744,5,5,0
HH_23745,17,6,1
HH_23746,12,3,2
HH_23747,11,10,1
HH_23748,14,2,0
HH_23749,10,7,0
HH_23750,13,5,1
HH_23751,14,3,0
HH_23752,14,3,1
HH_23753,8,5,1
HH_23754,9,3,1
HH_23755,10,4,0
HH_23756,14,4,1
HH_23757,8,2,1
HH_23758,10,3,1
HH_23759,17,2,0
HH_23760,11,5,1
HH_23761,12,7,2
HH_23762,14,2,0
HH_23763,14,3,0
HH_23764,12,2,1
HH_23765,12,4,1
HH_23766,5,4,0
HH_23767,16,6,0
HH_23768,12,9,0
HH_23769,12,6,1
HH_23770,13,5,0
HH_23771,13,3,1
HH_23772,14,8,1
HH_23773,11,7,1
HH_23774,7,4,0
HH_23775,13,4,2
HH_23776,11,5,2
HH_23777,12,8,2
HH_23778,7,7,0
HH_23779,8,6,1
HH_23780,9,3,0
HH_23781,11,6,0
HH_23782,8,7,1
HH_23783,13,8,2
HH_23784,13,6,1
HH_23785,18,7,1
HH_23786,13,5,2
HH_23787,17,5,0
HH_23788,10,8,1
HH_23789,18,8,1
HH_23790,15,2,1
HH_23791,7,4,1
HH_23792,11,6,1
HH_23793,9,3,2
HH_23794,13,6,2
HH_23795,8,5,1
HH_23796,11,4,1
HH_23797,14,6,0
HH_23798,13,5,1
HH_23799,8,4,0
HH_23800,13,6,0
HH_23801,12,0,3
HH_23802,10,3,2
HH_23803,9,7,0
HH_23804,12,6,0
HH_23805,15,5,0
HH_23806,7,2,0
HH_23807,6,5,1
HH_23808,13,5,0
HH_23809,19,6,0
HH_23810,14,5,1
HH_23811,8,7,1
HH_23812,7,4,3
HH_23813,17,8,4
HH_23814,8,7,2
HH_23815,12,8,3
HH_23816,15,2,1
HH_23817,16,4,0
HH_23818,12,5,0
HH_23819,11,2,0
HH_23820,12,4,2
HH_23821,10,1,0
HH_23822,13,4,0
HH_23823,14,5,1
HH_23824,14,3,1
HH_23825,12,4,0
HH_23826,12,4,0
HH_23827,12,6,0
HH_23828,14,8,1
HH_23829,9,9,2
HH_23830,12,5,0
HH_23831,7,6,2
HH_23832,11,5,1
HH_23833,14,3,2
HH_23834,23,4,2
HH_23835,10,4,0
HH_23836,8,0,3
HH_23837,17,8,1
HH_23838,9,3,2
HH_23839,14,7,1
HH_23840,15,8,1
HH_23841,16,4,0
HH_23842,13,8,0
HH_23843,13,7,2
HH_23844,12,4,3
HH_23845,10,1,0
HH_23846,9,5,2
HH_23847,12,6,1
HH_23848,12,2,0
HH_23849,14,6,1
HH_23850,19,6,1
HH_23851,12,0,2
HH_23852,18,1,1
HH_23853,9,8,2
HH_23854,7,7,0
HH_23855,14,3,1
HH_23856,10,9,0
HH_23857,17,4,2
HH_23858,13,5,0
HH_23859,10,4,1
HH_23860,10,4,0
HH_23861,18,4,2
HH_23862,12,5,2
HH_23863,11,2,4
HH_23864,5,8,1
HH_23865,9,6,0
HH_23866,10,11,2
HH_23867,17,5,0
HH_23868,7,5,1
HH_23869,16,3,1
HH_23870,20,7,0
HH_23871,6,3,0
HH_23872,9,5,3
HH_23873,11,2,0
HH_23874,14,8,1
HH_23875,16,1,0
HH_23876,14,4,0
HH_23877,16,6,2
HH_23878,13,7,1
HH_23879,8,1,0
HH_23880,15,3,1
HH_23881,14,8,1
HH_23882,7,5,1
HH_23883,13,4,2
HH_23884,16,7,0
HH_23885,6,3,1
HH_23886,10,4,0
HH_23887,8,4,2
HH_23888,10,3,2
HH_23889,12,3,0
HH_23890,14,4,2
HH_23891,12,5,0
HH_23892,8,3,3
HH_23893,18,3,1
HH_23894,10,4,3
HH_23895,7,1,0
HH_23896,10,5,1
HH_23897,16,3,0
HH_23898,14,6,3
HH_23899,6,6,2
HH_23900,13,3,1
HH_23901,7,7,1
HH_23902,12,2,0
HH_23903,12,5,2
HH_23904,12,9,1
HH_23905,11,6,0
HH_23906,15,6,1
HH_23907,17,5,1
HH_23908,15,1,1
HH_23909,13,4,2
HH_23910,14,6,1
HH_23911,12,4,1
HH_23912,9,2,0
HH_23913,11,6,1
HH_23914,7,4,1
HH_23915,20,3,0
HH_23916,15,5,2
HH_23917,13,9,0
HH_23918,12,5,0
HH_23919,8,1,1
HH_23920,18,6,2
HH_23921,8,4,1
HH_23922,12,8,3
HH_23923,15,5,3
HH_23924,15,2,2
HH_23925,5,5,1
HH_23926,11,9,1
HH_23927,7,5,0
HH_23928,13,5,0
HH_23929,20,3,0
HH_23930,12,7,1
HH_23931,13,6,3
HH_23932,11,4,1
HH_23933,20,8,1
HH_23934,12,7,0
HH_23935,14,3,0
HH_23936,16,6,1
HH_23937,11,5,0
HH_23938,14,9,1
HH_23939,12,9,0
HH_23940,16,7,2
HH_23941,12,5,1
HH_23942,8,1,1
HH_23943,14,6,0
HH_23944,7,5,2
HH_23945,8,7,0
HH_23946,9,7,0
HH_23947,16,4,0
HH_23948,8,7,0
HH_23949,16,10,0
HH_23950,7,7,0
HH_23951,18,6,0
HH_23952,19,4,0
HH_23953,7,3,0
HH_23954,18,5,1
HH_23955,7,4,2
HH_23956,16,4,0
HH_23957,7,7,1
HH_23958,7,6,2
HH_23959,17,5,0
HH_23960,9,5,1
HH_23961,16,3,1
HH_23962,14,6,0
HH_23963,8,1,0
HH_23964,7,6,0
HH_23965,7,2,1
HH_23966,17,2,0
HH_23967,11,4,0
HH_23968,9,3,1
HH_23969,13,5,1
HH_23970,14,7,2
HH_23971,11,8,0
HH_23972,5,2,0
HH_23973,14,7,1
HH_23974,14,10,1
HH_23975,17,3,0
HH_23976,8,7,0
HH_23977,11,8,1
HH_23978,13,3,0
HH_23979,8,5,2
HH_23980,14,5,0
HH_23981,15,8,2
HH_23982,13,2,0
HH_23983,10,5,2
HH_23984,11,2,0
HH_23985,10,6,1
HH_23986,20,3,1
HH_23987,11,2,0
HH_23988,14,6,1
HH_23989,14,10,1
HH_23990,10,4,1
HH_23991,17,5,2
HH_23992,18,2,0
HH_23993,17,4,0
HH_23994,14,8,1
HH_23995,10,5,0
HH_23996,17,4,1
HH_23997,9,6,1
HH_23998,8,5,1
HH_23999,11,5,1
HH_24000,12,6,2
HH_24001,16,3,1
HH_24002,16,5,2
HH_24003,10,2,0
HH_24004,10,1,0
HH_24005,19,4,1
HH_24006,11,2,0
HH_24007,9,8,2
HH_24008,9,5,1
HH_24009,15,7,3
HH_24010,9,3,1
HH_24011,8,5,1
HH_24012,11,3,4
HH_24013,13,5,0
HH_24014,14,5,0
HH_24015,8,6,1
HH_24016,9,2,0
HH_24017,5,4,2
HH_24018,10,7,0
HH_24019,9,5,1
HH_24020,10,6,1
HH_24021,15,5,0
HH_24022,16,4,0
HH_24023,6,8,0
HH_24024,11,7,3
HH_24025,15,4,1
HH_24026,14,3,1
HH_24027,8,4,0
HH_24028,13,6,0
HH_24029,8,9,1
HH_24030,19,3,2
HH_24031,12,5,2
HH_24032,11,5,0
HH_24033,10,8,0
HH_24034,13,5,3
HH_24035,11,4,1
HH_24036,13,4,1
HH_24037,10,9,4
HH_24038,7,4,0
HH_24039,12,4,0
HH_24040,9,1,0
HH_24041,12,3,2
HH_24042,18,6,1
HH_24043,8,2,0
HH_24044,10,4,0
HH_24045,12,3,2
HH_24046,14,6,3
HH_24047,15,3,0
HH_24048,15,7,0
HH_24049,13,3,1
HH_24050,7,3,0
HH_24051,9,4,0
HH_24052,12,6,1
HH_24053,14,7,1
HH_24054,13,1,3
HH_24055,5,5,2
HH_24056,16,3,0
HH_24057,8,9,2
HH_24058,14,5,2
HH_24059,13,8,1
HH_24060,14,11,0
HH_24061,14,4,1
HH_24062,10,7,0
HH_24063,9,5,2
HH_24064,15,6,0
HH_24065,12,6,2
HH_24066,15,6,0
HH_24067,14,8,3
HH_24068,14,3,0
HH_24069,13,2,0
HH_24070,11,8,0
HH_24071,6,2,0
HH_24072,5,5,1
HH_24073,11,4,1
HH_24074,14,11,0
HH_24075,12,4,3
HH_24076,8,3,2
HH_24077,12,3,0
HH_24078,7,7,0
HH_24079,21,5,1
HH_24080,9,5,0
HH_24081,17,4,0
HH_24082,18,4,1
HH_24083,15,7,0
HH_24084,19,4,1
HH_24085,12,4,0
HH_24086,11,6,0
HH_24087,14,9,1
HH_24088,9,6,0
HH_24089,12,2,0
HH_24090,11,4,2
HH_24091,17,6,0
HH_24092,9,7,1
HH_24093,13,6,1
HH_24094,8,3,1
HH_24095,13,3,1
HH_24096,12,4,0
HH_24097,12,3,2
HH_24098,16,9,3
HH_24099,8,5,1
HH_24100,12,2,0
HH_24101,15,6,0
HH_24102,9,2,1
HH_24103,8,3,0
HH_24104,5,9,0
HH_24105,9,3,0
HH_24106,19,4,3
HH_24107,7,4,1
HH_24108,11,2,1
HH_24109,15,7,1
HH_24110,11,3,0
HH_24111,9,1,0
HH_24112,13,3,2
HH_24113,17,5,0
HH_24114,14,2,1
HH_24115,9,4,1
HH_24116,10,4,0
HH_24117,12,4,0
HH_24118,14,8,1
HH_24119,19,4,0
HH_24120,13,5,1
HH_24121,12,12,1
HH_24122,16,1,1
HH_24123,7,3,1
HH_24124,10,6,1
HH_24125,12,9,1
HH_24126,13,5,0
HH_24127,6,9,0
HH_24128,15,4,0
HH_24129,5,7,0
HH_24130,11,4,2
HH_24131,4,5,1
HH_24132,12,7,1
HH_24133,14,3,1
HH_24134,9,1,0
HH_24135,10,3,1
HH_24136,17,7,0
HH_24137,7,6,1
HH_24138,6,7,1
HH_24139,13,5,1
HH_24140,12,11,0
HH_24141,9,6,4
HH_24142,21,5,2
HH_24143,10,5,1
HH_24144,14,6,1
HH_24145,16,7,1
HH_24146,10,7,1
HH_24147,10,3,1
HH_24148,12,5,3
HH_24149,6,3,1
HH_24150,8,7,0
HH_24151,13,7,0
HH_24152,6,7,0
HH_24153,11,8,0
HH_24154,13,4,2
HH_24155,9,5,2
HH_24156,12,6,1
HH_24157,18,4,0
HH_24158,9,4,2
HH_24159,7,4,0
HH_24160,6,4,0
HH_24161,14,2,0
HH_24162,12,0,2
HH_24163,17,3,1
HH_24164,10,8,5
HH_24165,12,1,0
HH_24166,11,6,1
HH_24167,9,6,3
HH_24168,14,5,1
HH_24169,8,2,1
HH_24170,7,1,0
HH_24171,13,7,0
HH_24172,17,6,1
HH_24173,17,5,2
HH_24174,8,4,4
HH_24175,16,4,0
HH_24176,18,4,1
HH_24177,21,11,1
HH_24178,11,3,2
HH_24179,9,6,2
HH_24180,13,4,0
HH_24181,9,5,2
HH_24182,8,4,0
HH_24183,7,1,1
HH_24184,9,5,2
HH_24185,11,4,0
HH_24186,13,4,0
HH_24187,12,4,0
HH_24188,17,2,1
HH_24189,12,4,2
HH_24190,12,5,1
HH_24191,9,8,1
HH_24192,12,3,2
HH_24193,9,6,5
HH_24194,17,6,3
HH_24195,10,7,2
HH_24196,18,3,1
HH_24197,13,5,2
HH_24198,13,3,0
HH_24199,12,5,0
HH_24200,13,8,1
HH_24201,13,4,0
HH_24202,8,0,1
HH_24203,16,6,0
HH_24204,13,3,0
HH_24205,7,7,4
HH_24206,18,10,1
HH_24207,14,3,3
HH_24208,11,3,0
HH_24209,9,2,0
HH_24210,13,5,2
HH_24211,10,9,2
HH_24212,12,4,0
HH_24213,12,8,1
HH_24214,10,10,1
HH_24215,11,4,0
HH_24216,6,4,1
HH_24217,12,6,0
HH_24218,24,3,2
HH_24219,9,4,0
HH_24220,11,5,0
HH_24221,5,6,0
HH_24222,11,7,2
HH_24223,10,4,0
HH_24224,16,5,0
HH_24225,13,4,0
HH_24226,12,4,0
HH_24227,9,6,2
HH_24228,13,5,1
HH_24229,18,3,2
HH_24230,14,5,0
HH_24231,14,3,2
HH_24232,12,4,1
HH_24233,15,3,0
HH_24234,4,7,2
HH_24235,9,2,2
HH_24236,17,3,1
HH_24237,15,5,0
HH_24238,8,11,1
HH_24239,5,8,0
HH_24240,10,5,1
HH_24241,4,5,1
HH_24242,12,4,0
HH_24243,6,8,2
HH_24244,6,9,2
HH_24245,8,5,2
HH_24246,11,3,1
HH_24247,20,6,0
HH_24248,15,4,3
HH_24249,13,7,1
HH_24250,18,5,0
HH_24251,12,4,1
HH_24252,12,3,3
HH_24253,13,4,0
HH_24254,8,7,0
HH_24255,9,6,1
HH_24256,8,4,0
HH_24257,14,3,1
HH_24258,10,7,0
HH_24259,11,4,1
HH_24260,12,5,1
HH_24261,8,5,0
HH_24262,10,10,2
HH_24263,13,4,1
HH_24264,8,4,2
HH_24265,12,3,1
HH_24266,9,4,1
HH_24267,12,3,2
HH_24268,6,8,0
HH_24269,7,6,2
HH_24270,16,7,0
HH_24271,13,3,4
HH_24272,13,6,2
HH_24273,14,4,2
HH_24274,12,4,1
HH_24275,10,7,0
HH_24276,6,5,1
HH_24277,12,4,0
HH_24278,17,7,0
HH_24279,14,4,3
HH_24280,11,7,0
HH_24281,16,6,1
HH_24282,9,9,2
HH_24283,14,6,0
HH_24284,8,4,2
HH_24285,16,3,0
HH_24286,6,7,0
HH_24287,14,4,1
HH_24288,10,3,3
HH_24289,16,6,1
HH_24290,16,4,1
HH_24291,18,2,1
HH_24292,10,12,1
HH_24293,11,4,1
HH_24294,9,5,1
HH_24295,10,6,4
HH_24296,14,5,1
HH_24297,8,2,4
HH_24298,10,2,1
HH_24299,7,7,1
HH_24300,16,12,0
HH_24301,16,5,1
HH_24302,13,5,1
HH_24303,12,7,2
HH_24304,14,7,1
HH_24305,10,1,1
HH_24306,6,8,0
HH_24307,20,2,1
HH_24308,15,3,2
HH_24309,9,5,0
HH_24310,7,5,4
HH_24311,14,3,0
HH_24312,16,6,0
HH_24313,11,5,4
HH_24314,10,5,1
HH_24315,14,4,0
HH_24316,10,4,1
HH_24317,14,3,2
HH_24318,9,7,0
HH_24319,13,3,2
HH_24320,10,5,0
HH_24321,13,5,1
HH_24322,12,7,1
HH_24323,10,5,0
HH_24324,5,5,1
HH_24325,8,5,2
HH_24326,10,2,0
HH_24327,8,8,0
HH_24328,12,1,1
HH_24329,7,9,1
HH_24330,19,8,2
HH_24331,13,4,1
HH_24332,17,9,0
HH_24333,11,11,1
HH_24334,7,3,2
HH_24335,11,3,2
HH_24336,12,3,1
HH_24337,14,4,1
HH_24338,11,3,0
HH_24339,10,7,2
HH_24340,8,5,2
HH_24341,10,7,1
HH_24342,10,9,3
HH_24343,17,8,2
HH_24344,17,5,0
HH_24345,11,4,2
HH_24346,9,5,0
HH_24347,10,8,1
HH_24348,11,4,2
HH_24349,15,6,0
HH_24350,13,9,4
HH_24351,15,6,0
HH_24352,14,8,2
HH_24353,6,5,2
HH_24354,11,7,2
HH_24355,18,4,1
HH_24356,9,3,2
HH_24357,12,4,1
HH_24358,15,3,2
HH_24359,12,7,0
HH_24360,13,5,1
HH_24361,20,10,2
HH_24362,9,6,1
HH_24363,7,5,2
HH_24364,13,7,2
HH_24365,11,2,1
HH_24366,15,10,1
HH_24367,8,6,1
HH_24368,5,13,2
HH_24369,16,5,0
HH_24370,18,5,0
HH_24371,12,4,0
HH_24372,10,5,1
HH_24373,14,8,0
HH_24374,12,7,1
HH_24375,18,5,0
HH_24376,12,1,0
HH_24377,7,6,1
HH_24378,14,1,0
HH_24379,12,7,2
HH_24380,8,3,1
HH_24381,10,5,1
HH_24382,17,4,0
HH_24383,15,3,1
HH_24384,15,6,5
HH_24385,17,5,0
HH_24386,14,9,1
HH_24387,12,8,2
HH_24388,11,5,2
HH_24389,12,4,0
HH_24390,12,6,0
HH_24391,15,7,1
HH_24392,12,6,1
HH_24393,9,4,1
HH_24394,18,7,1
HH_24395,11,9,0
HH_24396,11,4,0
HH_24397,11,4,1
HH_24398,12,3,0
HH_24399,12,6,2
HH_24400,7,5,0
HH_24401,16,6,2
HH_24402,7,7,1
HH_24403,14,1,0
HH_24404,12,5,0
HH_24405,10,7,0
HH_24406,11,5,1
HH_24407,11,3,0
HH_24408,12,4,1
HH_24409,7,5,2
HH_24410,8,10,0
HH_24411,9,1,0
HH_24412,7,10,0
HH_24413,10,8,0
HH_24414,13,4,2
HH_24415,24,2,0
HH_24416,10,4,1
HH_24417,16,5,1
HH_24418,11,4,2
HH_24419,11,8,0
HH_24420,17,4,2
HH_24421,14,10,1
HH_24422,11,6,0
HH_24423,15,4,2
HH_24424,20,3,1
HH_24425,17,4,0
HH_24426,12,2,1
HH_24427,13,4,1
HH_24428,11,8,1
HH_24429,12,8,2
HH_24430,12,3,0
HH_24431,10,3,0
HH_24432,13,3,0
HH_24433,11,2,4
HH_24434,16,1,0
HH_24435,13,6,1
HH_24436,7,8,1
HH_24437,8,7,0
HH_24438,12,7,0
HH_24439,10,7,1
HH_24440,13,5,0
HH_24441,15,5,1
HH_24442,10,5,0
HH_24443,10,4,0
HH_24444,10,2,1
HH_24445,12,3,1
HH_24446,19,4,1
HH_24447,13,3,1
HH_24448,8,6,1
HH_24449,14,6,1
HH_24450,10,10,0
HH_24451,8,11,0
HH_24452,18,4,1
HH_24453,9,9,3
HH_24454,12,3,2
HH_24455,6,7,1
HH_24456,9,6,2
HH_24457,11,5,0
HH_24458,14,2,0
HH_24459,13,5,1
HH_24460,4,9,1
HH_24461,15,4,1
HH_24462,9,5,1
HH_24463,11,6,0
HH_24464,6,5,1
HH_24465,15,4,1
HH_24466,8,3,3
HH_24467,10,4,3
HH_24468,17,4,0
HH_24469,6,6,1
HH_24470,14,10,0
HH_24471,14,5,1
HH_24472,15,3,1
HH_24473,11,4,1
HH_24474,9,3,1
HH_24475,6,4,0
HH_24476,14,10,0
HH_24477,15,6,0
HH_24478,11,4,0
HH_24479,10,4,1
HH_24480,11,3,1
HH_24481,15,4,0
HH_24482,11,5,0
HH_24483,6,6,3
HH_24484,11,4,1
HH_24485,10,4,0
HH_24486,6,5,0
HH_24487,15,4,1
HH_24488,8,4,1
HH_24489,12,4,2
HH_24490,14,3,0
HH_24491,11,9,1
HH_24492,17,4,3
HH_24493,17,9,2
HH_24494,10,5,0
HH_24495,13,10,1
HH_24496,7,4,1
HH_24497,11,4,0
HH_24498,11,6,1
HH_24499,13,3,0
HH_24500,12,3,1
HH_24501,13,2,1
HH_24502,12,7,0
HH_24503,16,5,0
HH_24504,15,6,1
HH_24505,10,2,2
HH_24506,17,6,2
HH_24507,12,3,0
HH_24508,17,6,1
HH_24509,15,4,0
HH_24510,18,5,0
HH_24511,8,8,1
HH_24512,11,5,1
HH_24513,8,6,1
HH_24514,12,3,1
HH_24515,15,3,0
HH_24516,9,8,2
HH_24517,12,3,0
HH_24518,15,7,0
HH_24519,10,6,1
HH_24520,15,4,0
HH_24521,12,5,3
HH_24522,15,4,0
HH_24523,15,6,1
HH_24524,10,6,0
HH_24525,15,4,1
HH_24526,14,4,0
HH_24527,14,5,1
HH_24528,9,5,2
HH_24529,7,3,2
HH_24530,15,2,1
HH_24531,7,6,0
HH_24532,16,3,0
HH_24533,17,3,4
HH_24534,10,3,2
HH_24535,14,8,1
HH_24536,11,4,1
HH_24537,12,8,0
HH_24538,13,5,0
HH_24539,16,4,3
HH_24540,11,6,0
HH_24541,14,3,2
HH_24542,14,12,0
HH_24543,11,5,0
HH_24544,16,8,1
HH_24545,13,7,2
HH_24546,14,6,0
HH_24547,17,5,1
HH_24548,15,8,1
HH_24549,11,8,2
HH_24550,7,3,1
HH_24551,17,8,2
HH_24552,11,3,1
HH_24553,13,7,0
HH_24554,9,7,1
HH_24555,15,4,0
HH_24556,12,4,0
HH_24557,8,6,1
HH_24558,10,6,3
HH_24559,10,5,2
HH_24560,15,6,0
HH_24561,16,4,0
HH_24562,8,5,2
HH_24563,18,4,0
HH_24564,10,7,0
HH_24565,15,9,2
HH_24566,17,3,3
HH_24567,13,5,1
HH_24568,10,8,0
HH_24569,2,8,1
HH_24570,8,3,1
HH_24571,15,3,1
HH_24572,15,5,0
HH_24573,13,6,1
HH_24574,12,10,2
HH_24575,18,2,0
HH_24576,18,4,0
HH_24577,9,6,1
HH_24578,16,6,3
HH_24579,9,6,2
HH_24580,12,3,0
HH_24581,10,4,0
HH_24582,12,4,0
HH_24583,12,4,1
HH_24584,9,2,1
HH_24585,9,3,0
HH_24586,15,4,2
HH_24587,11,4,0
HH_24588,19,5,0
HH_24589,9,4,1
HH_24590,8,6,1
HH_24591,16,5,2
HH_24592,10,10,3
HH_24593,8,4,1
HH_24594,8,4,0
HH_24595,11,4,0
HH_24596,10,8,0
HH_24597,12,3,1
HH_24598,11,8,2
HH_24599,11,3,1
HH_24600,16,4,3
HH_24601,15,8,2
HH_24602,13,3,2
HH_24603,14,7,3
HH_24604,12,6,1
HH_24605,11,4,2
HH_24606,8,4,0
HH_24607,16,3,1
HH_24608,9,4,1
HH_24609,13,6,5
HH_24610,9,6,1
HH_24611,14,4,0
HH_24612,13,4,0
HH_24613,17,6,1
HH_24614,14,5,3
HH_24615,13,4,0
HH_24616,9,4,1
HH_24617,14,4,1
HH_24618,6,2,1
HH_24619,10,2,1
HH_24620,13,7,2
HH_24621,5,6,0
HH_24622,8,4,1
HH_24623,18,5,0
HH_24624,16,3,2
HH_24625,13,1,1
HH_24626,8,7,2
HH_24627,10,4,0
HH_24628,15,3,1
HH_24629,13,5,2
HH_24630,18,5,3
HH_24631,8,6,3
HH_24632,15,4,1
HH_24633,8,9,0
HH_24634,11,5,1
HH_24635,15,10,1
HH_24636,11,6,2
HH_24637,18,6,2
HH_24638,9,6,0
HH_24639,12,5,1
HH_24640,11,7,1
HH_24641,5,3,1
HH_24642,16,4,2
HH_24643,12,4,0
HH_24644,7,4,0
HH_24645,15,8,0
HH_24646,10,5,0
HH_24647,10,7,1
HH_24648,15,13,1
HH_24649,16,7,1
HH_24650,16,5,1
HH_24651,11,5,0
HH_24652,14,6,0
HH_24653,6,6,1
HH_24654,23,5,2
HH_24655,14,2,0
HH_24656,22,3,2
HH_24657,10,6,2
HH_24658,11,4,3
HH_24659,10,1,0
HH_24660,7,4,2
HH_24661,7,5,0
HH_24662,15,4,0
HH_24663,11,2,0
HH_24664,14,4,3
HH_24665,12,2,1
HH_24666,15,5,0
HH_24667,7,5,0
HH_24668,16,5,0
HH_24669,7,3,0
HH_24670,10,3,0
HH_24671,12,4,0
HH_24672,12,5,0
HH_24673,12,5,0
HH_24674,12,3,1
HH_24675,6,5,0
HH_24676,20,6,0
HH_24677,21,3,0
HH_24678,5,8,0
HH_24679,17,3,4
HH_24680,8,3,0
HH_24681,21,3,0
HH_24682,10,6,0
HH_24683,14,4,0
HH_24684,12,8,0
HH_24685,13,2,1
HH_24686,13,5,0
HH_24687,9,4,0
HH_24688,15,4,0
HH_24689,11,5,2
HH_24690,10,7,2
HH_24691,9,5,1
HH_24692,11,3,0
HH_24693,15,3,0
HH_24694,21,7,1
HH_24695,9,8,1
HH_24696,10,4,1
HH_24697,10,3,2
HH_24698,6,7,1
HH_24699,11,6,2
HH_24700,11,3,1
HH_24701,15,5,2
HH_24702,10,6,2
HH_24703,4,6,0
HH_24704,9,7,0
HH_24705,13,4,2
HH_24706,14,3,0
HH_24707,14,4,1
HH_24708,12,7,5
HH_24709,9,5,2
HH_24710,15,5,1
HH_24711,19,2,0
HH_24712,11,6,1
HH_24713,14,0,1
HH_24714,10,5,0
HH_24715,15,5,1
HH_24716,10,6,0
HH_24717,12,7,0
HH_24718,11,6,3
HH_24719,9,8,0
HH_24720,10,7,0
HH_24721,11,1,1
HH_24722,8,6,0
HH_24723,14,5,3
HH_24724,15,4,1
HH_24725,8,1,1
HH_24726,12,3,1
HH_24727,12,9,3
HH_24728,8,5,0
HH_24729,16,12,0
HH_24730,13,6,1
HH_24731,14,5,1
HH_24732,9,10,0
HH_24733,9,1,1
HH_24734,11,4,0
HH_24735,9,4,0
HH_24736,17,1,1
HH_24737,9,4,0
HH_24738,14,9,1
HH_24739,15,4,1
HH_24740,13,4,1
HH_24741,7,3,0
HH_24742,19,5,0
HH_24743,15,5,0
HH_24744,12,4,0
HH_24745,11,6,0
HH_24746,12,3,0
HH_24747,14,6,1
HH_24748,8,4,0
HH_24749,11,2,1
HH_24750,15,5,1
HH_24751,8,7,1
HH_24752,21,3,1
HH_24753,19,8,3
HH_24754,11,3,1
HH_24755,11,6,0
HH_24756,15,3,0
HH_24757,13,4,3
HH_24758,10,3,2
HH_24759,12,11,0
HH_24760,8,8,1
HH_24761,12,8,1
HH_24762,7,6,0
HH_24763,12,3,2
HH_24764,17,5,3
HH_24765,11,7,1
HH_24766,9,7,0
HH_24767,9,3,1
HH_24768,11,9,1
HH_24769,10,4,1
HH_24770,14,11,1
HH_24771,15,7,0
HH_24772,11,5,2
HH_24773,12,7,1
HH_24774,13,4,1
HH_24775,10,1,2
HH_24776,5,3,0
HH_24777,14,2,3
HH_24778,12,6,0
HH_24779,10,1,0
HH_24780,12,6,1
HH_24781,11,3,3
HH_24782,10,3,0
HH_24783,15,3,0
HH_24784,16,5,0
HH_24785,12,8,1
HH_24786,17,6,1
HH_24787,16,4,1
HH_24788,13,3,0
HH_24789,16,4,2
HH_24790,25,1,1
HH_24791,16,7,0
HH_24792,7,4,0
HH_24793,15,6,2
HH_24794,14,7,0
HH_24795,10,4,0
HH_24796,12,8,1
HH_24797,9,6,0
HH_24798,6,4,0
HH_24799,12,4,0
HH_24800,9,3,0
HH_24801,18,2,0
HH_24802,18,3,0
HH_24803,18,2,1
HH_24804,8,5,1
HH_24805,14,5,2
HH_24806,12,4,1
HH_24807,9,5,0
HH_24808,5,3,1
HH_24809,10,3,0
HH_24810,12,11,0
HH_24811,2,6,1
HH_24812,8,4,3
HH_24813,13,2,2
HH_24814,12,3,1
HH_24815,14,6,3
HH_24816,10,2,1
HH_24817,9,9,0
HH_24818,7,2,1
HH_24819,17,5,1
HH_24820,11,5,0
HH_24821,15,5,0
HH_24822,12,6,1
HH_24823,10,2,1
HH_24824,9,5,0
HH_24825,18,2,1
HH_24826,15,6,2
HH_24827,9,6,2
HH_24828,21,6,1
HH_24829,11,8,0
HH_24830,13,7,1
HH_24831,8,1,1
HH_24832,13,11,0
HH_24833,11,2,0
HH_24834,11,3,3
HH_24835,10,5,1
HH_24836,9,5,0
HH_24837,11,4,0
HH_24838,12,6,0
HH_24839,12,0,0
HH_24840,19,4,1
HH_24841,11,3,1
HH_24842,14,3,2
HH_24843,11,4,2
HH_24844,10,4,0
HH_24845,9,6,1
HH_24846,15,6,0
HH_24847,9,3,0
HH_24848,10,4,0
HH_24849,11,7,0
HH_24850,10,4,0
HH_24851,11,8,1
HH_24852,13,4,1
HH_24853,15,3,1
HH_24854,14,6,1
HH_24855,19,5,2
HH_24856,12,4,0
HH_24857,18,6,2
HH_24858,12,5,0
HH_24859,6,3,2
HH_24860,11,0,1
HH_24861,13,5,2
HH_24862,17,2,0
HH_24863,13,7,1
HH_24864,11,6,0
HH_24865,12,5,1
HH_24866,11,7,1
HH_24867,12,12,0
HH_24868,9,6,4
HH_24869,10,5,2
HH_24870,10,7,2
HH_24871,16,4,0
HH_24872,12,9,0
HH_24873,13,3,1
HH_24874,7,5,1
HH_24875,10,4,1
HH_24876,13,7,3
HH_24877,11,3,0
HH_24878,10,8,1
HH_24879,21,2,0
HH_24880,10,7,0
HH_24881,10,4,2
HH_24882,9,3,2
HH_24883,8,11,0
HH_24884,10,7,0
HH_24885,15,6,2
HH_24886,8,3,2
HH_24887,13,4,0
HH_24888,9,3,0
HH_24889,15,2,1
HH_24890,10,6,1
HH_24891,9,8,0
HH_24892,10,4,0
HH_24893,19,5,2
HH_24894,11,4,1
HH_24895,12,4,1
HH_24896,8,10,0
HH_24897,19,4,1
HH_24898,8,4,3
HH_24899,14,2,1
HH_24900,13,4,1
HH_24901,14,6,3
HH_24902,13,5,3
HH_24903,13,5,1
HH_24904,13,8,1
HH_24905,16,3,1
HH_24906,6,5,1
HH_24907,14,2,0
HH_24908,9,3,1
HH_24909,10,1,1
HH_24910,14,8,2
HH_24911,9,9,2
HH_24912,18,5,1
HH_24913,5,6,2
HH_24914,10,7,0
HH_24915,7,1,0
HH_24916,15,4,1
HH_24917,14,5,1
HH_24918,16,3,1
HH_24919,15,3,1
HH_24920,21,6,0
HH_24921,13,3,1
HH_24922,17,5,0
HH_24923,14,3,2
HH_24924,14,2,2
HH_24925,8,6,2
HH_24926,8,4,0
HH_24927,13,6,1
HH_24928,9,3,2
HH_24929,13,5,0
HH_24930,9,5,3
HH_24931,9,4,0
HH_24932,11,3,1
HH_24933,11,5,3
HH_24934,9,8,0
HH_24935,13,4,4
HH_24936,9,4,1
HH_24937,13,6,1
HH_24938,15,5,1
HH_24939,14,4,0
HH_24940,10,8,1
HH_24941,11,1,1
HH_24942,9,7,1
HH_24943,10,7,0
HH_24944,13,4,2
HH_24945,10,3,0
HH_24946,10,4,2
HH_24947,10,7,0
HH_24948,13,3,0
HH_24949,12,5,0
HH_24950,5,9,0
HH_24951,14,8,1
HH_24952,8,5,2
HH_24953,12,4,1
HH_24954,8,2,1
HH_24955,11,7,2
HH_24956,10,4,0
HH_24957,12,3,1
HH_24958,7,5,2
HH_24959,12,8,1
HH_24960,11,2,0
HH_24961,12,5,1
HH_24962,11,6,1
HH_24963,6,6,2
HH_24964,21,4,1
HH_24965,16,1,0
HH_24966,10,4,1
HH_24967,17,3,1
HH_24968,8,4,1
HH_24969,14,4,1
HH_24970,10,3,1
HH_24971,8,7,1
HH_24972,16,4,2
HH_24973,16,5,3
HH_24974,12,4,1
HH_24975,19,3,1
HH_24976,9,4,0
HH_24977,10,5,3
HH_24978,15,6,2
HH_24979,9,5,0
HH_24980,12,6,0
HH_24981,5,8,1
HH_24982,5,7,1
HH_24983,8,5,2
HH_24984,10,1,0
HH_24985,12,9,0
HH_24986,8,7,0
HH_24987,11,4,1
HH_24988,16,6,0
HH_24989,10,5,1
HH_24990,8,5,0
HH_24991,16,3,0
HH_24992,11,3,1
HH_24993,11,5,1
HH_24994,14,2,1
HH_24995,10,8,2
HH_24996,13,10,1
HH_24997,10,5,1
HH_24998,15,5,1
HH_24999,5,4,2
HH_25000,11,6,3
HH_25001,10,3,2
HH_25002,10,4,2
HH_25003,14,7,0
HH_25004,14,7,2
HH_25005,7,2,0
HH_25006,9,6,0
HH_25007,15,9,1
HH_25008,21,7,3
HH_25009,13,6,1
HH_25010,17,4,0
HH_25011,17,5,1
HH_25012,16,3,0
HH_25013,13,8,1
HH_25014,14,5,1
HH_25015,16,2,1
HH_25016,11,8,1
HH_25017,9,2,2
HH_25018,6,4,2
HH_25019,14,8,1
HH_25020,12,2,1
HH_25021,10,3,1
HH_25022,18,5,1
HH_25023,9,1,0
HH_25024,14,4,2
HH_25025,12,4,0
HH_25026,16,5,2
HH_25027,12,7,1
HH_25028,10,5,1
HH_25029,11,6,3
HH_25030,14,6,0
HH_25031,11,7,1
HH_25032,11,10,2
HH_25033,13,6,1
HH_25034,7,5,0
HH_25035,9,9,1
HH_25036,6,5,1
HH_25037,14,2,1
HH_25038,13,5,0
HH_25039,9,6,1
HH_25040,11,5,1
HH_25041,10,3,1
HH_25042,8,6,2
HH_25043,15,5,1
HH_25044,7,4,1
HH_25045,12,4,0
HH_25046,15,3,3
HH_25047,15,12,0
HH_25048,10,5,2
HH_25049,9,4,1
HH_25050,11,4,1
HH_25051,11,4,3
HH_25052,9,8,1
HH_25053,13,5,0
HH_25054,7,4,2
HH_25055,10,4,0
HH_25056,19,9,1
HH_25057,9,11,1
HH_25058,11,8,3
HH_25059,12,6,1
HH_25060,14,5,0
HH_25061,19,1,0
HH_25062,15,4,2
HH_25063,10,3,3
HH_25064,15,5,3
HH_25065,10,6,1
HH_25066,12,3,2
HH_25067,8,6,0
HH_25068,13,4,0
HH_25069,14,6,0
HH_25070,10,9,0
HH_25071,14,2,2
HH_25072,9,3,1
HH_25073,7,0,2
HH_25074,13,6,0
HH_25075,13,4,1
HH_25076,15,10,1
HH_25077,16,6,1
HH_25078,12,5,0
HH_25079,11,5,0
HH_25080,26,9,0
HH_25081,17,11,1
HH_25082,8,2,0
HH_25083,9,5,0
HH_25084,9,0,4
HH_25085,8,4,3
HH_25086,8,4,2
HH_25087,17,5,4
HH_25088,8,4,1
HH_25089,14,3,2
HH_25090,15,4,1
HH_25091,10,7,2
HH_25092,19,10,1
HH_25093,15,4,0
HH_25094,17,3,0
HH_25095,10,5,1
HH_25096,10,9,1
HH_25097,22,5,0
HH_25098,9,6,3
HH_25099,10,5,3
HH_25100,21,7,0
HH_25101,13,2,0
HH_25102,14,7,1
HH_25103,12,5,1
HH_25104,13,3,0
HH_25105,19,5,0
HH_25106,10,4,1
HH_25107,6,7,1
HH_25108,10,10,1
HH_25109,7,2,0
HH_25110,10,5,1
HH_25111,8,4,0
HH_25112,13,3,1
HH_25113,17,7,2
HH_25114,13,3,0
HH_25115,7,9,2
HH_25116,16,6,0
HH_25117,14,4,1
HH_25118,6,6,0
HH_25119,11,5,2
HH_25120,13,4,1
HH_25121,10,6,1
HH_25122,10,2,2
HH_25123,20,9,3
HH_25124,16,8,0
HH_25125,10,5,0
HH_25126,12,5,2
HH_25127,8,7,0
HH_25128,7,5,3
HH_25129,14,8,0
HH_25130,9,5,1
HH_25131,10,3,1
HH_25132,16,4,1
HH_25133,13,6,1
HH_25134,13,7,1
HH_25135,12,4,1
HH_25136,12,7,0
HH_25137,8,7,1
HH_25138,11,4,0
HH_25139,16,3,0
HH_25140,9,5,2
HH_25141,8,5,0
HH_25142,11,4,2
HH_25143,8,6,0
HH_25144,19,6,0
HH_25145,9,2,2
HH_25146,14,4,0
HH_25147,9,4,2
HH_25148,8,4,0
HH_25149,14,3,1
HH_25150,11,3,0
HH_25151,10,7,0
HH_25152,8,5,1
HH_25153,11,8,1
HH_25154,11,6,2
HH_25155,8,2,1
HH_25156,16,5,2
HH_25157,9,2,0
HH_25158,14,2,2
HH_25159,15,2,1
HH_25160,14,4,1
HH_25161,20,4,3
HH_25162,15,7,3
HH_25163,15,3,1
HH_25164,12,7,0
HH_25165,13,6,0
HH_25166,12,2,0
HH_25167,20,4,0
HH_25168,16,6,0
HH_25169,10,5,1
HH_25170,14,4,2
HH_25171,11,9,1
HH_25172,13,0,2
HH_25173,10,7,1
HH_25174,11,5,3
HH_25175,8,2,1
HH_25176,12,3,0
HH_25177,18,8,2
HH_25178,12,7,0
HH_25179,12,7,2
HH_25180,9,10,2
HH_25181,5,5,0
HH_25182,11,3,1
HH_25183,7,3,1
HH_25184,9,1,0
HH_25185,8,5,0
HH_25186,10,2,1
HH_25187,9,3,0
HH_25188,14,5,2
HH_25189,13,9,0
HH_25190,9,5,1
HH_25191,9,9,4
HH_25192,12,6,1
HH_25193,10,6,0
HH_25194,19,6,4
HH_25195,12,6,0
HH_25196,8,1,3
HH_25197,17,7,0
HH_25198,15,9,0
HH_25199,17,5,1
HH_25200,10,5,2
HH_25201,10,3,0
HH_25202,13,5,0
HH_25203,19,3,1
HH_25204,18,3,0
HH_25205,7,6,1
HH_25206,14,8,1
HH_25207,9,4,2
HH_25208,15,5,1
HH_25209,14,4,1
HH_25210,8,6,1
HH_25211,10,2,2
HH_25212,12,3,2
HH_25213,10,5,1
HH_25214,13,2,1
HH_25215,6,6,1
HH_25216,14,4,1
HH_25217,10,3,0
HH_25218,11,12,2
HH_25219,16,3,3
HH_25220,9,4,1
HH_25221,12,4,1
HH_25222,10,5,1
HH_25223,20,3,2
HH_25224,18,3,2
HH_25225,13,5,0
HH_25226,12,3,0
HH_25227,15,5,2
HH_25228,9,7,2
HH_25229,10,6,1
HH_25230,14,2,0
HH_25231,14,4,0
HH_25232,15,4,1
HH_25233,11,5,3
HH_25234,13,6,3
HH_25235,7,5,1
HH_25236,9,4,2
HH_25237,8,3,1
HH_25238,8,3,0
HH_25239,11,4,1
HH_25240,12,4,0
HH_25241,12,11,0
HH_25242,14,6,1
HH_25243,12,4,0
HH_25244,16,4,0
HH_25245,12,5,1
HH_25246,11,4,0
HH_25247,10,8,0
HH_25248,10,7,3
HH_25249,6,10,0
HH_25250,19,6,1
HH_25251,19,2,0
HH_25252,13,8,1
HH_25253,10,0,1
HH_25254,7,10,0
HH_25255,16,6,0
HH_25256,8,0,1
HH_25257,19,4,0
HH_25258,10,6,1
HH_25259,14,5,0
HH_25260,18,7,1
HH_25261,9,4,0
HH_25262,19,3,0
HH_25263,10,3,1
HH_25264,17,2,2
HH_25265,15,2,1
HH_25266,11,5,3
HH_25267,12,2,0
HH_25268,16,6,1
HH_25269,10,8,0
HH_25270,9,5,0
HH_25271,10,5,0
HH_25272,12,7,0
HH_25273,13,0,0
HH_25274,12,5,1
HH_25275,15,2,2
HH_25276,15,5,2
HH_25277,13,5,1
HH_25278,13,6,0
HH_25279,15,6,1
HH_25280,9,5,0
HH_25281,16,0,1
HH_25282,15,6,1
HH_25283,15,3,1
HH_25284,13,10,1
HH_25285,14,3,1
HH_25286,10,3,0
HH_25287,10,9,0
HH_25288,13,9,0
HH_25289,10,2,1
HH_25290,9,4,1
HH_25291,7,3,0
HH_25292,6,6,1
HH_25293,11,5,0
HH_25294,11,7,2
HH_25295,8,8,1
HH_25296,15,6,1
HH_25297,10,5,1
HH_25298,14,9,0
HH_25299,15,9,0
HH_25300,7,4,1
HH_25301,11,4,0
HH_25302,11,7,1
HH_25303,18,5,1
HH_25304,9,6,1
HH_25305,10,7,3
HH_25306,13,3,0
HH_25307,14,4,1
HH_25308,14,7,2
HH_25309,16,5,0
HH_25310,14,3,1
HH_25311,8,2,1
HH_25312,17,4,3
HH_25313,17,7,2
HH_25314,9,6,0
HH_25315,14,7,1
HH_25316,11,6,2
HH_25317,15,5,1
HH_25318,12,6,0
HH_25319,14,5,1
HH_25320,15,6,1
HH_25321,11,4,0
HH_25322,8,8,1
HH_25323,12,1,0
HH_25324,10,6,1
HH_25325,10,2,1
HH_25326,16,8,2
HH_25327,23,5,0
HH_25328,7,9,0
HH_25329,7,3,1
HH_25330,15,7,0
HH_25331,16,6,1
HH_25332,17,1,0
HH_25333,14,2,1
HH_25334,12,6,1
HH_25335,9,9,1
HH_25336,17,6,0
HH_25337,17,7,0
HH_25338,14,6,1
HH_25339,12,3,1
HH_25340,14,4,2
HH_25341,13,0,1
HH_25342,14,8,2
HH_25343,11,2,0
HH_25344,10,2,0
HH_25345,11,3,1
HH_25346,12,2,0
HH_25347,11,7,1
HH_25348,12,2,0
HH_25349,15,1,0
HH_25350,13,4,0
HH_25351,10,4,2
HH_25352,11,3,1
HH_25353,16,3,1
HH_25354,13,6,0
HH_25355,5,3,2
HH_25356,12,11,0
HH_25357,16,3,4
HH_25358,16,4,1
HH_25359,9,3,0
HH_25360,18,5,0
HH_25361,18,4,0
HH_25362,14,6,0
HH_25363,10,3,0
HH_25364,17,2,2
HH_25365,13,3,1
HH_25366,24,1,1
HH_25367,15,4,2
HH_25368,18,4,1
HH_25369,8,3,2
HH_25370,10,4,1
HH_25371,12,8,2
HH_25372,13,3,1
HH_25373,14,8,1
HH_25374,13,2,1
HH_25375,12,1,1
HH_25376,19,9,1
HH_25377,13,4,1
HH_25378,6,7,2
HH_25379,13,5,2
HH_25380,13,6,2
HH_25381,10,6,1
HH_25382,11,5,0
HH_25383,12,6,0
HH_25384,6,8,0
HH_25385,10,4,1
HH_25386,10,8,1
HH_25387,15,14,0
HH_25388,13,4,3
HH_25389,13,6,0
HH_25390,9,8,1
HH_25391,24,6,0
HH_25392,10,3,1
HH_25393,20,6,0
HH_25394,14,4,2
HH_25395,8,5,3
HH_25396,12,6,1
HH_25397,14,9,1
HH_25398,12,6,0
HH_25399,10,7,2
HH_25400,10,3,1
HH_25401,18,1,0
HH_25402,13,5,2
HH_25403,9,3,1
HH_25404,13,5,2
HH_25405,12,4,1
HH_25406,14,7,0
HH_25407,8,7,0
HH_25408,11,6,3
HH_25409,12,7,3
HH_25410,11,5,2
HH_25411,17,3,1
HH_25412,23,4,0
HH_25413,10,2,1
HH_25414,8,5,0
HH_25415,9,8,1
HH_25416,13,7,1
HH_25417,10,3,1
HH_25418,12,9,1
HH_25419,14,6,0
HH_25420,8,8,0
HH_25421,13,3,0
HH_25422,13,4,3
HH_25423,10,5,0
HH_25424,10,2,1
HH_25425,18,4,0
HH_25426,17,4,0
HH_25427,14,2,2
HH_25428,9,2,0
HH_25429,8,8,2
HH_25430,6,3,1
HH_25431,10,7,1
HH_25432,16,7,3
HH_25433,7,6,1
HH_25434,6,5,2
HH_25435,15,4,4
HH_25436,12,6,0
HH_25437,12,4,0
HH_25438,15,4,2
HH_25439,7,4,0
HH_25440,5,2,3
HH_25441,10,5,1
HH_25442,9,2,0
HH_25443,7,10,2
HH_25444,15,6,0
HH_25445,15,4,0
HH_25446,14,7,0
HH_25447,14,4,0
HH_25448,18,1,2
HH_25449,15,1,0
HH_25450,16,8,0
HH_25451,12,7,2
HH_25452,13,7,0
HH_25453,12,6,0
HH_25454,12,8,0
HH_25455,13,5,1
HH_25456,15,0,1
HH_25457,11,3,1
HH_25458,11,8,2
HH_25459,15,2,4
HH_25460,10,4,1
HH_25461,9,3,0
HH_25462,9,5,1
HH_25463,12,4,0
HH_25464,16,6,2
HH_25465,7,3,1
HH_25466,13,2,0
HH_25467,9,1,1
HH_25468,13,4,3
HH_25469,12,4,1
HH_25470,11,2,0
HH_25471,16,5,1
HH_25472,12,5,3
HH_25473,13,8,0
HH_25474,7,2,2
HH_25475,13,9,0
HH_25476,13,6,3
HH_25477,7,3,0
HH_25478,10,9,2
HH_25479,12,4,2
HH_25480,19,5,1
HH_25481,9,11,0
HH_25482,10,3,1
HH_25483,14,3,1
HH_25484,12,3,0
HH_25485,18,5,0
HH_25486,12,3,0
HH_25487,6,6,1
HH_25488,11,2,2
HH_25489,10,2,3
HH_25490,8,3,1
HH_25491,9,8,0
HH_25492,9,4,1
HH_25493,9,8,2
HH_25494,14,4,0
HH_25495,10,3,1
HH_25496,11,5,2
HH_25497,13,3,0
HH_25498,9,4,1
HH_25499,11,6,1
HH_25500,14,4,0
HH_25501,10,14,0
HH_25502,11,3,4
HH_25503,8,4,1
HH_25504,15,1,0
HH_25505,15,6,0
HH_25506,6,6,1
HH_25507,11,6,2
HH_25508,19,2,0
HH_25509,9,3,3
HH_25510,7,4,1
HH_25511,20,4,1
HH_25512,13,6,2
HH_25513,12,3,0
HH_25514,6,3,1
HH_25515,13,7,1
HH_25516,6,3,0
HH_25517,7,6,1
HH_25518,14,3,1
HH_25519,12,0,0
HH_25520,15,5,1
HH_25521,11,6,1
HH_25522,10,5,2
HH_25523,17,8,1
HH_25524,12,6,1
HH_25525,8,4,2
HH_25526,13,3,2
HH_25527,13,3,0
HH_25528,15,1,2
HH_25529,12,7,2
HH_25530,16,7,2
HH_25531,6,7,2
HH_25532,16,6,2
HH_25533,10,4,0
HH_25534,11,8,3
HH_25535,10,2,2
HH_25536,16,5,1
HH_25537,6,4,2
HH_25538,9,5,1
HH_25539,11,3,0
HH_25540,11,7,0
HH_25541,9,6,2
HH_25542,8,3,1
HH_25543,10,2,0
HH_25544,21,5,2
HH_25545,11,8,0
HH_25546,10,2,2
HH_25547,8,6,2
HH_25548,9,7,1
HH_25549,14,6,0
HH_25550,12,2,1
HH_25551,13,4,1
HH_25552,14,1,5
HH_25553,16,7,1
HH_25554,15,6,0
HH_25555,11,5,0
HH_25556,14,6,0
HH_25557,14,4,0
HH_25558,9,7,0
HH_25559,18,7,0
HH_25560,14,3,0
HH_25561,13,7,1
HH_25562,12,6,1
HH_25563,17,5,1
HH_25564,13,4,1
HH_25565,12,8,0
HH_25566,13,2,1
HH_25567,16,6,0
HH_25568,6,3,1
HH_25569,15,5,0
HH_25570,9,3,2
HH_25571,7,11,2
HH_25572,13,3,0
HH_25573,8,4,0
HH_25574,7,3,2
HH_25575,16,5,2
HH_25576,11,5,2
HH_25577,10,4,0
HH_25578,13,7,1
HH_25579,13,6,2
HH_25580,11,7,0
HH_25581,12,4,1
HH_25582,14,3,3
HH_25583,10,2,2
HH_25584,11,7,0
HH_25585,11,3,2
HH_25586,19,3,1
HH_25587,12,2,0
HH_25588,6,8,0
HH_25589,14,4,0
HH_25590,15,2,2
HH_25591,11,4,2
HH_25592,11,4,0
HH_25593,8,3,0
HH_25594,12,4,0
HH_25595,8,5,2
HH_25596,8,7,2
HH_25597,14,3,1
HH_25598,13,9,2
HH_25599,15,9,1
HH_25600,14,9,0
HH_25601,8,7,0
HH_25602,11,6,1
HH_25603,10,5,1
HH_25604,11,8,2
HH_25605,11,7,1
HH_25606,13,3,1
HH_25607,9,6,1
HH_25608,11,2,4
HH_25609,16,6,1
HH_25610,16,6,1
HH_25611,8,7,0
HH_25612,12,5,0
HH_25613,11,5,0
HH_25614,9,1,0
HH_25615,8,4,2
HH_25616,15,7,0
HH_25617,9,4,2
HH_25618,7,4,1
HH_25619,15,7,1
HH_25620,14,4,1
HH_25621,9,4,0
HH_25622,9,7,2
HH_25623,11,4,1
HH_25624,8,2,1
HH_25625,12,6,2
HH_25626,6,4,1
HH_25627,11,4,3
HH_25628,15,4,1
HH_25629,15,6,2
HH_25630,8,3,1
HH_25631,13,5,2
HH_25632,8,8,1
HH_25633,11,2,1
HH_25634,12,6,1
HH_25635,15,5,2
HH_25636,8,1,1
HH_25637,8,4,1
HH_25638,10,2,1
HH_25639,11,5,4
HH_25640,10,7,4
HH_25641,12,2,1
HH_25642,13,4,1
HH_25643,9,4,1
HH_25644,16,5,1
HH_25645,9,8,1
HH_25646,16,3,3
HH_25647,10,5,0
HH_25648,11,6,2
HH_25649,9,6,0
HH_25650,15,9,1
HH_25651,10,3,0
HH_25652,11,2,1
HH_25653,20,3,0
HH_25654,9,10,2
HH_25655,12,10,1
HH_25656,19,1,1
HH_25657,11,4,0
HH_25658,11,5,1
HH_25659,14,7,1
HH_25660,9,3,0
HH_25661,9,8,1
HH_25662,17,6,1
HH_25663,14,3,3
HH_25664,12,11,3
HH_25665,14,4,0
HH_25666,13,7,0
HH_25667,18,7,1
HH_25668,10,5,0
HH_25669,14,3,2
HH_25670,13,8,1
HH_25671,13,4,2
HH_25672,6,6,2
HH_25673,7,3,0
HH_25674,15,4,1
HH_25675,10,12,1
HH_25676,10,9,0
HH_25677,7,6,2
HH_25678,9,8,0
HH_25679,14,7,1
HH_25680,12,7,1
HH_25681,8,5,2
HH_25682,19,3,1
HH_25683,8,7,1
HH_25684,14,5,1
HH_25685,7,6,0
HH_25686,15,4,1
HH_25687,12,4,0
HH_25688,18,6,0
HH_25689,7,4,2
HH_25690,14,6,3
HH_25691,17,6,2
HH_25692,16,3,1
HH_25693,16,3,0
HH_25694,7,9,0
HH_25695,13,4,1
HH_25696,15,4,0
HH_25697,12,7,1
HH_25698,12,5,1
HH_25699,14,4,2
HH_25700,11,5,1
HH_25701,13,7,0
HH_25702,10,4,2
HH_25703,7,5,0
HH_25704,16,5,1
HH_25705,12,6,2
HH_25706,8,6,1
HH_25707,12,3,1
HH_25708,11,3,0
HH_25709,9,7,0
HH_25710,7,2,0
HH_25711,10,3,0
HH_25712,13,2,0
HH_25713,16,3,0
HH_25714,15,2,0
HH_25715,20,4,1
HH_25716,15,2,1
HH_25717,8,6,1
HH_25718,10,1,1
HH_25719,13,3,2
HH_25720,12,6,3
HH_25721,14,4,1
HH_25722,15,3,1
HH_25723,12,4,1
HH_25724,12,4,0
HH_25725,16,2,0
HH_25726,15,9,0
HH_25727,14,9,0
HH_25728,12,6,2
HH_25729,9,8,0
HH_25730,14,7,1
HH_25731,15,5,1
HH_25732,22,5,1
HH_25733,15,8,2
HH_25734,12,4,0
HH_25735,9,3,2
HH_25736,13,4,0
HH_25737,20,5,0
HH_25738,13,4,1
HH_25739,15,5,1
HH_25740,8,4,1
HH_25741,7,4,1
HH_25742,18,6,0
HH_25743,17,3,2
HH_25744,9,4,2
HH_25745,9,3,0
HH_25746,9,13,0
HH_25747,17,6,1
HH_25748,9,4,1
HH_25749,9,8,2
HH_25750,17,4,0
HH_25751,12,4,1
HH_25752,16,5,3
HH_25753,14,2,0
HH_25754,15,2,1
HH_25755,11,8,0
HH_25756,12,7,1
HH_25757,13,5,2
HH_25758,10,5,4
HH_25759,14,7,1
HH_25760,12,7,2
HH_25761,13,4,1
HH_25762,18,3,1
HH_25763,12,4,0
HH_25764,12,3,3
HH_25765,12,6,1
HH_25766,14,5,0
HH_25767,8,7,0
HH_25768,10,6,1
HH_25769,13,5,0
HH_25770,10,3,1
HH_25771,17,4,0
HH_25772,15,2,1
HH_25773,9,7,0
HH_25774,8,6,3
HH_25775,17,4,2
HH_25776,9,3,2
HH_25777,6,6,1
HH_25778,9,10,1
HH_25779,15,4,1
HH_25780,14,10,1
HH_25781,16,9,1
HH_25782,16,3,1
HH_25783,15,5,1
HH_25784,8,6,4
HH_25785,9,3,3
HH_25786,6,3,1
HH_25787,10,2,0
HH_25788,6,5,1
HH_25789,12,5,1
HH_25790,13,6,1
HH_25791,13,5,0
HH_25792,15,2,0
HH_25793,19,4,1
HH_25794,12,5,1
HH_25795,9,4,0
HH_25796,15,4,2
HH_25797,8,7,3
HH_25798,11,5,1
HH_25799,12,7,2
HH_25800,16,4,1
HH_25801,12,4,2
HH_25802,18,3,2
HH_25803,12,2,2
HH_25804,10,6,1
HH_25805,15,5,2
HH_25806,12,3,3
HH_25807,17,2,2
HH_25808,15,4,0
HH_25809,12,7,1
HH_25810,13,6,2
HH_25811,12,4,0
HH_25812,14,5,0
HH_25813,15,5,0
HH_25814,11,8,2
HH_25815,18,7,0
HH_25816,12,5,1
HH_25817,10,4,0
HH_25818,7,1,0
HH_25819,16,4,0
HH_25820,12,10,0
HH_25821,12,6,2
HH_25822,9,3,0
HH_25823,14,5,2
HH_25824,10,5,3
HH_25825,12,3,2
HH_25826,14,5,1
HH_25827,19,4,1
HH_25828,15,6,2
HH_25829,14,5,0
HH_25830,13,5,1
HH_25831,6,5,0
HH_25832,14,2,0
HH_25833,17,2,1
HH_25834,21,3,0
HH_25835,19,3,2
HH_25836,9,5,0
HH_25837,11,3,1
HH_25838,12,4,0
HH_25839,16,3,1
HH_25840,7,5,1
HH_25841,9,9,2
HH_25842,8,2,1
HH_25843,19,3,0
HH_25844,12,5,1
HH_25845,16,6,2
HH_25846,6,5,2
HH_25847,14,4,1
HH_25848,10,2,1
HH_25849,12,4,1
HH_25850,8,8,1
HH_25851,11,6,1
HH_25852,14,5,2
HH_25853,17,4,1
HH_25854,15,4,0
HH_25855,16,5,1
HH_25856,14,1,0
HH_25857,8,6,0
HH_25858,16,6,2
HH_25859,13,8,1
HH_25860,10,4,0
HH_25861,14,8,0
HH_25862,13,6,1
HH_25863,15,3,0
HH_25864,9,7,1
HH_25865,12,3,0
HH_25866,8,5,0
HH_25867,7,4,1
HH_25868,17,2,0
HH_25869,11,4,2
HH_25870,10,9,0
HH_25871,10,2,2
HH_25872,11,8,1
HH_25873,15,3,0
HH_25874,11,8,1
HH_25875,22,1,2
HH_25876,14,4,1
HH_25877,13,8,1
HH_25878,13,5,1
HH_25879,14,5,1
HH_25880,13,5,1
HH_25881,16,9,1
HH_25882,9,5,0
HH_25883,11,5,2
HH_25884,14,5,1
HH_25885,9,7,0
HH_25886,16,7,0
HH_25887,9,3,2
HH_25888,6,4,0
HH_25889,14,6,0
HH_25890,19,0,2
HH_25891,11,8,1
HH_25892,12,9,1
HH_25893,14,3,2
HH_25894,12,7,0
HH_25895,12,4,3
HH_25896,13,1,2
HH_25897,12,2,0
HH_25898,14,3,1
HH_25899,13,5,2
HH_25900,10,3,2
HH_25901,10,3,2
HH_25902,11,7,1
HH_25903,12,5,1
HH_25904,9,3,3
HH_25905,9,7,1
HH_25906,11,6,0
HH_25907,13,3,0
HH_25908,10,1,2
HH_25909,10,2,0
HH_25910,10,3,0
HH_25911,20,6,2
HH_25912,14,4,2
HH_25913,7,4,1
HH_25914,10,2,2
HH_25915,8,3,0
HH_25916,12,1,0
HH_25917,12,10,0
HH_25918,11,2,0
HH_25919,7,5,0
HH_25920,12,4,1
HH_25921,13,3,0
HH_25922,7,7,0
HH_25923,16,5,3
HH_25924,10,3,1
HH_25925,12,6,1
HH_25926,13,4,3
HH_25927,10,5,1
HH_25928,13,7,0
HH_25929,8,4,1
HH_25930,12,10,0
HH_25931,15,6,2
HH_25932,13,3,2
HH_25933,13,8,2
HH_25934,9,8,0
HH_25935,10,4,0
HH_25936,14,4,0
HH_25937,13,11,2
HH_25938,16,6,2
HH_25939,8,9,0
HH_25940,6,6,0
HH_25941,11,6,0
HH_25942,13,3,3
HH_25943,13,6,2
HH_25944,18,6,1
HH_25945,18,8,1
HH_25946,9,4,1
HH_25947,11,4,1
HH_25948,7,9,1
HH_25949,15,0,0
HH_25950,14,9,2
HH_25951,7,8,2
HH_25952,10,1,1
HH_25953,17,3,4
HH_25954,11,8,1
HH_25955,14,5,2
HH_25956,11,2,1
HH_25957,11,5,0
HH_25958,6,5,1
HH_25959,16,4,1
HH_25960,12,8,1
HH_25961,11,4,1
HH_25962,14,6,3
HH_25963,9,5,1
HH_25964,18,4,3
HH_25965,9,2,0
HH_25966,6,4,0
HH_25967,7,4,0
HH_25968,11,2,0
HH_25969,11,2,1
HH_25970,14,6,2
HH_25971,19,6,2
HH_25972,14,3,2
HH_25973,6,5,1
HH_25974,9,3,1
HH_25975,15,3,0
HH_25976,12,5,1
HH_25977,13,4,2
HH_25978,15,6,0
HH_25979,20,7,1
HH_25980,15,6,2
HH_25981,13,4,1
HH_25982,12,4,3
HH_25983,13,5,0
HH_25984,8,2,2
HH_25985,8,4,1
HH_25986,12,11,1
HH_25987,9,5,1
HH_25988,7,1,2
HH_25989,15,4,1
HH_25990,15,4,3
HH_25991,12,4,0
HH_25992,14,9,1
HH_25993,13,1,1
HH_25994,11,6,1
HH_25995,8,2,1
HH_25996,13,7,0
HH_25997,18,2,1
HH_25998,8,6,0
HH_25999,9,4,2
HH_26000,9,5,0
HH_26001,13,1,1
HH_26002,18,4,1
HH_26003,14,7,0
HH_26004,12,8,3
HH_26005,13,10,2
HH_26006,15,8,1
HH_26007,21,3,1
HH_26008,6,6,2
HH_26009,13,7,0
HH_26010,10,3,2
HH_26011,13,5,1
HH_26012,7,7,4
HH_26013,15,5,0
HH_26014,7,3,2
HH_26015,16,3,0
HH_26016,13,6,2
HH_26017,8,3,0
HH_26018,15,5,1
HH_26019,8,7,1
HH_26020,10,8,1
HH_26021,12,5,2
HH_26022,12,2,2
HH_26023,10,9,2
HH_26024,8,7,1
HH_26025,7,4,1
HH_26026,15,3,1
HH_26027,14,5,1
HH_26028,11,5,2
HH_26029,10,8,0
HH_26030,17,4,2
HH_26031,11,3,3
HH_26032,6,9,2
HH_26033,13,4,1
HH_26034,3,5,1
HH_26035,9,9,1
HH_26036,9,6,3
HH_26037,11,4,3
HH_26038,15,7,1
HH_26039,11,6,0
HH_26040,10,5,2
HH_26041,22,5,2
HH_26042,13,2,0
HH_26043,12,3,1
HH_26044,11,7,2
HH_26045,10,6,1
HH_26046,10,2,2
HH_26047,20,9,0
HH_26048,13,3,1
HH_26049,13,6,4
HH_26050,5,5,1
HH_26051,12,0,2
HH_26052,12,5,1
HH_26053,12,5,2
HH_26054,10,5,0
HH_26055,13,3,0
HH_26056,17,4,0
HH_26057,13,6,0
HH_26058,7,8,1
HH_26059,13,3,1
HH_26060,11,4,0
HH_26061,8,5,0
HH_26062,13,4,0
HH_26063,17,6,3
HH_26064,13,8,1
HH_26065,15,4,1
HH_26066,12,4,1
HH_26067,16,5,1
HH_26068,11,8,2
HH_26069,11,3,1
HH_26070,8,6,1
HH_26071,10,5,1
HH_26072,8,6,2
HH_26073,11,9,2
HH_26074,11,6,0
HH_26075,25,6,4
HH_26076,9,3,0
HH_26077,15,5,1
HH_26078,18,3,0
HH_26079,5,1,2
HH_26080,6,9,1
HH_26081,9,1,1
HH_26082,8,5,0
HH_26083,9,6,0
HH_26084,13,2,1
HH_26085,8,11,2
HH_26086,10,6,1
HH_26087,11,5,5
HH_26088,12,5,0
HH_26089,10,6,1
HH_26090,14,5,0
HH_26091,8,3,0
HH_26092,8,6,1
HH_26093,9,2,0
HH_26094,3,8,1
HH_26095,15,2,2
HH_26096,9,6,0
HH_26097,11,5,0
HH_26098,12,2,2
HH_26099,17,3,1
HH_26100,14,2,1
HH_26101,10,5,1
HH_26102,10,8,2
HH_26103,9,5,2
HH_26104,9,5,0
HH_26105,15,1,0
HH_26106,10,3,1
HH_26107,15,8,1
HH_26108,11,6,1
HH_26109,8,2,1
HH_26110,15,6,0
HH_26111,15,5,0
HH_26112,11,3,3
HH_26113,13,4,0
HH_26114,8,0,0
HH_26115,14,5,2
HH_26116,12,3,3
HH_26117,14,4,1
HH_26118,15,2,0
HH_26119,9,5,1
HH_26120,12,2,2
HH_26121,12,4,1
HH_26122,8,7,1
HH_26123,15,8,0
HH_26124,13,7,2
HH_26125,15,4,2
HH_26126,5,3,1
HH_26127,16,6,1
HH_26128,8,6,0
HH_26129,10,4,1
HH_26130,10,5,2
HH_26131,13,2,1
HH_26132,13,7,2
HH_26133,13,5,1
HH_26134,16,6,4
HH_26135,11,6,0
HH_26136,9,5,2
HH_26137,9,4,0
HH_26138,14,5,0
HH_26139,14,3,1
HH_26140,13,5,0
HH_26141,8,4,3
HH_26142,6,8,1
HH_26143,17,4,2
HH_26144,14,8,0
HH_26145,9,4,1
HH_26146,16,8,3
HH_26147,11,4,1
HH_26148,14,5,4
HH_26149,10,2,1
HH_26150,9,7,0
HH_26151,15,4,0
HH_26152,16,1,1
HH_26153,14,6,2
HH_26154,10,4,2
HH_26155,12,6,0
HH_26156,8,3,0
HH_26157,4,5,1
HH_26158,15,6,1
HH_26159,11,6,2
HH_26160,8,5,0
HH_26161,13,10,0
HH_26162,17,9,1
HH_26163,8,6,0
HH_26164,9,6,0
HH_26165,11,4,1
HH_26166,15,2,0
HH_26167,11,4,0
HH_26168,7,7,1
HH_26169,11,5,1
HH_26170,13,7,2
HH_26171,9,4,3
HH_26172,12,6,1
HH_26173,4,5,3
HH_26174,17,6,0
HH_26175,15,8,2
HH_26176,20,10,2
HH_26177,9,9,2
HH_26178,12,7,0
HH_26179,14,10,0
HH_26180,13,2,1
HH_26181,11,6,0
HH_26182,11,5,2
HH_26183,7,8,2
HH_26184,12,5,2
HH_26185,7,4,0
HH_26186,8,7,2
HH_26187,11,4,0
HH_26188,15,6,1
HH_26189,16,5,1
HH_26190,14,4,1
HH_26191,11,5,1
HH_26192,11,6,2
HH_26193,8,4,3
HH_26194,10,5,0
HH_26195,7,7,1
HH_26196,13,3,0
HH_26197,16,1,0
HH_26198,20,5,0
HH_26199,12,5,0
HH_26200,8,1,0
HH_26201,18,6,1
HH_26202,17,4,0
HH_26203,12,8,1
HH_26204,9,3,0
HH_26205,15,5,2
HH_26206,7,7,2
HH_26207,7,4,2
HH_26208,15,3,0
HH_26209,13,5,1
HH_26210,11,8,1
HH_26211,15,5,0
HH_26212,13,4,0
HH_26213,11,3,1
HH_26214,8,2,1
HH_26215,13,6,0
HH_26216,24,5,2
HH_26217,13,10,1
HH_26218,12,8,1
HH_26219,7,1,1
HH_26220,16,3,1
HH_26221,9,3,0
HH_26222,4,5,2
HH_26223,13,5,1
HH_26224,13,4,3
HH_26225,7,4,2
HH_26226,16,6,0
HH_26227,12,2,1
HH_26228,10,2,2
HH_26229,15,5,1
HH_26230,12,4,2
HH_26231,11,6,0
HH_26232,10,4,1
HH_26233,8,6,0
HH_26234,8,8,3
HH_26235,14,6,2
HH_26236,16,1,0
HH_26237,14,4,1
HH_26238,10,6,1
HH_26239,12,5,1
HH_26240,9,9,2
HH_26241,9,7,0
HH_26242,18,4,2
HH_26243,10,8,1
HH_26244,5,4,1
HH_26245,16,3,1
HH_26246,8,6,0
HH_26247,7,3,1
HH_26248,8,2,1
HH_26249,10,2,1
HH_26250,14,3,1
HH_26251,14,9,4
HH_26252,8,0,0
HH_26253,11,4,1
HH_26254,14,2,1
HH_26255,7,7,1
HH_26256,10,1,0
HH_26257,13,4,0
HH_26258,14,5,0
HH_26259,13,6,0
HH_26260,15,6,0
HH_26261,9,3,0
HH_26262,10,5,1
HH_26263,16,6,1
HH_26264,9,10,2
HH_26265,14,1,0
HH_26266,9,2,0
HH_26267,14,4,0
HH_26268,10,10,0
HH_26269,15,7,0
HH_26270,15,4,0
HH_26271,11,3,5
HH_26272,10,4,1
HH_26273,8,5,0
HH_26274,11,5,1
HH_26275,17,4,1
HH_26276,12,3,0
HH_26277,16,5,1
HH_26278,10,3,1
HH_26279,13,4,1
HH_26280,12,4,0
HH_26281,8,3,1
HH_26282,19,3,0
HH_26283,12,2,1
HH_26284,15,6,0
HH_26285,16,3,0
HH_26286,8,5,1
HH_26287,8,4,0
HH_26288,16,2,3
HH_26289,7,5,0
HH_26290,7,2,0
HH_26291,11,4,1
HH_26292,9,7,0
HH_26293,6,5,1
HH_26294,15,2,0
HH_26295,10,4,3
HH_26296,19,3,2
HH_26297,8,9,1
HH_26298,11,4,1
HH_26299,11,2,1
HH_26300,10,4,4
HH_26301,15,8,0
HH_26302,12,4,0
HH_26303,9,3,0
HH_26304,9,6,1
HH_26305,9,2,0
HH_26306,9,7,2
HH_26307,11,5,0
HH_26308,9,6,0
HH_26309,11,3,1
HH_26310,9,3,0
HH_26311,13,6,1
HH_26312,12,4,1
HH_26313,11,5,1
HH_26314,15,4,1
HH_26315,14,4,1
HH_26316,5,4,0
HH_26317,12,5,2
HH_26318,14,2,1
HH_26319,7,5,1
HH_26320,16,5,0
HH_26321,11,3,0
HH_26322,5,3,0
HH_26323,13,3,3
HH_26324,17,6,0
HH_26325,11,6,1
HH_26326,12,5,1
HH_26327,16,2,1
HH_26328,10,5,5
HH_26329,15,6,2
HH_26330,7,6,1
HH_26331,13,6,0
HH_26332,16,6,1
HH_26333,13,7,1
HH_26334,11,6,1
HH_26335,16,3,0
HH_26336,16,6,2
HH_26337,18,5,0
HH_26338,9,6,1
HH_26339,11,5,3
HH_26340,11,7,2
HH_26341,10,4,0
HH_26342,10,4,0
HH_26343,9,3,2
HH_26344,10,4,1
HH_26345,9,4,1
HH_26346,14,3,0
HH_26347,8,6,0
HH_26348,11,9,1
HH_26349,16,3,4
HH_26350,12,3,0
HH_26351,14,6,0
HH_26352,14,7,0
HH_26353,15,6,1
HH_26354,11,3,0
HH_26355,12,9,2
HH_26356,17,8,0
HH_26357,15,3,0
HH_26358,18,5,1
HH_26359,13,9,0
HH_26360,15,2,1
HH_26361,9,3,2
HH_26362,16,11,3
HH_26363,8,4,0
HH_26364,8,5,2
HH_26365,12,6,0
HH_26366,13,7,2
HH_26367,6,3,0
HH_26368,15,5,0
HH_26369,10,6,0
HH_26370,11,3,1
HH_26371,10,5,1
HH_26372,17,1,0
HH_26373,6,4,2
HH_26374,16,9,1
HH_26375,8,4,1
HH_26376,10,8,0
HH_26377,16,3,0
HH_26378,14,7,3
HH_26379,11,1,0
HH_26380,14,6,0
HH_26381,7,4,1
HH_26382,12,3,1
HH_26383,9,7,1
HH_26384,8,9,0
HH_26385,11,3,1
HH_26386,12,5,2
HH_26387,16,8,1
HH_26388,10,2,2
HH_26389,9,7,0
HH_26390,10,7,2
HH_26391,10,1,2
HH_26392,15,5,0
HH_26393,10,5,2
HH_26394,19,1,1
HH_26395,21,6,0
HH_26396,7,5,1
HH_26397,23,9,4
HH_26398,12,3,3
HH_26399,18,3,0
HH_26400,18,0,1
HH_26401,14,7,1
HH_26402,13,6,2
HH_26403,14,2,2
HH_26404,10,6,1
HH_26405,10,7,1
HH_26406,13,3,2
HH_26407,11,4,1
HH_26408,13,6,0
HH_26409,14,6,0
HH_26410,14,9,0
HH_26411,10,6,3
HH_26412,12,8,1
HH_26413,10,5,0
HH_26414,15,7,0
HH_26415,14,7,0
HH_26416,12,3,0
HH_26417,19,8,1
HH_26418,6,8,1
HH_26419,11,4,2
HH_26420,8,6,0
HH_26421,9,6,0
HH_26422,11,5,3
HH_26423,12,5,0
HH_26424,12,8,0
HH_26425,17,5,0
HH_26426,12,4,1
HH_26427,14,4,1
HH_26428,9,6,1
HH_26429,13,5,1
HH_26430,21,6,0
HH_26431,13,9,2
HH_26432,11,5,1
HH_26433,14,8,0
HH_26434,8,5,1
HH_26435,3,5,0
HH_26436,13,8,2
HH_26437,23,1,3
HH_26438,14,2,2
HH_26439,12,7,1
HH_26440,10,9,0
HH_26441,8,5,0
HH_26442,4,6,1
HH_26443,18,6,0
HH_26444,15,8,4
HH_26445,16,5,1
HH_26446,5,8,0
HH_26447,10,4,1
HH_26448,14,3,2
HH_26449,14,5,2
HH_26450,15,4,3
HH_26451,8,4,1
HH_26452,18,6,1
HH_26453,11,3,1
HH_26454,11,4,0
HH_26455,13,7,1
HH_26456,9,7,0
HH_26457,13,7,0
HH_26458,8,4,3
HH_26459,15,4,2
HH_26460,12,4,1
HH_26461,14,6,1
HH_26462,12,7,0
HH_26463,10,2,0
HH_26464,12,8,1
HH_26465,6,7,1
HH_26466,11,1,0
HH_26467,10,7,0
HH_26468,14,8,0
HH_26469,9,5,5
HH_26470,12,6,3
HH_26471,15,6,0
HH_26472,9,9,1
HH_26473,11,5,0
HH_26474,11,7,2
HH_26475,14,5,4
HH_26476,14,7,0
HH_26477,16,6,0
HH_26478,13,5,0
HH_26479,8,4,3
HH_26480,8,7,1
HH_26481,9,8,0
HH_26482,14,3,1
HH_26483,13,4,0
HH_26484,14,4,0
HH_26485,12,7,0
HH_26486,14,6,0
HH_26487,10,9,1
HH_26488,14,4,1
HH_26489,11,4,1
HH_26490,12,4,3
HH_26491,10,6,0
HH_26492,14,7,0
HH_26493,8,4,0
HH_26494,12,2,0
HH_26495,17,4,3
HH_26496,19,7,0
HH_26497,16,3,2
HH_26498,10,6,0
HH_26499,10,6,1
HH_26500,15,3,1
HH_26501,13,5,1
HH_26502,9,4,3
HH_26503,7,5,1
HH_26504,14,4,2
HH_26505,12,6,1
HH_26506,11,5,0
HH_26507,11,3,0
HH_26508,8,7,0
HH_26509,11,8,1
HH_26510,16,10,2
HH_26511,10,5,1
HH_26512,14,1,3
HH_26513,12,4,3
HH_26514,10,5,1
HH_26515,13,6,0
HH_26516,8,4,0
HH_26517,17,6,2
HH_26518,9,4,0
HH_26519,8,4,1
HH_26520,16,8,0
HH_26521,12,6,0
HH_26522,9,3,3
HH_26523,13,7,0
HH_26524,11,5,0
HH_26525,12,6,0
HH_26526,9,7,0
HH_26527,9,5,1
HH_26528,14,6,0
HH_26529,11,4,0
HH_26530,13,8,0
HH_26531,10,10,0
HH_26532,12,7,2
HH_26533,15,8,2
HH_26534,14,3,1
HH_26535,10,4,1
HH_26536,14,9,0
HH_26537,19,7,2
HH_26538,12,2,0
HH_26539,13,2,0
HH_26540,6,8,0
HH_26541,10,8,0
HH_26542,6,5,1
HH_26543,11,3,2
HH_26544,10,5,1
HH_26545,16,5,2
HH_26546,13,1,0
HH_26547,17,3,1
HH_26548,6,4,0
HH_26549,12,6,1
HH_26550,15,6,0
HH_26551,20,7,0
HH_26552,15,8,1
HH_26553,15,6,0
HH_26554,11,7,3
HH_26555,11,9,0
HH_26556,14,5,1
HH_26557,14,5,0
HH_26558,12,6,0
HH_26559,12,7,1
HH_26560,11,2,1
HH_26561,13,9,0
HH_26562,11,3,0
HH_26563,19,4,0
HH_26564,12,5,1
HH_26565,6,4,1
HH_26566,14,4,3
HH_26567,10,6,1
HH_26568,9,3,2
HH_26569,9,5,0
HH_26570,9,4,5
HH_26571,9,6,1
HH_26572,9,7,1
HH_26573,9,5,2
HH_26574,11,4,1
HH_26575,15,3,2
HH_26576,13,5,0
HH_26577,13,7,1
HH_26578,11,3,0
HH_26579,24,7,1
HH_26580,14,4,0
HH_26581,10,2,1
HH_26582,7,3,0
HH_26583,12,3,0
HH_26584,12,4,0
HH_26585,13,5,0
HH_26586,16,5,1
HH_26587,13,3,0
HH_26588,14,4,1
HH_26589,16,7,0
HH_26590,9,5,1
HH_26591,14,0,0
HH_26592,17,5,2
HH_26593,11,4,1
HH_26594,15,6,0
HH_26595,9,5,1
HH_26596,18,3,2
HH_26597,17,3,1
HH_26598,12,5,3
HH_26599,12,5,2
HH_26600,14,4,0
HH_26601,12,4,2
HH_26602,11,6,1
HH_26603,14,5,0
HH_26604,17,7,0
HH_26605,8,11,2
HH_26606,14,6,1
HH_26607,8,6,0
HH_26608,13,3,1
HH_26609,12,6,3
HH_26610,8,3,2
HH_26611,7,7,2
HH_26612,13,4,2
HH_26613,7,1,2
HH_26614,13,6,2
HH_26615,11,3,2
HH_26616,16,5,3
HH_26617,14,4,1
HH_26618,9,7,1
HH_26619,14,3,0
HH_26620,15,3,1
HH_26621,13,4,1
HH_26622,16,4,0
HH_26623,15,4,1
HH_26624,15,7,0
HH_26625,9,2,3
HH_26626,7,4,1
HH_26627,13,3,1
HH_26628,16,2,0
HH_26629,10,1,0
HH_26630,14,4,0
HH_26631,8,5,0
HH_26632,10,6,0
HH_26633,19,3,1
HH_26634,12,2,1
HH_26635,17,3,1
HH_26636,11,2,1
HH_26637,11,7,1
HH_26638,9,7,1
HH_26639,12,3,1
HH_26640,8,6,2
HH_26641,9,6,0
HH_26642,9,6,0
HH_26643,7,6,1
HH_26644,11,6,3
HH_26645,11,6,3
HH_26646,8,9,2
HH_26647,6,3,2
HH_26648,9,4,1
HH_26649,17,3,1
HH_26650,12,4,0
HH_26651,18,2,0
HH_26652,11,2,3
HH_26653,19,5,0
HH_26654,11,4,1
HH_26655,13,4,1
HH_26656,15,5,0
HH_26657,9,3,1
HH_26658,10,5,1
HH_26659,13,6,1
HH_26660,11,9,1
HH_26661,17,6,0
HH_26662,13,10,1
HH_26663,6,10,0
HH_26664,12,3,3
HH_26665,16,5,0
HH_26666,16,4,3
HH_26667,13,4,0
HH_26668,11,5,2
HH_26669,8,7,0
HH_26670,9,4,4
HH_26671,7,5,1
HH_26672,12,8,0
HH_26673,13,7,0
HH_26674,13,7,0
HH_26675,15,8,1
HH_26676,9,3,0
HH_26677,10,3,0
HH_26678,6,4,0
HH_26679,12,6,1
HH_26680,10,8,1
HH_26681,9,1,2
HH_26682,11,1,1
HH_26683,11,4,1
HH_26684,10,6,1
HH_26685,12,8,1
HH_26686,13,8,0
HH_26687,14,7,3
HH_26688,9,4,2
HH_26689,12,8,1
HH_26690,14,3,0
HH_26691,9,8,3
HH_26692,7,5,2
HH_26693,12,6,1
HH_26694,12,5,0
HH_26695,11,4,1
HH_26696,19,7,2
HH_26697,9,6,0
HH_26698,9,2,2
HH_26699,15,3,0
HH_26700,17,5,2
HH_26701,13,7,0
HH_26702,14,5,3
HH_26703,12,5,2
HH_26704,11,6,2
HH_26705,9,2,0
HH_26706,13,1,4
HH_26707,11,5,2
HH_26708,13,8,2
HH_26709,10,11,2
HH_26710,10,5,0
HH_26711,14,3,2
HH_26712,9,2,1
HH_26713,12,6,4
HH_26714,15,5,2
HH_26715,8,8,1
HH_26716,13,6,1
HH_26717,11,4,0
HH_26718,9,5,0
HH_26719,12,9,0
HH_26720,12,6,0
HH_26721,8,6,0
HH_26722,13,5,1
HH_26723,14,7,2
HH_26724,13,6,1
HH_26725,14,5,1
HH_26726,14,1,1
HH_26727,9,3,1
HH_26728,11,8,0
HH_26729,11,7,0
HH_26730,7,2,1
HH_26731,9,6,1
HH_26732,12,5,2
HH_26733,13,5,1
HH_26734,13,8,0
HH_26735,15,1,0
HH_26736,9,3,1
HH_26737,13,6,2
HH_26738,12,0,1
HH_26739,10,8,0
HH_26740,16,4,0
HH_26741,23,4,2
HH_26742,17,6,4
HH_26743,18,3,3
HH_26744,18,4,2
HH_26745,11,5,1
HH_26746,17,2,1
HH_26747,5,10,0
HH_26748,7,5,0
HH_26749,16,2,1
HH_26750,4,4,1
HH_26751,14,2,1
HH_26752,14,3,1
HH_26753,6,10,1
HH_26754,12,7,0
HH_26755,10,4,0
HH_26756,11,4,2
HH_26757,4,4,0
HH_26758,10,7,1
HH_26759,12,2,0
HH_26760,7,7,1
HH_26761,11,5,0
HH_26762,12,3,1
HH_26763,12,5,2
HH_26764,13,4,0
HH_26765,10,3,1
HH_26766,12,3,0
HH_26767,6,5,2
HH_26768,18,4,1
HH_26769,11,6,2
HH_26770,9,7,0
HH_26771,17,3,1
HH_26772,13,6,0
HH_26773,11,5,2
HH_26774,9,8,1
HH_26775,11,5,1
HH_26776,14,7,3
HH_26777,10,6,1
HH_26778,10,4,1
HH_26779,18,3,2
HH_26780,15,6,0
HH_26781,11,5,1
HH_26782,7,10,1
HH_26783,17,7,3
HH_26784,6,4,0
HH_26785,12,4,1
HH_26786,13,8,0
HH_26787,5,9,2
HH_26788,17,4,0
HH_26789,11,5,1
HH_26790,17,8,2
HH_26791,13,7,0
HH_26792,14,3,0
HH_26793,13,3,0
HH_26794,16,3,2
HH_26795,7,7,0
HH_26796,16,6,1
HH_26797,7,9,1
HH_26798,8,8,0
HH_26799,6,6,2
HH_26800,11,6,0
HH_26801,11,6,0
HH_26802,18,7,1
HH_26803,9,4,0
HH_26804,15,2,0
HH_26805,12,4,1
HH_26806,13,3,1
HH_26807,13,4,2
HH_26808,8,4,3
HH_26809,14,9,3
HH_26810,14,10,2
HH_26811,10,9,1
HH_26812,12,2,0
HH_26813,7,4,0
HH_26814,12,2,3
HH_26815,23,7,0
HH_26816,13,7,1
HH_26817,9,2,0
HH_26818,16,2,1
HH_26819,13,4,1
HH_26820,17,2,2
HH_26821,12,4,1
HH_26822,6,7,0
HH_26823,8,5,1
HH_26824,14,4,0
HH_26825,15,2,1
HH_26826,16,9,1
HH_26827,8,8,2
HH_26828,12,3,2
HH_26829,7,2,1
HH_26830,20,7,0
HH_26831,12,4,2
HH_26832,15,6,2
HH_26833,13,4,2
HH_26834,16,2,2
HH_26835,16,11,1
HH_26836,13,7,2
HH_26837,11,2,1
HH_26838,9,7,0
HH_26839,10,7,1
HH_26840,8,5,1
HH_26841,12,14,0
HH_26842,17,4,1
HH_26843,11,4,0
HH_26844,9,3,0
HH_26845,12,7,0
HH_26846,17,1,2
HH_26847,12,4,0
HH_26848,5,9,2
HH_26849,13,6,0
HH_26850,14,4,1
HH_26851,10,3,1
HH_26852,12,2,2
HH_26853,10,1,0
HH_26854,14,6,2
HH_26855,21,5,1
HH_26856,5,4,1
HH_26857,8,2,1
HH_26858,15,8,2
HH_26859,9,5,3
HH_26860,14,5,0
HH_26861,12,7,1
HH_26862,12,3,1
HH_26863,14,2,0
HH_26864,11,4,2
HH_26865,10,4,0
HH_26866,11,4,0
HH_26867,18,6,3
HH_26868,11,4,2
HH_26869,10,13,3
HH_26870,12,4,1
HH_26871,11,3,3
HH_26872,11,2,5
HH_26873,15,11,1
HH_26874,13,5,1
HH_26875,18,8,1
HH_26876,13,10,1
HH_26877,15,1,2
HH_26878,15,2,3
HH_26879,10,3,1
HH_26880,17,2,1
HH_26881,12,6,1
HH_26882,13,2,0
HH_26883,13,8,0
HH_26884,14,3,0
HH_26885,11,1,0
HH_26886,9,9,0
HH_26887,9,3,0
HH_26888,13,7,1
HH_26889,16,4,1
HH_26890,11,2,1
HH_26891,8,4,2
HH_26892,13,3,1
HH_26893,7,2,0
HH_26894,6,12,0
HH_26895,17,6,0
HH_26896,11,5,0
HH_26897,23,5,3
HH_26898,18,4,3
HH_26899,11,7,2
HH_26900,11,6,0
HH_26901,11,6,0
HH_26902,9,7,1
HH_26903,11,2,2
HH_26904,8,6,1
HH_26905,15,4,0
HH_26906,9,3,1
HH_26907,20,1,0
HH_26908,21,6,1
HH_26909,5,5,1
HH_26910,13,3,0
HH_26911,13,3,2
HH_26912,14,3,4
HH_26913,12,7,1
HH_26914,9,8,1
HH_26915,8,7,2
HH_26916,8,5,0
HH_26917,8,5,2
HH_26918,13,8,0
HH_26919,12,8,1
HH_26920,11,7,0
HH_26921,11,5,3
HH_26922,11,5,0
HH_26923,12,5,1
HH_26924,11,7,1
HH_26925,12,3,1
HH_26926,9,5,2
HH_26927,13,9,1
HH_26928,13,3,0
HH_26929,11,7,0
HH_26930,16,6,0
HH_26931,12,5,1
HH_26932,10,8,0
HH_26933,13,3,2
HH_26934,7,3,0
HH_26935,17,3,2
HH_26936,16,8,2
HH_26937,9,2,0
HH_26938,14,4,0
HH_26939,10,5,0
HH_26940,8,3,1
HH_26941,9,6,6
HH_26942,13,1,0
HH_26943,15,4,0
HH_26944,12,2,1
HH_26945,16,6,1
HH_26946,17,6,2
HH_26947,14,7,0
HH_26948,10,5,1
HH_26949,10,5,0
HH_26950,6,4,4
HH_26951,16,5,1
HH_26952,17,7,0
HH_26953,9,3,1
HH_26954,13,4,4
HH_26955,14,6,0
HH_26956,10,8,0
HH_26957,12,6,0
HH_26958,10,5,0
HH_26959,9,6,0
HH_26960,14,5,2
HH_26961,18,6,4
HH_26962,9,5,2
HH_26963,9,4,1
HH_26964,18,4,1
HH_26965,10,4,1
HH_26966,9,5,1
HH_26967,10,5,3
HH_26968,10,4,2
HH_26969,13,3,0
HH_26970,11,8,1
HH_26971,9,5,2
HH_26972,9,3,0
HH_26973,12,6,0
HH_26974,11,4,1
HH_26975,14,7,1
HH_26976,9,4,1
HH_26977,8,7,2
HH_26978,15,2,3
HH_26979,18,2,3
HH_26980,9,3,1
HH_26981,11,9,2
HH_26982,14,6,1
HH_26983,9,4,1
HH_26984,7,6,0
HH_26985,10,1,0
HH_26986,12,4,1
HH_26987,11,5,1
HH_26988,9,4,1
HH_26989,10,5,0
HH_26990,6,6,0
HH_26991,18,8,2
HH_26992,13,4,0
HH_26993,9,0,1
HH_26994,16,8,1
HH_26995,13,7,0
HH_26996,13,5,0
HH_26997,16,2,3
HH_26998,16,3,3
HH_26999,19,8,2
HH_27000,16,1,1
HH_27001,14,4,1
HH_27002,8,7,1
HH_27003,10,6,0
HH_27004,11,5,4
HH_27005,11,7,2
HH_27006,7,7,2
HH_27007,9,5,1
HH_27008,9,6,1
HH_27009,12,5,0
HH_27010,10,8,2
HH_27011,13,6,0
HH_27012,5,4,1
HH_27013,12,2,0
HH_27014,16,2,0
HH_27015,18,5,5
HH_27016,3,5,0
HH_27017,11,5,1
HH_27018,15,1,1
HH_27019,18,6,2
HH_27020,11,7,1
HH_27021,15,8,3
HH_27022,10,6,1
HH_27023,13,4,0
HH_27024,16,3,1
HH_27025,14,3,0
HH_27026,15,4,2
HH_27027,8,6,0
HH_27028,17,4,0
HH_27029,11,2,0
HH_27030,6,6,0
HH_27031,12,4,0
HH_27032,12,3,2
HH_27033,9,5,1
HH_27034,14,4,1
HH_27035,13,4,1
HH_27036,15,1,2
HH_27037,13,6,0
HH_27038,9,1,0
HH_27039,15,11,1
HH_27040,15,6,0
HH_27041,14,4,0
HH_27042,20,5,1
HH_27043,10,7,0
HH_27044,14,2,2
HH_27045,14,10,0
HH_27046,11,3,1
HH_27047,18,3,0
HH_27048,16,3,0
HH_27049,7,4,0
HH_27050,13,3,0
HH_27051,14,10,1
HH_27052,6,4,0
HH_27053,11,3,2
HH_27054,15,5,0
HH_27055,15,8,1
HH_27056,14,4,1
HH_27057,14,5,1
HH_27058,15,8,1
HH_27059,11,3,1
HH_27060,15,11,1
HH_27061,19,5,2
HH_27062,12,4,1
HH_27063,8,6,0
HH_27064,11,6,1
HH_27065,9,5,0
HH_27066,9,6,1
HH_27067,16,7,1
HH_27068,10,5,0
HH_27069,12,6,1
HH_27070,8,5,0
HH_27071,10,4,1
HH_27072,14,9,1
HH_27073,14,5,1
HH_27074,11,4,2
HH_27075,11,5,0
HH_27076,9,7,1
HH_27077,18,6,0
HH_27078,12,6,1
HH_27079,11,1,3
HH_27080,10,4,1
HH_27081,7,6,2
HH_27082,15,5,0
HH_27083,12,4,0
HH_27084,12,3,1
HH_27085,8,7,1
HH_27086,12,8,1
HH_27087,14,4,3
HH_27088,10,5,1
HH_27089,13,4,0
HH_27090,13,3,1
HH_27091,10,3,0
HH_27092,11,7,1
HH_27093,11,4,2
HH_27094,11,5,0
HH_27095,15,3,0
HH_27096,13,10,0
HH_27097,16,4,0
HH_27098,11,10,0
HH_27099,14,8,1
HH_27100,17,2,1
HH_27101,15,4,0
HH_27102,10,6,1
HH_27103,12,5,1
HH_27104,10,4,0
HH_27105,9,5,0
HH_27106,14,9,0
HH_27107,13,3,3
HH_27108,16,4,1
HH_27109,15,3,1
HH_27110,8,3,1
HH_27111,13,7,1
HH_27112,13,5,1
HH_27113,16,5,2
HH_27114,12,4,2
HH_27115,15,2,1
HH_27116,12,3,0
HH_27117,10,1,1
HH_27118,14,7,0
HH_27119,12,4,1
HH_27120,13,6,0
HH_27121,8,4,1
HH_27122,8,4,1
HH_27123,11,5,1
HH_27124,12,5,1
HH_27125,9,6,0
HH_27126,11,5,2
HH_27127,19,5,1
HH_27128,9,4,1
HH_27129,10,10,2
HH_27130,10,2,1
HH_27131,13,6,1
HH_27132,12,7,0
HH_27133,10,5,1
HH_27134,10,8,1
HH_27135,13,3,1
HH_27136,12,5,4
HH_27137,16,5,1
HH_27138,9,3,0
HH_27139,8,6,1
HH_27140,9,6,0
HH_27141,8,5,0
HH_27142,11,6,1
HH_27143,17,4,0
HH_27144,15,4,1
HH_27145,11,2,0
HH_27146,10,4,2
HH_27147,12,7,0
HH_27148,8,6,2
HH_27149,12,7,1
HH_27150,13,5,0
HH_27151,5,7,1
HH_27152,8,5,1
HH_27153,8,3,1
HH_27154,5,3,1
HH_27155,18,5,1
HH_27156,11,4,1
HH_27157,16,5,4
HH_27158,10,7,2
HH_27159,9,7,0
HH_27160,9,8,1
HH_27161,9,2,1
HH_27162,9,6,1
HH_27163,14,4,1
HH_27164,9,6,1
HH_27165,15,6,0
HH_27166,11,1,0
HH_27167,9,5,2
HH_27168,13,9,1
HH_27169,10,3,0
HH_27170,12,4,2
HH_27171,12,2,0
HH_27172,14,3,2
HH_27173,8,2,0
HH_27174,11,3,2
HH_27175,9,3,0
HH_27176,19,6,1
HH_27177,10,11,2
HH_27178,17,4,0
HH_27179,20,9,1
HH_27180,19,2,0
HH_27181,18,4,2
HH_27182,11,6,1
HH_27183,13,4,1
HH_27184,12,5,1
HH_27185,7,3,2
HH_27186,11,5,1
HH_27187,11,7,0
HH_27188,17,4,1
HH_27189,15,7,1
HH_27190,6,6,2
HH_27191,12,5,0
HH_27192,7,5,2
HH_27193,19,4,1
HH_27194,13,3,2
HH_27195,10,4,2
HH_27196,14,6,1
HH_27197,8,9,0
HH_27198,11,8,1
HH_27199,12,1,1
HH_27200,12,6,2
HH_27201,18,10,1
HH_27202,13,4,2
HH_27203,8,2,1
HH_27204,11,2,2
HH_27205,23,5,2
HH_27206,5,6,0
HH_27207,11,9,0
HH_27208,12,6,0
HH_27209,12,1,1
HH_27210,10,4,0
HH_27211,11,8,1
HH_27212,14,4,2
HH_27213,14,5,0
HH_27214,8,5,0
HH_27215,17,7,1
HH_27216,13,2,0
HH_27217,9,2,0
HH_27218,12,2,2
HH_27219,9,2,0
HH_27220,15,6,2
HH_27221,13,5,0
HH_27222,12,7,2
HH_27223,24,3,1
HH_27224,14,3,3
HH_27225,9,6,1
HH_27226,14,4,1
HH_27227,12,6,1
HH_27228,12,10,1
HH_27229,15,9,4
HH_27230,11,8,0
HH_27231,11,8,5
HH_27232,9,5,1
HH_27233,14,4,0
HH_27234,10,5,3
HH_27235,9,5,0
HH_27236,16,4,1
HH_27237,11,4,1
HH_27238,10,3,3
HH_27239,10,6,2
HH_27240,10,6,1
HH_27241,11,3,1
HH_27242,6,8,0
HH_27243,9,7,0
HH_27244,11,7,1
HH_27245,12,6,0
HH_27246,17,3,1
HH_27247,13,2,0
HH_27248,19,9,2
HH_27249,9,6,2
HH_27250,14,4,0
HH_27251,12,5,0
HH_27252,13,7,1
HH_27253,12,3,4
HH_27254,7,4,1
HH_27255,10,3,1
HH_27256,6,8,2
HH_27257,9,7,1
HH_27258,5,1,0
HH_27259,19,4,1
HH_27260,10,6,2
HH_27261,16,3,1
HH_27262,11,4,0
HH_27263,12,11,0
HH_27264,14,4,0
HH_27265,13,4,0
HH_27266,16,6,2
HH_27267,17,10,2
HH_27268,16,6,0
HH_27269,15,7,1
HH_27270,8,1,2
HH_27271,10,3,3
HH_27272,11,6,1
HH_27273,7,7,3
HH_27274,15,2,1
HH_27275,11,1,0
HH_27276,4,4,2
HH_27277,13,5,3
HH_27278,14,5,0
HH_27279,19,5,0
HH_27280,9,3,0
HH_27281,15,9,0
HH_27282,14,5,0
HH_27283,11,4,0
HH_27284,9,2,1
HH_27285,13,3,1
HH_27286,9,6,1
HH_27287,11,3,0
HH_27288,8,5,1
HH_27289,14,3,2
HH_27290,10,9,1
HH_27291,10,7,1
HH_27292,15,7,3
HH_27293,8,4,0
HH_27294,12,4,0
HH_27295,9,2,0
HH_27296,11,4,3
HH_27297,15,6,0
HH_27298,13,7,1
HH_27299,11,7,1
HH_27300,17,6,1
HH_27301,7,4,1
HH_27302,10,4,0
HH_27303,13,6,2
HH_27304,8,1,1
HH_27305,10,10,3
HH_27306,14,6,0
HH_27307,19,3,2
HH_27308,12,5,2
HH_27309,10,5,0
HH_27310,14,1,0
HH_27311,11,5,2
HH_27312,10,4,1
HH_27313,12,4,1
HH_27314,12,5,1
HH_27315,5,1,0
HH_27316,11,9,1
HH_27317,7,6,1
HH_27318,13,7,1
HH_27319,14,5,0
HH_27320,10,1,1
HH_27321,13,5,2
HH_27322,11,4,0
HH_27323,18,1,3
HH_27324,9,3,0
HH_27325,6,1,0
HH_27326,10,1,0
HH_27327,12,2,1
HH_27328,13,6,0
HH_27329,9,8,1
HH_27330,14,6,1
HH_27331,7,6,1
HH_27332,14,8,0
HH_27333,11,1,2
HH_27334,15,6,1
HH_27335,13,6,2
HH_27336,8,10,1
HH_27337,12,3,1
HH_27338,10,5,0
HH_27339,11,9,5
HH_27340,8,6,2
HH_27341,13,5,0
HH_27342,21,6,1
HH_27343,11,4,0
HH_27344,11,3,2
HH_27345,14,3,1
HH_27346,15,4,0
HH_27347,15,5,0
HH_27348,14,7,2
HH_27349,11,5,1
HH_27350,6,9,0
HH_27351,14,7,1
HH_27352,11,4,0
HH_27353,12,4,1
HH_27354,14,2,0
HH_27355,14,8,0
HH_27356,19,3,0
HH_27357,10,7,0
HH_27358,17,1,0
HH_27359,13,4,0
HH_27360,13,4,0
HH_27361,9,4,1
HH_27362,8,6,0
HH_27363,14,2,0
HH_27364,15,4,2
HH_27365,13,7,2
HH_27366,15,4,0
HH_27367,9,4,2
HH_27368,10,10,2
HH_27369,6,5,1
HH_27370,11,4,1
HH_27371,8,3,0
HH_27372,10,8,1
HH_27373,16,5,2
HH_27374,9,8,5
HH_27375,13,2,2
HH_27376,9,6,2
HH_27377,13,5,0
HH_27378,9,10,0
HH_27379,12,4,4
HH_27380,12,2,0
HH_27381,19,2,2
HH_27382,9,5,0
HH_27383,12,7,2
HH_27384,12,9,1
HH_27385,9,10,0
HH_27386,12,5,2
HH_27387,11,2,0
HH_27388,13,7,1
HH_27389,11,3,0
HH_27390,17,2,2
HH_27391,7,4,2
HH_27392,14,9,3
HH_27393,9,7,2
HH_27394,11,4,3
HH_27395,13,4,1
HH_27396,13,5,1
HH_27397,13,4,1
HH_27398,12,2,0
HH_27399,12,3,2
HH_27400,12,9,2
HH_27401,16,5,0
HH_27402,20,1,0
HH_27403,19,3,2
HH_27404,9,3,0
HH_27405,14,3,0
HH_27406,10,6,1
HH_27407,13,5,1
HH_27408,14,7,2
HH_27409,11,4,1
HH_27410,13,6,0
HH_27411,14,7,2
HH_27412,11,6,1
HH_27413,8,4,1
HH_27414,11,5,3
HH_27415,14,3,1
HH_27416,15,4,0
HH_27417,16,7,0
HH_27418,8,6,0
HH_27419,14,3,1
HH_27420,19,4,0
HH_27421,9,6,1
HH_27422,11,6,1
HH_27423,20,3,2
HH_27424,8,2,3
HH_27425,8,8,1
HH_27426,12,6,1
HH_27427,13,3,0
HH_27428,9,2,1
HH_27429,11,5,1
HH_27430,15,5,0
HH_27431,13,7,2
HH_27432,11,5,0
HH_27433,15,6,2
HH_27434,19,6,0
HH_27435,10,6,1
HH_27436,6,8,0
HH_27437,11,4,1
HH_27438,10,3,2
HH_27439,14,5,0
HH_27440,13,3,3
HH_27441,13,6,0
HH_27442,9,10,1
HH_27443,5,1,1
HH_27444,14,4,0
HH_27445,17,4,2
HH_27446,12,5,4
HH_27447,14,1,1
HH_27448,10,3,2
HH_27449,11,6,2
HH_27450,15,5,0
HH_27451,12,7,2
HH_27452,14,8,4
HH_27453,14,7,1
HH_27454,11,4,1
HH_27455,8,5,3
HH_27456,10,3,0
HH_27457,16,8,0
HH_27458,11,5,1
HH_27459,8,3,0
HH_27460,14,9,2
HH_27461,12,2,3
HH_27462,16,4,1
HH_27463,7,4,3
HH_27464,13,5,0
HH_27465,18,3,1
HH_27466,16,6,2
HH_27467,12,5,1
HH_27468,8,5,2
HH_27469,16,1,0
HH_27470,9,6,0
HH_27471,13,7,3
HH_27472,18,2,2
HH_27473,11,8,1
HH_27474,16,10,2
HH_27475,11,5,1
HH_27476,11,5,0
HH_27477,11,1,1
HH_27478,13,1,0
HH_27479,7,7,0
HH_27480,11,4,0
HH_27481,12,7,3
HH_27482,15,4,0
HH_27483,15,7,3
HH_27484,13,5,1
HH_27485,9,3,3
HH_27486,10,4,0
HH_27487,11,1,1
HH_27488,10,4,1
HH_27489,2,7,0
HH_27490,11,3,2
HH_27491,10,7,2
HH_27492,18,3,0
HH_27493,15,4,0
HH_27494,18,3,1
HH_27495,10,5,2
HH_27496,4,4,0
HH_27497,11,8,1
HH_27498,15,10,0
HH_27499,10,3,0
HH_27500,12,5,0
HH_27501,10,2,0
HH_27502,12,7,1
HH_27503,13,9,2
HH_27504,12,7,2
HH_27505,10,8,0
HH_27506,11,4,1
HH_27507,9,6,1
HH_27508,14,6,0
HH_27509,13,9,1
HH_27510,11,4,0
HH_27511,16,3,4
HH_27512,17,4,2
HH_27513,11,1,1
HH_27514,4,5,2
HH_27515,13,7,1
HH_27516,11,6,2
HH_27517,11,3,0
HH_27518,11,4,1
HH_27519,13,7,3
HH_27520,7,1,2
HH_27521,12,5,2
HH_27522,10,4,1
HH_27523,8,3,2
HH_27524,14,8,1
HH_27525,11,6,0
HH_27526,10,11,0
HH_27527,12,9,1
HH_27528,17,3,3
HH_27529,13,4,0
HH_27530,9,6,0
HH_27531,15,1,1
HH_27532,12,4,0
HH_27533,15,3,2
HH_27534,13,11,1
HH_27535,15,4,0
HH_27536,8,3,4
HH_27537,15,10,1
HH_27538,13,5,1
HH_27539,19,3,1
HH_27540,19,4,0
HH_27541,8,5,0
HH_27542,15,2,1
HH_27543,18,9,0
HH_27544,11,0,1
HH_27545,12,5,0
HH_27546,12,1,0
HH_27547,11,1,0
HH_27548,11,5,2
HH_27549,7,5,1
HH_27550,13,5,3
HH_27551,13,6,2
HH_27552,16,6,0
HH_27553,8,3,0
HH_27554,10,6,1
HH_27555,5,6,0
HH_27556,10,9,0
HH_27557,15,6,1
HH_27558,12,1,1
HH_27559,12,6,1
HH_27560,11,5,1
HH_27561,13,2,2
HH_27562,13,4,2
HH_27563,15,6,2
HH_27564,7,10,1
HH_27565,14,7,1
HH_27566,7,4,1
HH_27567,13,6,0
HH_27568,9,3,0
HH_27569,14,1,0
HH_27570,8,2,1
HH_27571,10,3,1
HH_27572,15,4,1
HH_27573,13,8,1
HH_27574,20,4,0
HH_27575,10,8,0
HH_27576,10,3,0
HH_27577,18,7,1
HH_27578,8,5,2
HH_27579,5,6,3
HH_27580,19,5,1
HH_27581,9,2,0
HH_27582,16,8,2
HH_27583,10,6,0
HH_27584,6,10,0
HH_27585,9,4,3
HH_27586,9,8,2
HH_27587,12,8,1
HH_27588,7,8,0
HH_27589,10,6,0
HH_27590,15,5,1
HH_27591,5,4,0
HH_27592,17,1,1
HH_27593,7,6,2
HH_27594,12,8,1
HH_27595,11,4,0
HH_27596,15,7,1
HH_27597,16,7,0
HH_27598,7,6,0
HH_27599,10,2,1
HH_27600,9,6,2
HH_27601,14,2,1
HH_27602,9,3,0
HH_27603,21,5,1
HH_27604,11,7,3
HH_27605,12,7,2
HH_27606,14,1,1
HH_27607,9,5,1
HH_27608,14,5,0
HH_27609,6,11,1
HH_27610,15,4,2
HH_27611,15,2,0
HH_27612,19,3,0
HH_27613,16,3,0
HH_27614,14,1,0
HH_27615,15,5,2
HH_27616,13,6,0
HH_27617,12,5,0
HH_27618,11,5,1
HH_27619,6,2,1
HH_27620,10,9,0
HH_27621,16,5,2
HH_27622,17,7,2
HH_27623,6,6,0
HH_27624,12,2,0
HH_27625,8,6,1
HH_27626,12,8,1
HH_27627,14,3,0
HH_27628,15,3,1
HH_27629,11,1,2
HH_27630,10,5,1
HH_27631,15,6,0
HH_27632,8,6,3
HH_27633,13,5,0
HH_27634,17,5,1
HH_27635,13,10,1
HH_27636,12,6,2
HH_27637,12,7,0
HH_27638,14,6,2
HH_27639,15,2,3
HH_27640,7,4,3
HH_27641,12,3,0
HH_27642,10,3,0
HH_27643,5,3,0
HH_27644,11,2,0
HH_27645,14,4,1
HH_27646,17,6,2
HH_27647,9,3,1
HH_27648,7,7,1
HH_27649,8,1,4
HH_27650,11,3,1
HH_27651,6,6,2
HH_27652,8,4,0
HH_27653,12,4,0
HH_27654,19,4,1
HH_27655,6,5,0
HH_27656,16,6,2
HH_27657,9,5,0
HH_27658,15,10,0
HH_27659,12,6,3
HH_27660,9,5,0
HH_27661,13,8,0
HH_27662,13,9,1
HH_27663,13,4,1
HH_27664,6,6,0
HH_27665,8,5,1
HH_27666,17,7,1
HH_27667,12,2,1
HH_27668,14,6,0
HH_27669,12,4,3
HH_27670,11,5,1
HH_27671,15,4,1
HH_27672,7,3,0
HH_27673,8,4,1
HH_27674,10,2,2
HH_27675,10,6,1
HH_27676,13,1,1
HH_27677,6,2,1
HH_27678,9,5,0
HH_27679,16,7,0
HH_27680,7,8,0
HH_27681,13,6,0
HH_27682,12,4,0
HH_27683,19,5,0
HH_27684,13,4,3
HH_27685,12,6,1
HH_27686,9,4,0
HH_27687,10,4,1
HH_27688,14,8,1
HH_27689,11,3,0
HH_27690,7,6,2
HH_27691,7,3,3
HH_27692,24,3,0
HH_27693,10,5,0
HH_27694,15,3,0
HH_27695,11,6,0
HH_27696,11,4,1
HH_27697,6,3,0
HH_27698,7,7,2
HH_27699,7,9,2
HH_27700,12,10,2
HH_27701,23,4,0
HH_27702,15,5,0
HH_27703,11,4,0
HH_27704,15,7,0
HH_27705,10,5,2
HH_27706,7,4,1
HH_27707,10,6,2
HH_27708,15,4,3
HH_27709,7,7,0
HH_27710,13,3,3
HH_27711,11,6,1
HH_27712,12,10,1
HH_27713,13,5,0
HH_27714,13,6,2
HH_27715,6,7,0
HH_27716,15,5,2
HH_27717,10,6,2
HH_27718,11,5,2
HH_27719,14,7,0
HH_27720,14,8,3
HH_27721,7,8,3
HH_27722,16,10,0
HH_27723,12,5,0
HH_27724,10,3,1
HH_27725,8,5,1
HH_27726,11,8,1
HH_27727,18,3,1
HH_27728,10,5,1
HH_27729,9,7,3
HH_27730,15,3,2
HH_27731,14,6,1
HH_27732,11,10,4
HH_27733,11,3,0
HH_27734,18,4,1
HH_27735,9,7,0
HH_27736,14,9,1
HH_27737,14,5,1
HH_27738,15,5,0
HH_27739,14,8,0
HH_27740,13,5,2
HH_27741,7,5,1
HH_27742,11,5,0
HH_27743,9,4,2
HH_27744,11,5,1
HH_27745,8,4,1
HH_27746,17,8,0
HH_27747,18,6,2
HH_27748,12,9,0
HH_27749,13,5,0
HH_27750,9,3,3
HH_27751,17,7,1
HH_27752,13,2,0
HH_27753,10,6,0
HH_27754,10,6,1
HH_27755,13,5,0
HH_27756,12,3,1
HH_27757,15,1,2
HH_27758,16,4,1
HH_27759,14,6,1
HH_27760,9,4,1
HH_27761,12,3,2
HH_27762,23,6,2
HH_27763,4,3,1
HH_27764,10,4,2
HH_27765,12,2,1
HH_27766,12,3,1
HH_27767,9,4,1
HH_27768,8,4,3
HH_27769,21,8,0
HH_27770,18,3,0
HH_27771,12,9,1
HH_27772,13,8,1
HH_27773,13,7,1
HH_27774,6,2,1
HH_27775,12,10,2
HH_27776,12,3,0
HH_27777,10,8,0
HH_27778,10,5,1
HH_27779,10,1,0
HH_27780,13,2,3
HH_27781,16,6,1
HH_27782,7,2,0
HH_27783,11,7,1
HH_27784,10,8,1
HH_27785,15,9,2
HH_27786,6,3,1
HH_27787,10,7,1
HH_27788,9,4,2
HH_27789,9,5,0
HH_27790,14,4,0
HH_27791,9,4,3
HH_27792,8,2,0
HH_27793,15,6,0
HH_27794,13,4,2
HH_27795,11,7,0
HH_27796,14,6,0
HH_27797,10,7,1
HH_27798,21,5,2
HH_27799,11,4,0
HH_27800,11,9,1
HH_27801,14,9,1
HH_27802,18,5,0
HH_27803,10,6,0
HH_27804,14,4,0
HH_27805,14,10,0
HH_27806,14,5,6
HH_27807,15,4,3
HH_27808,13,1,1
HH_27809,13,5,2
HH_27810,6,6,0
HH_27811,13,8,1
HH_27812,15,7,0
HH_27813,10,4,0
HH_27814,11,3,0
HH_27815,15,4,1
HH_27816,7,4,2
HH_27817,9,7,1
HH_27818,15,5,0
HH_27819,9,4,2
HH_27820,9,4,1
HH_27821,14,7,1
HH_27822,6,2,0
HH_27823,12,3,1
HH_27824,16,4,0
HH_27825,11,4,2
HH_27826,14,4,1
HH_27827,19,4,2
HH_27828,11,3,1
HH_27829,10,8,4
HH_27830,9,6,1
HH_27831,15,7,1
HH_27832,13,4,2
HH_27833,14,2,0
HH_27834,10,4,1
HH_27835,10,6,0
HH_27836,10,8,0
HH_27837,18,9,0
HH_27838,11,14,1
HH_27839,12,10,2
HH_27840,14,11,4
HH_27841,16,2,0
HH_27842,13,4,2
HH_27843,12,5,2
HH_27844,10,11,2
HH_27845,12,2,1
HH_27846,8,4,1
HH_27847,4,5,0
HH_27848,13,5,0
HH_27849,10,7,1
HH_27850,16,1,5
HH_27851,13,4,0
HH_27852,19,4,0
HH_27853,14,3,2
HH_27854,9,5,0
HH_27855,14,3,3
HH_27856,9,1,2
HH_27857,12,6,2
HH_27858,17,5,1
HH_27859,10,4,0
HH_27860,15,6,2
HH_27861,10,5,0
HH_27862,12,6,1
HH_27863,16,3,1
HH_27864,18,5,1
HH_27865,14,4,1
HH_27866,14,3,2
HH_27867,12,4,3
HH_27868,12,7,0
HH_27869,13,3,0
HH_27870,16,10,2
HH_27871,11,5,2
HH_27872,18,3,0
HH_27873,13,2,0
HH_27874,14,9,2
HH_27875,6,2,1
HH_27876,11,3,0
HH_27877,10,5,0
HH_27878,9,3,2
HH_27879,10,6,2
HH_27880,14,6,3
HH_27881,12,1,0
HH_27882,17,8,1
HH_27883,11,6,3
HH_27884,11,2,0
HH_27885,16,3,0
HH_27886,9,6,1
HH_27887,8,4,2
HH_27888,7,2,2
HH_27889,9,6,0
HH_27890,13,6,2
HH_27891,4,6,1
HH_27892,8,11,0
HH_27893,12,4,1
HH_27894,8,4,2
HH_27895,8,1,0
HH_27896,16,11,1
HH_27897,5,12,3
HH_27898,9,10,0
HH_27899,9,3,0
HH_27900,16,5,0
HH_27901,11,5,1
HH_27902,11,6,0
HH_27903,19,6,2
HH_27904,9,4,2
HH_27905,9,6,0
HH_27906,8,3,0
HH_27907,13,3,1
HH_27908,8,3,0
HH_27909,11,6,1
HH_27910,10,6,1
HH_27911,9,5,2
HH_27912,12,4,0
HH_27913,14,2,2
HH_27914,9,7,0
HH_27915,14,3,0
HH_27916,12,6,2
HH_27917,10,8,2
HH_27918,11,10,0
HH_27919,9,5,2
HH_27920,13,5,1
HH_27921,11,5,1
HH_27922,17,5,1
HH_27923,16,3,1
HH_27924,12,5,3
HH_27925,9,3,0
HH_27926,11,3,0
HH_27927,15,4,0
HH_27928,12,3,1
HH_27929,15,4,0
HH_27930,13,6,0
HH_27931,12,4,0
HH_27932,9,6,2
HH_27933,15,5,0
HH_27934,18,4,1
HH_27935,17,6,1
HH_27936,13,2,0
HH_27937,10,4,2
HH_27938,10,5,1
HH_27939,16,2,0
HH_27940,6,3,1
HH_27941,11,4,1
HH_27942,14,3,1
HH_27943,11,5,2
HH_27944,10,4,1
HH_27945,15,3,0
HH_27946,10,6,1
HH_27947,16,5,0
HH_27948,5,8,0
HH_27949,10,4,1
HH_27950,14,5,1
HH_27951,11,5,0
HH_27952,15,3,1
HH_27953,7,3,0
HH_27954,13,2,3
HH_27955,12,3,0
HH_27956,15,8,1
HH_27957,15,3,2
HH_27958,14,9,1
HH_27959,12,4,1
HH_27960,8,7,0
HH_27961,8,3,1
HH_27962,12,4,1
HH_27963,20,2,0
HH_27964,10,10,1
HH_27965,7,7,1
HH_27966,12,1,1
HH_27967,16,11,0
HH_27968,10,8,1
HH_27969,19,4,2
HH_27970,8,5,1
HH_27971,13,8,0
HH_27972,14,4,1
HH_27973,9,5,0
HH_27974,12,3,3
HH_27975,14,5,0
HH_27976,11,6,2
HH_27977,13,4,1
HH_27978,10,5,1
HH_27979,16,6,0
HH_27980,12,4,2
HH_27981,12,4,0
HH_27982,15,5,2
HH_27983,11,5,0
HH_27984,15,6,5
HH_27985,17,0,2
HH_27986,14,2,0
HH_27987,21,4,2
HH_27988,16,2,2
HH_27989,18,5,0
HH_27990,14,7,1
HH_27991,10,3,0
HH_27992,9,5,1
HH_27993,12,2,0
HH_27994,12,4,4
HH_27995,9,6,2
HH_27996,17,3,0
HH_27997,13,3,1
HH_27998,13,0,1
HH_27999,16,8,0
HH_28000,8,3,0
HH_28001,9,3,1
HH_28002,13,2,3
HH_28003,23,5,1
HH_28004,14,5,0
HH_28005,7,3,1
HH_28006,12,13,1
HH_28007,11,7,0
HH_28008,14,3,0
HH_28009,9,3,1
HH_28010,5,2,0
HH_28011,9,4,1
HH_28012,10,2,0
HH_28013,13,9,1
HH_28014,19,3,0
HH_28015,8,7,2
HH_28016,14,2,1
HH_28017,12,9,0
HH_28018,8,10,0
HH_28019,9,5,1
HH_28020,11,5,2
HH_28021,10,5,1
HH_28022,15,4,1
HH_28023,13,4,0
HH_28024,20,2,2
HH_28025,9,8,1
HH_28026,9,5,1
HH_28027,18,6,2
HH_28028,14,5,2
HH_28029,11,0,1
HH_28030,15,4,4
HH_28031,13,5,1
HH_28032,7,5,0
HH_28033,11,2,0
HH_28034,6,10,1
HH_28035,13,8,1
HH_28036,14,7,2
HH_28037,9,6,1
HH_28038,11,8,2
HH_28039,13,5,1
HH_28040,16,2,1
HH_28041,4,3,0
HH_28042,9,8,0
HH_28043,9,3,2
HH_28044,12,4,1
HH_28045,7,4,2
HH_28046,10,4,0
HH_28047,10,2,0
HH_28048,10,5,0
HH_28049,9,2,0
HH_28050,15,6,0
HH_28051,15,2,1
HH_28052,11,3,0
HH_28053,14,6,1
HH_28054,14,8,1
HH_28055,14,8,2
HH_28056,16,3,1
HH_28057,9,6,1
HH_28058,14,9,0
HH_28059,18,2,0
HH_28060,20,3,0
HH_28061,10,6,0
HH_28062,13,6,0
HH_28063,12,5,2
HH_28064,12,3,3
HH_28065,12,5,5
HH_28066,14,4,0
HH_28067,12,6,1
HH_28068,16,6,2
HH_28069,13,6,3
HH_28070,6,6,1
HH_28071,12,6,2
HH_28072,21,9,1
HH_28073,13,6,0
HH_28074,5,6,2
HH_28075,17,7,1
HH_28076,10,6,1
HH_28077,11,8,0
HH_28078,15,5,1
HH_28079,13,5,0
HH_28080,8,6,1
HH_28081,8,5,0
HH_28082,15,7,0
HH_28083,12,9,0
HH_28084,15,9,2
HH_28085,17,6,1
HH_28086,8,6,0
HH_28087,12,7,0
HH_28088,10,14,0
HH_28089,11,2,2
HH_28090,9,1,0
HH_28091,12,3,0
HH_28092,9,4,1
HH_28093,22,3,1
HH_28094,11,2,1
HH_28095,11,4,1
HH_28096,13,5,1
HH_28097,8,4,1
HH_28098,15,5,1
HH_28099,12,4,2
HH_28100,15,4,0
HH_28101,12,3,3
HH_28102,9,6,0
HH_28103,14,6,0
HH_28104,12,5,0
HH_28105,6,6,3
HH_28106,17,1,1
HH_28107,17,4,0
HH_28108,10,2,1
HH_28109,9,4,2
HH_28110,12,5,1
HH_28111,17,6,1
HH_28112,14,6,1
HH_28113,12,3,1
HH_28114,15,3,0
HH_28115,12,7,0
HH_28116,12,4,1
HH_28117,13,8,2
HH_28118,13,4,2
HH_28119,8,5,0
HH_28120,12,5,0
HH_28121,10,3,0
HH_28122,10,4,0
HH_28123,18,6,0
HH_28124,6,10,1
HH_28125,9,4,0
HH_28126,11,4,3
HH_28127,11,2,1
HH_28128,16,3,3
HH_28129,8,5,1
HH_28130,13,2,1
HH_28131,10,9,2
HH_28132,22,6,1
HH_28133,14,4,1
HH_28134,8,6,0
HH_28135,15,3,0
HH_28136,15,2,0
HH_28137,9,5,2
HH_28138,12,4,2
HH_28139,11,5,2
HH_28140,18,9,0
HH_28141,13,7,1
HH_28142,13,4,0
HH_28143,13,3,0
HH_28144,14,2,1
HH_28145,14,6,1
HH_28146,15,9,1
HH_28147,7,2,1
HH_28148,10,8,2
HH_28149,16,4,2
HH_28150,8,7,5
HH_28151,12,3,0
HH_28152,9,6,1
HH_28153,8,7,0
HH_28154,9,3,1
HH_28155,13,7,0
HH_28156,9,5,2
HH_28157,11,6,0
HH_28158,7,4,3
HH_28159,7,11,4
HH_28160,13,10,3
HH_28161,11,6,0
HH_28162,10,4,1
HH_28163,9,5,0
HH_28164,7,5,1
HH_28165,7,6,1
HH_28166,10,10,0
HH_28167,12,3,0
HH_28168,12,2,2
HH_28169,15,6,1
HH_28170,7,8,2
HH_28171,5,4,3
HH_28172,9,4,0
HH_28173,17,4,1
HH_28174,12,5,1
HH_28175,6,5,2
HH_28176,9,5,0
HH_28177,10,3,1
HH_28178,18,5,1
HH_28179,14,7,2
HH_28180,14,5,3
HH_28181,24,7,1
HH_28182,8,7,1
HH_28183,9,4,0
HH_28184,12,1,1
HH_28185,11,2,1
HH_28186,16,3,0
HH_28187,16,5,0
HH_28188,6,6,0
HH_28189,20,6,1
HH_28190,14,3,0
HH_28191,6,1,0
HH_28192,15,6,3
HH_28193,5,7,1
HH_28194,8,4,1
HH_28195,13,5,0
HH_28196,10,5,1
HH_28197,18,8,0
HH_28198,7,6,2
HH_28199,12,5,0
HH_28200,12,8,0
HH_28201,16,4,0
HH_28202,8,2,1
HH_28203,12,3,3
HH_28204,18,3,3
HH_28205,11,4,2
HH_28206,13,6,0
HH_28207,13,3,0
HH_28208,8,2,1
HH_28209,14,2,0
HH_28210,11,6,1
HH_28211,7,2,1
HH_28212,15,2,3
HH_28213,16,1,3
HH_28214,11,3,0
HH_28215,11,6,0
HH_28216,15,5,1
HH_28217,12,4,1
HH_28218,11,5,1
HH_28219,11,5,0
HH_28220,18,3,1
HH_28221,20,7,1
HH_28222,16,8,1
HH_28223,14,5,4
HH_28224,7,1,1
HH_28225,10,5,1
HH_28226,11,4,0
HH_28227,13,3,2
HH_28228,12,5,4
HH_28229,14,7,0
HH_28230,11,4,1
HH_28231,8,4,1
HH_28232,8,4,1
HH_28233,13,4,1
HH_28234,7,5,1
HH_28235,10,3,0
HH_28236,7,3,1
HH_28237,14,4,1
HH_28238,13,9,0
HH_28239,15,2,1
HH_28240,15,5,0
HH_28241,5,3,3
HH_28242,11,5,0
HH_28243,12,2,2
HH_28244,7,2,3
HH_28245,17,6,0
HH_28246,18,8,1
HH_28247,15,4,2
HH_28248,14,8,0
HH_28249,14,5,0
HH_28250,11,7,2
HH_28251,16,7,1
HH_28252,15,4,1
HH_28253,11,4,1
HH_28254,9,8,1
HH_28255,7,6,1
HH_28256,9,6,1
HH_28257,12,1,3
HH_28258,18,5,0
HH_28259,12,2,1
HH_28260,10,4,0
HH_28261,14,3,1
HH_28262,9,7,0
HH_28263,14,2,1
HH_28264,18,5,0
HH_28265,13,6,1
HH_28266,16,2,1
HH_28267,11,6,1
HH_28268,7,12,2
HH_28269,8,9,0
HH_28270,14,5,0
HH_28271,16,5,3
HH_28272,16,2,0
HH_28273,14,7,1
HH_28274,16,4,0
HH_28275,12,9,1
HH_28276,11,5,0
HH_28277,11,8,0
HH_28278,17,6,1
HH_28279,6,8,1
HH_28280,17,3,1
HH_28281,14,5,0
HH_28282,13,2,1
HH_28283,9,2,0
HH_28284,9,3,1
HH_28285,13,6,2
HH_28286,7,1,0
HH_28287,15,3,2
HH_28288,9,4,1
HH_28289,16,6,0
HH_28290,12,6,0
HH_28291,11,4,3
HH_28292,12,4,1
HH_28293,10,0,0
HH_28294,15,3,0
HH_28295,14,2,1
HH_28296,18,4,3
HH_28297,12,5,0
HH_28298,10,6,1
HH_28299,13,1,1
HH_28300,11,4,2
HH_28301,12,5,1
HH_28302,12,4,0
HH_28303,8,12,1
HH_28304,12,4,0
HH_28305,8,4,1
HH_28306,6,6,0
HH_28307,11,4,0
HH_28308,13,4,1
HH_28309,11,4,2
HH_28310,9,5,0
HH_28311,10,3,1
HH_28312,12,5,0
HH_28313,12,5,1
HH_28314,8,5,0
HH_28315,14,8,0
HH_28316,10,3,0
HH_28317,12,3,0
HH_28318,12,9,0
HH_28319,11,3,3
HH_28320,18,2,1
HH_28321,19,1,2
HH_28322,11,5,0
HH_28323,9,1,2
HH_28324,13,6,0
HH_28325,17,4,2
HH_28326,8,6,0
HH_28327,14,5,1
HH_28328,15,5,1
HH_28329,9,3,0
HH_28330,7,4,0
HH_28331,15,7,0
HH_28332,14,7,0
HH_28333,8,6,2
HH_28334,14,9,0
HH_28335,8,7,1
HH_28336,14,3,0
HH_28337,7,7,1
HH_28338,10,4,1
HH_28339,13,8,0
HH_28340,10,6,1
HH_28341,7,6,1
HH_28342,13,6,3
HH_28343,8,9,2
HH_28344,8,6,0
HH_28345,10,2,0
HH_28346,9,3,3
HH_28347,12,6,0
HH_28348,10,4,3
HH_28349,12,7,1
HH_28350,13,6,0
HH_28351,17,7,1
HH_28352,10,5,0
HH_28353,10,3,2
HH_28354,16,4,0
HH_28355,17,5,0
HH_28356,7,8,2
HH_28357,11,3,1
HH_28358,11,2,0
HH_28359,5,5,1
HH_28360,11,2,4
HH_28361,9,5,1
HH_28362,11,7,1
HH_28363,9,2,1
HH_28364,11,4,0
HH_28365,13,6,0
HH_28366,11,6,2
HH_28367,10,5,0
HH_28368,10,1,0
HH_28369,11,2,1
HH_28370,17,7,0
HH_28371,8,3,0
HH_28372,7,4,1
HH_28373,8,2,0
HH_28374,15,3,1
HH_28375,17,3,3
HH_28376,9,4,0
HH_28377,12,6,0
HH_28378,16,4,0
HH_28379,9,3,2
HH_28380,7,5,1
HH_28381,15,10,1
HH_28382,13,4,0
HH_28383,15,2,1
HH_28384,12,7,0
HH_28385,12,5,0
HH_28386,13,6,0
HH_28387,8,8,2
HH_28388,9,1,1
HH_28389,12,8,0
HH_28390,9,5,0
HH_28391,13,9,2
HH_28392,15,5,1
HH_28393,14,4,1
HH_28394,13,5,0
HH_28395,10,5,0
HH_28396,13,9,0
HH_28397,25,3,0
HH_28398,7,6,0
HH_28399,9,4,1
HH_28400,13,6,1
HH_28401,9,4,3
HH_28402,11,5,4
HH_28403,11,10,2
HH_28404,17,3,1
HH_28405,12,5,0
HH_28406,16,3,1
HH_28407,20,6,0
HH_28408,13,6,1
HH_28409,13,4,1
HH_28410,10,5,0
HH_28411,14,4,0
HH_28412,11,6,1
HH_28413,15,4,0
HH_28414,5,2,0
HH_28415,18,4,1
HH_28416,8,7,0
HH_28417,15,5,1
HH_28418,13,3,2
HH_28419,13,2,0
HH_28420,8,7,1
HH_28421,11,11,0
HH_28422,9,2,2
HH_28423,18,2,3
HH_28424,19,5,2
HH_28425,16,4,0
HH_28426,14,2,0
HH_28427,15,6,3
HH_28428,4,5,0
HH_28429,11,5,0
HH_28430,14,3,0
HH_28431,6,4,0
HH_28432,20,5,0
HH_28433,11,6,2
HH_28434,20,6,1
HH_28435,10,3,2
HH_28436,13,3,0
HH_28437,9,4,0
HH_28438,18,6,0
HH_28439,7,3,2
HH_28440,8,6,2
HH_28441,8,7,2
HH_28442,12,7,0
HH_28443,15,9,2
HH_28444,10,5,2
HH_28445,7,6,0
HH_28446,9,5,1
HH_28447,7,5,0
HH_28448,12,5,1
HH_28449,12,6,2
HH_28450,16,4,0
HH_28451,13,4,1
HH_28452,8,4,0
HH_28453,15,7,0
HH_28454,15,6,0
HH_28455,11,9,2
HH_28456,12,8,1
HH_28457,4,2,1
HH_28458,11,3,0
HH_28459,11,3,2
HH_28460,12,7,2
HH_28461,20,5,1
HH_28462,9,6,0
HH_28463,16,5,1
HH_28464,10,7,3
HH_28465,9,3,1
HH_28466,13,3,2
HH_28467,10,5,1
HH_28468,9,6,0
HH_28469,13,4,0
HH_28470,12,8,2
HH_28471,15,5,1
HH_28472,13,3,0
HH_28473,15,3,0
HH_28474,7,5,2
HH_28475,7,2,2
HH_28476,6,5,0
HH_28477,14,2,0
HH_28478,16,5,2
HH_28479,18,7,3
HH_28480,10,9,1
HH_28481,11,3,0
HH_28482,8,1,0
HH_28483,18,4,1
HH_28484,13,4,0
HH_28485,16,3,0
HH_28486,13,2,1
HH_28487,10,5,1
HH_28488,9,6,0
HH_28489,9,4,0
HH_28490,11,5,2
HH_28491,13,2,1
HH_28492,7,3,1
HH_28493,16,5,2
HH_28494,14,1,0
HH_28495,9,3,1
HH_28496,15,3,3
HH_28497,9,5,0
HH_28498,9,2,1
HH_28499,18,6,4
HH_28500,13,7,1
HH_28501,7,6,3
HH_28502,15,6,1
HH_28503,11,11,0
HH_28504,9,4,0
HH_28505,10,4,0
HH_28506,14,7,1
HH_28507,10,2,0
HH_28508,10,6,1
HH_28509,7,2,0
HH_28510,15,5,0
HH_28511,15,5,2
HH_28512,10,1,0
HH_28513,10,5,0
HH_28514,13,3,3
HH_28515,17,4,2
HH_28516,8,5,0
HH_28517,14,3,5
HH_28518,10,5,0
HH_28519,11,5,0
HH_28520,16,5,2
HH_28521,10,2,0
HH_28522,6,3,1
HH_28523,17,2,0
HH_28524,12,5,1
HH_28525,5,3,0
HH_28526,16,4,1
HH_28527,6,5,3
HH_28528,19,5,1
HH_28529,6,6,1
HH_28530,5,6,1
HH_28531,17,9,0
HH_28532,10,5,1
HH_28533,10,4,2
HH_28534,10,3,1
HH_28535,15,4,0
HH_28536,13,2,0
HH_28537,8,8,2
HH_28538,15,6,0
HH_28539,17,3,1
HH_28540,12,6,1
HH_28541,12,8,1
HH_28542,14,8,0
HH_28543,18,7,0
HH_28544,11,10,0
HH_28545,10,5,1
HH_28546,10,8,0
HH_28547,15,5,1
HH_28548,16,4,2
HH_28549,13,6,0
HH_28550,10,7,0
HH_28551,12,7,2
HH_28552,11,4,1
HH_28553,19,7,1
HH_28554,9,2,1
HH_28555,11,4,1
HH_28556,6,4,1
HH_28557,12,1,4
HH_28558,14,10,1
HH_28559,12,3,0
HH_28560,9,4,0
HH_28561,12,4,1
HH_28562,11,7,1
HH_28563,13,1,1
HH_28564,11,10,0
HH_28565,16,4,1
HH_28566,13,4,2
HH_28567,12,4,1
HH_28568,15,7,0
HH_28569,11,3,1
HH_28570,12,3,1
HH_28571,14,6,0
HH_28572,14,7,0
HH_28573,15,13,2
HH_28574,18,2,0
HH_28575,12,5,2
HH_28576,7,10,1
HH_28577,14,6,1
HH_28578,10,9,1
HH_28579,7,8,0
HH_28580,11,2,1
HH_28581,11,5,0
HH_28582,15,8,1
HH_28583,5,5,2
HH_28584,16,3,3
HH_28585,9,7,3
HH_28586,10,5,1
HH_28587,11,7,1
HH_28588,11,2,1
HH_28589,12,7,3
HH_28590,19,2,0
HH_28591,8,5,2
HH_28592,13,4,2
HH_28593,10,4,3
HH_28594,10,9,1
HH_28595,16,4,1
HH_28596,10,7,0
HH_28597,13,5,0
HH_28598,13,5,2
HH_28599,10,5,2
HH_28600,12,6,0
HH_28601,9,8,3
HH_28602,14,6,2
HH_28603,9,7,0
HH_28604,4,2,2
HH_28605,11,5,0
HH_28606,12,7,1
HH_28607,10,4,0
HH_28608,15,7,0
HH_28609,18,13,0
HH_28610,13,8,3
HH_28611,10,7,0
HH_28612,11,4,1
HH_28613,7,4,2
HH_28614,10,5,1
HH_28615,8,5,2
HH_28616,8,6,1
HH_28617,12,0,0
HH_28618,11,3,0
HH_28619,10,0,0
HH_28620,17,3,0
HH_28621,15,5,0
HH_28622,10,5,1
HH_28623,11,4,1
HH_28624,14,1,1
HH_28625,12,5,1
HH_28626,15,9,0
HH_28627,15,5,0
HH_28628,14,4,0
HH_28629,12,3,0
HH_28630,9,5,0
HH_28631,8,8,1
HH_28632,6,5,1
HH_28633,16,3,0
HH_28634,13,8,2
HH_28635,15,4,0
HH_28636,6,11,0
HH_28637,16,7,0
HH_28638,11,3,1
HH_28639,9,8,2
HH_28640,23,5,0
HH_28641,17,6,2
HH_28642,9,5,1
HH_28643,10,9,1
HH_28644,8,5,2
HH_28645,12,6,0
HH_28646,7,6,1
HH_28647,13,5,2
HH_28648,13,8,0
HH_28649,7,6,2
HH_28650,14,5,1
HH_28651,15,9,1
HH_28652,14,5,1
HH_28653,12,5,0
HH_28654,15,5,1
HH_28655,18,6,1
HH_28656,8,5,1
HH_28657,13,2,0
HH_28658,9,5,1
HH_28659,11,4,3
HH_28660,16,10,1
HH_28661,14,3,2
HH_28662,14,4,0
HH_28663,13,2,0
HH_28664,18,6,2
HH_28665,14,8,1
HH_28666,11,14,1
HH_28667,15,6,1
HH_28668,17,2,0
HH_28669,16,4,1
HH_28670,7,3,2
HH_28671,18,3,1
HH_28672,9,5,1
HH_28673,10,3,2
HH_28674,9,5,1
HH_28675,12,8,1
HH_28676,14,6,2
HH_28677,12,9,1
HH_28678,9,6,0
HH_28679,8,6,1
HH_28680,10,8,3
HH_28681,6,10,0
HH_28682,13,1,1
HH_28683,14,7,1
HH_28684,16,6,1
HH_28685,21,3,1
HH_28686,15,5,1
HH_28687,16,13,1
HH_28688,6,4,0
HH_28689,17,4,1
HH_28690,10,14,1
HH_28691,11,8,0
HH_28692,14,7,0
HH_28693,14,5,0
HH_28694,8,2,3
HH_28695,4,6,0
HH_28696,11,5,0
HH_28697,11,3,2
HH_28698,16,5,0
HH_28699,10,3,1
HH_28700,12,4,0
HH_28701,13,3,3
HH_28702,9,6,1
HH_28703,12,8,0
HH_28704,11,4,0
HH_28705,20,2,0
HH_28706,8,5,1
HH_28707,20,8,1
HH_28708,9,6,0
HH_28709,10,3,0
HH_28710,9,4,1
HH_28711,15,6,2
HH_28712,15,3,1
HH_28713,15,2,0
HH_28714,15,8,1
HH_28715,16,1,2
HH_28716,10,1,0
HH_28717,9,3,2
HH_28718,16,3,1
HH_28719,12,4,2
HH_28720,16,7,3
HH_28721,18,3,1
HH_28722,16,7,1
HH_28723,7,4,0
HH_28724,13,6,1
HH_28725,16,6,1
HH_28726,13,3,3
HH_28727,15,5,0
HH_28728,10,1,1
HH_28729,15,7,1
HH_28730,14,7,1
HH_28731,10,6,1
HH_28732,11,3,1
HH_28733,15,6,0
HH_28734,10,3,0
HH_28735,12,4,3
HH_28736,15,4,2
HH_28737,5,7,1
HH_28738,7,8,0
HH_28739,9,5,0
HH_28740,7,3,1
HH_28741,18,7,1
HH_28742,13,7,2
HH_28743,12,7,0
HH_28744,12,3,0
HH_28745,13,3,2
HH_28746,14,4,1
HH_28747,9,3,0
HH_28748,12,4,1
HH_28749,14,6,0
HH_28750,12,5,2
HH_28751,10,3,0
HH_28752,10,7,2
HH_28753,12,6,0
HH_28754,17,5,0
HH_28755,11,7,2
HH_28756,12,5,0
HH_28757,6,6,1
HH_28758,10,5,3
HH_28759,12,3,2
HH_28760,7,9,2
HH_28761,12,6,0
HH_28762,16,5,1
HH_28763,19,10,2
HH_28764,13,8,1
HH_28765,12,3,1
HH_28766,7,4,2
HH_28767,10,10,3
HH_28768,8,4,0
HH_28769,15,7,0
HH_28770,5,8,2
HH_28771,5,4,1
HH_28772,16,3,0
HH_28773,14,11,3
HH_28774,21,12,2
HH_28775,3,4,0
HH_28776,16,9,2
HH_28777,22,6,0
HH_28778,14,8,2
HH_28779,8,3,1
HH_28780,10,3,0
HH_28781,11,9,0
HH_28782,9,2,1
HH_28783,14,5,2
HH_28784,12,5,1
HH_28785,15,5,1
HH_28786,11,3,1
HH_28787,12,9,1
HH_28788,12,4,0
HH_28789,10,3,0
HH_28790,15,6,2
HH_28791,9,4,1
HH_28792,13,4,1
HH_28793,16,5,1
HH_28794,10,4,2
HH_28795,11,5,4
HH_28796,10,8,0
HH_28797,10,5,1
HH_28798,15,2,1
HH_28799,12,5,1
HH_28800,19,8,1
HH_28801,9,8,0
HH_28802,11,5,2
HH_28803,15,5,2
HH_28804,14,5,3
HH_28805,18,2,1
HH_28806,13,8,2
HH_28807,13,4,1
HH_28808,10,8,0
HH_28809,19,2,3
HH_28810,11,4,3
HH_28811,11,4,2
HH_28812,13,4,2
HH_28813,10,6,1
HH_28814,10,3,0
HH_28815,16,6,0
HH_28816,14,7,1
HH_28817,6,5,1
HH_28818,8,9,0
HH_28819,16,5,1
HH_28820,10,7,0
HH_28821,13,5,1
HH_28822,13,4,1
HH_28823,8,11,0
HH_28824,15,4,1
HH_28825,9,3,0
HH_28826,17,7,0
HH_28827,9,4,3
HH_28828,17,4,1
HH_28829,16,6,2
HH_28830,12,2,2
HH_28831,8,3,3
HH_28832,10,7,0
HH_28833,16,9,2
HH_28834,15,8,2
HH_28835,11,4,0
HH_28836,15,4,0
HH_28837,9,1,0
HH_28838,11,4,1
HH_28839,16,1,0
HH_28840,15,13,3
HH_28841,15,3,1
HH_28842,6,10,1
HH_28843,16,2,0
HH_28844,7,8,2
HH_28845,21,4,1
HH_28846,12,6,0
HH_28847,10,4,0
HH_28848,14,3,2
HH_28849,18,3,1
HH_28850,11,4,4
HH_28851,8,4,0
HH_28852,11,6,0
HH_28853,17,8,0
HH_28854,10,4,1
HH_28855,10,6,0
HH_28856,13,5,0
HH_28857,9,1,2
HH_28858,8,3,0
HH_28859,16,8,0
HH_28860,12,6,0
HH_28861,9,5,1
HH_28862,11,4,0
HH_28863,11,7,1
HH_28864,16,5,1
HH_28865,10,4,3
HH_28866,15,3,3
HH_28867,12,8,1
HH_28868,9,8,1
HH_28869,9,0,1
HH_28870,10,6,2
HH_28871,12,2,0
HH_28872,12,7,0
HH_28873,11,6,0
HH_28874,11,2,1
HH_28875,16,8,0
HH_28876,13,4,1
HH_28877,9,9,0
HH_28878,21,3,3
HH_28879,13,10,2
HH_28880,13,5,0
HH_28881,8,7,2
HH_28882,13,8,3
HH_28883,12,5,0
HH_28884,11,4,0
HH_28885,11,1,1
HH_28886,14,6,1
HH_28887,14,4,1
HH_28888,13,1,0
HH_28889,14,8,2
HH_28890,13,4,3
HH_28891,12,7,1
HH_28892,13,3,0
HH_28893,11,5,1
HH_28894,15,7,1
HH_28895,16,2,1
HH_28896,10,3,0
HH_28897,12,1,0
HH_28898,9,9,1
HH_28899,8,3,1
HH_28900,17,3,2
HH_28901,17,5,3
HH_28902,12,5,1
HH_28903,11,8,0
HH_28904,15,2,1
HH_28905,18,2,0
HH_28906,6,10,2
HH_28907,13,1,1
HH_28908,14,4,1
HH_28909,16,3,2
HH_28910,12,4,2
HH_28911,7,5,0
HH_28912,4,5,1
HH_28913,13,3,4
HH_28914,16,4,1
HH_28915,11,5,1
HH_28916,11,4,0
HH_28917,11,1,2
HH_28918,7,5,1
HH_28919,14,9,0
HH_28920,12,8,1
HH_28921,13,5,0
HH_28922,8,3,1
HH_28923,14,3,3
HH_28924,12,4,0
HH_28925,7,4,0
HH_28926,6,7,2
HH_28927,12,8,0
HH_28928,8,6,3
HH_28929,8,4,1
HH_28930,21,9,0
HH_28931,14,6,2
HH_28932,12,4,2
HH_28933,13,5,0
HH_28934,16,1,1
HH_28935,5,3,1
HH_28936,12,6,3
HH_28937,16,6,1
HH_28938,9,7,2
HH_28939,17,6,0
HH_28940,11,5,1
HH_28941,14,6,0
HH_28942,12,3,1
HH_28943,16,7,0
HH_28944,13,6,0
HH_28945,11,7,1
HH_28946,4,5,1
HH_28947,14,6,1
HH_28948,15,1,0
HH_28949,8,8,2
HH_28950,10,2,1
HH_28951,13,2,0
HH_28952,11,3,1
HH_28953,20,6,0
HH_28954,11,4,0
HH_28955,8,2,0
HH_28956,11,12,0
HH_28957,10,4,3
HH_28958,13,8,1
HH_28959,15,3,0
HH_28960,9,5,0
HH_28961,19,4,1
HH_28962,12,6,2
HH_28963,8,6,1
HH_28964,12,8,0
HH_28965,15,3,0
HH_28966,10,6,1
HH_28967,7,6,4
HH_28968,15,4,2
HH_28969,11,8,3
HH_28970,11,8,1
HH_28971,11,2,1
HH_28972,8,5,2
HH_28973,14,3,3
HH_28974,7,9,1
HH_28975,11,7,0
HH_28976,20,4,0
HH_28977,15,8,3
HH_28978,10,9,2
HH_28979,16,1,0
HH_28980,7,5,0
HH_28981,7,5,0
HH_28982,15,3,1
HH_28983,16,6,0
HH_28984,14,1,2
HH_28985,12,4,1
HH_28986,18,7,1
HH_28987,10,8,0
HH_28988,10,4,1
HH_28989,17,9,1
HH_28990,9,4,2
HH_28991,15,4,1
HH_28992,5,5,0
HH_28993,16,7,0
HH_28994,12,3,0
HH_28995,19,3,0
HH_28996,6,2,3
HH_28997,9,6,0
HH_28998,16,4,1
HH_28999,11,2,5
HH_29000,11,7,0
HH_29001,7,4,0
HH_29002,15,4,1
HH_29003,17,5,1
HH_29004,12,5,1
HH_29005,14,7,2
HH_29006,9,4,2
HH_29007,10,5,1
HH_29008,10,7,0
HH_29009,10,3,2
HH_29010,12,4,1
HH_29011,10,5,1
HH_29012,18,6,1
HH_29013,14,4,1
HH_29014,10,4,2
HH_29015,11,6,1
HH_29016,17,4,0
HH_29017,12,9,1
HH_29018,10,2,1
HH_29019,11,7,0
HH_29020,10,2,2
HH_29021,11,6,0
HH_29022,9,1,0
HH_29023,11,5,3
HH_29024,20,5,0
HH_29025,17,9,0
HH_29026,12,3,2
HH_29027,12,4,1
HH_29028,5,2,1
HH_29029,15,6,2
HH_29030,9,3,3
HH_29031,9,4,0
HH_29032,12,4,2
HH_29033,17,5,1
HH_29034,9,6,2
HH_29035,9,6,0
HH_29036,15,4,3
HH_29037,14,5,1
HH_29038,12,4,0
HH_29039,10,3,0
HH_29040,16,5,2
HH_29041,8,10,2
HH_29042,9,8,1
HH_29043,13,5,0
HH_29044,13,3,3
HH_29045,7,7,0
HH_29046,10,5,1
HH_29047,10,3,1
HH_29048,14,3,0
HH_29049,13,4,1
HH_29050,8,7,0
HH_29051,15,7,1
HH_29052,10,8,0
HH_29053,15,10,0
HH_29054,13,7,0
HH_29055,9,9,1
HH_29056,15,5,1
HH_29057,13,3,1
HH_29058,7,7,1
HH_29059,15,6,1
HH_29060,5,5,0
HH_29061,16,3,0
HH_29062,9,4,1
HH_29063,9,11,0
HH_29064,16,8,0
HH_29065,10,4,1
HH_29066,13,7,0
HH_29067,11,7,1
HH_29068,15,3,0
HH_29069,13,7,3
HH_29070,23,4,0
HH_29071,13,4,1
HH_29072,5,4,1
HH_29073,13,3,0
HH_29074,13,7,1
HH_29075,15,7,0
HH_29076,6,3,0
HH_29077,9,4,1
HH_29078,12,1,1
HH_29079,16,3,0
HH_29080,15,5,3
HH_29081,9,3,4
HH_29082,14,11,1
HH_29083,8,8,0
HH_29084,16,3,5
HH_29085,12,4,1
HH_29086,9,4,0
HH_29087,10,1,1
HH_29088,12,7,3
HH_29089,12,5,0
HH_29090,5,4,2
HH_29091,5,7,1
HH_29092,7,3,1
HH_29093,15,4,0
HH_29094,16,5,0
HH_29095,9,7,4
HH_29096,10,9,0
HH_29097,11,4,1
HH_29098,10,5,2
HH_29099,10,7,4
HH_29100,11,7,0
HH_29101,16,5,0
HH_29102,10,9,0
HH_29103,14,5,2
HH_29104,13,9,0
HH_29105,9,6,0
HH_29106,8,2,0
HH_29107,17,5,1
HH_29108,13,11,0
HH_29109,12,3,0
HH_29110,16,5,0
HH_29111,6,6,2
HH_29112,11,5,0
HH_29113,10,5,0
HH_29114,12,6,1
HH_29115,19,3,3
HH_29116,9,8,3
HH_29117,17,5,1
HH_29118,12,5,1
HH_29119,13,4,1
HH_29120,11,6,1
HH_29121,13,4,1
HH_29122,14,10,0
HH_29123,11,2,3
HH_29124,10,3,0
HH_29125,13,5,1
HH_29126,15,1,0
HH_29127,11,10,1
HH_29128,7,8,0
HH_29129,12,2,1
HH_29130,5,6,0
HH_29131,11,0,1
HH_29132,14,11,0
HH_29133,8,4,1
HH_29134,6,7,2
HH_29135,7,4,1
HH_29136,19,7,1
HH_29137,10,5,0
HH_29138,6,5,0
HH_29139,16,8,1
HH_29140,14,4,1
HH_29141,10,4,0
HH_29142,12,6,1
HH_29143,9,5,0
HH_29144,10,4,0
HH_29145,17,5,1
HH_29146,13,7,2
HH_29147,17,6,1
HH_29148,14,4,1
HH_29149,10,2,2
HH_29150,8,4,0
HH_29151,10,5,1
HH_29152,16,9,0
HH_29153,9,6,1
HH_29154,14,6,2
HH_29155,8,9,0
HH_29156,14,6,1
HH_29157,9,6,0
HH_29158,9,6,0
HH_29159,9,3,2
HH_29160,8,6,0
HH_29161,8,8,0
HH_29162,9,4,0
HH_29163,20,2,0
HH_29164,12,4,1
HH_29165,8,4,2
HH_29166,11,4,1
HH_29167,18,6,0
HH_29168,16,8,1
HH_29169,10,5,4
HH_29170,15,3,0
HH_29171,13,5,1
HH_29172,12,6,0
HH_29173,12,3,0
HH_29174,3,9,0
HH_29175,6,8,2
HH_29176,13,3,1
HH_29177,15,2,0
HH_29178,14,4,0
HH_29179,8,6,0
HH_29180,16,4,1
HH_29181,9,2,0
HH_29182,13,6,0
HH_29183,10,5,0
HH_29184,15,9,2
HH_29185,15,3,1
HH_29186,20,4,0
HH_29187,14,8,2
HH_29188,10,5,1
HH_29189,19,9,2
HH_29190,16,7,0
HH_29191,13,7,2
HH_29192,10,4,2
HH_29193,10,5,1
HH_29194,8,1,3
HH_29195,15,9,0
HH_29196,9,5,4
HH_29197,17,6,1
HH_29198,12,4,0
HH_29199,10,5,3
HH_29200,11,5,5
HH_29201,14,8,0
HH_29202,11,6,0
HH_29203,14,5,0
HH_29204,11,3,2
HH_29205,16,7,1
HH_29206,13,7,1
HH_29207,11,4,0
HH_29208,9,5,0
HH_29209,9,4,2
HH_29210,8,3,3
HH_29211,12,2,0
HH_29212,12,8,0
HH_29213,14,3,1
HH_29214,6,11,1
HH_29215,17,8,0
HH_29216,12,4,1
HH_29217,11,2,1
HH_29218,9,3,1
HH_29219,12,2,0
HH_29220,16,3,2
HH_29221,4,4,0
HH_29222,15,5,0
HH_29223,17,6,1
HH_29224,11,6,1
HH_29225,12,4,1
HH_29226,11,3,0
HH_29227,9,6,0
HH_29228,14,4,3
HH_29229,11,1,1
HH_29230,14,4,1
HH_29231,15,5,2
HH_29232,13,4,2
HH_29233,14,5,3
HH_29234,12,3,1
HH_29235,13,1,1
HH_29236,4,5,0
HH_29237,21,6,3
HH_29238,11,4,2
HH_29239,11,8,0
HH_29240,19,6,2
HH_29241,17,7,0
HH_29242,12,8,0
HH_29243,11,3,2
HH_29244,10,2,1
HH_29245,8,5,2
HH_29246,11,8,1
HH_29247,12,5,0
HH_29248,13,7,1
HH_29249,10,6,3
HH_29250,11,5,1
HH_29251,14,1,0
HH_29252,11,3,1
HH_29253,8,4,0
HH_29254,10,7,1
HH_29255,9,5,1
HH_29256,11,1,1
HH_29257,6,5,1
HH_29258,7,6,0
HH_29259,17,4,1
HH_29260,12,3,0
HH_29261,13,5,1
HH_29262,13,5,1
HH_29263,6,2,0
HH_29264,9,1,0
HH_29265,5,7,0
HH_29266,11,8,1
HH_29267,22,2,0
HH_29268,13,6,0
HH_29269,5,2,0
HH_29270,17,4,0
HH_29271,11,6,1
HH_29272,14,1,0
HH_29273,9,7,1
HH_29274,15,5,0
HH_29275,15,5,0
HH_29276,9,7,0
HH_29277,4,4,0
HH_29278,16,5,1
HH_29279,9,4,1
HH_29280,14,4,1
HH_29281,16,6,2
HH_29282,9,5,0
HH_29283,9,5,4
HH_29284,7,7,1
HH_29285,9,1,0
HH_29286,7,4,2
HH_29287,8,6,1
HH_29288,8,4,1
HH_29289,7,6,0
HH_29290,15,7,1
HH_29291,9,4,1
HH_29292,16,6,0
HH_29293,11,3,0
HH_29294,11,4,0
HH_29295,8,8,0
HH_29296,9,4,0
HH_29297,11,7,1
HH_29298,14,3,1
HH_29299,5,5,0
HH_29300,10,3,0
HH_29301,12,4,0
HH_29302,9,3,2
HH_29303,7,6,1
HH_29304,13,7,2
HH_29305,9,4,1
HH_29306,15,6,1
HH_29307,20,4,0
HH_29308,9,4,0
HH_29309,10,9,2
HH_29310,15,4,3
HH_29311,13,5,1
HH_29312,7,2,1
HH_29313,11,4,5
HH_29314,16,7,2
HH_29315,10,7,1
HH_29316,11,7,0
HH_29317,10,6,0
HH_29318,12,5,0
HH_29319,12,9,0
HH_29320,17,5,1
HH_29321,16,7,0
HH_29322,8,4,1
HH_29323,17,6,0
HH_29324,8,5,2
HH_29325,7,5,1
HH_29326,13,6,2
HH_29327,13,4,1
HH_29328,13,3,2
HH_29329,16,2,2
HH_29330,15,4,2
HH_29331,12,8,0
HH_29332,11,3,1
HH_29333,12,7,1
HH_29334,16,3,1
HH_29335,11,2,0
HH_29336,13,4,1
HH_29337,17,1,1
HH_29338,15,5,2
HH_29339,17,7,2
HH_29340,19,5,3
HH_29341,10,5,1
HH_29342,12,7,0
HH_29343,12,6,1
HH_29344,12,1,4
HH_29345,9,6,0
HH_29346,13,6,0
HH_29347,18,8,2
HH_29348,6,4,0
HH_29349,10,1,0
HH_29350,9,4,3
HH_29351,17,6,3
HH_29352,15,11,2
HH_29353,5,3,1
HH_29354,10,3,0
HH_29355,13,5,1
HH_29356,11,1,2
HH_29357,11,2,0
HH_29358,16,4,1
HH_29359,16,6,0
HH_29360,12,6,0
HH_29361,11,3,0
HH_29362,13,10,1
HH_29363,16,2,1
HH_29364,16,5,0
HH_29365,14,6,1
HH_29366,13,3,2
HH_29367,15,9,1
HH_29368,16,4,2
HH_29369,6,5,0
HH_29370,13,6,3
HH_29371,12,2,1
HH_29372,8,9,0
HH_29373,14,4,1
HH_29374,10,5,3
HH_29375,11,7,1
HH_29376,18,7,2
HH_29377,16,6,3
HH_29378,11,11,2
HH_29379,12,5,2
HH_29380,10,5,2
HH_29381,8,3,0
HH_29382,8,1,2
HH_29383,20,6,0
HH_29384,13,2,1
HH_29385,16,3,0
HH_29386,12,4,0
HH_29387,16,2,2
HH_29388,12,11,0
HH_29389,11,2,2
HH_29390,9,3,2
HH_29391,8,5,1
HH_29392,8,3,1
HH_29393,16,6,3
HH_29394,10,5,3
HH_29395,11,6,0
HH_29396,9,4,1
HH_29397,15,10,2
HH_29398,12,4,1
HH_29399,10,9,0
HH_29400,15,1,0
HH_29401,21,8,1
HH_29402,16,4,1
HH_29403,20,11,1
HH_29404,14,7,0
HH_29405,8,4,0
HH_29406,11,7,1
HH_29407,10,6,0
HH_29408,21,2,2
HH_29409,12,4,1
HH_29410,11,5,2
HH_29411,17,4,0
HH_29412,11,4,1
HH_29413,7,8,0
HH_29414,10,2,3
HH_29415,9,5,0
HH_29416,12,4,2
HH_29417,8,5,2
HH_29418,6,7,1
HH_29419,9,6,1
HH_29420,11,4,0
HH_29421,14,5,0
HH_29422,10,9,0
HH_29423,10,8,0
HH_29424,10,4,0
HH_29425,15,7,1
HH_29426,15,7,1
HH_29427,15,6,0
HH_29428,6,3,0
HH_29429,13,4,3
HH_29430,19,5,1
HH_29431,8,9,3
HH_29432,10,5,1
HH_29433,16,6,1
HH_29434,11,2,1
HH_29435,15,6,1
HH_29436,13,3,0
HH_29437,13,4,0
HH_29438,12,6,2
HH_29439,15,6,2
HH_29440,12,6,0
HH_29441,6,7,0
HH_29442,11,4,1
HH_29443,14,5,1
HH_29444,16,8,1
HH_29445,11,6,1
HH_29446,15,7,0
HH_29447,11,7,2
HH_29448,15,10,0
HH_29449,11,5,1
HH_29450,19,5,0
HH_29451,12,4,1
HH_29452,9,0,1
HH_29453,16,3,1
HH_29454,11,4,0
HH_29455,9,6,1
HH_29456,12,5,1
HH_29457,12,7,1
HH_29458,17,2,0
HH_29459,17,4,2
HH_29460,19,5,0
HH_29461,15,3,1
HH_29462,5,6,1
HH_29463,16,5,0
HH_29464,8,4,1
HH_29465,16,6,4
HH_29466,14,3,4
HH_29467,10,6,0
HH_29468,10,6,2
HH_29469,9,4,1
HH_29470,7,7,1
HH_29471,9,3,0
HH_29472,14,4,2
HH_29473,11,4,0
HH_29474,13,1,2
HH_29475,18,6,0
HH_29476,11,5,0
HH_29477,13,4,3
HH_29478,10,9,2
HH_29479,19,1,4
HH_29480,12,9,2
HH_29481,15,5,0
HH_29482,6,4,0
HH_29483,16,6,0
HH_29484,9,6,0
HH_29485,8,1,1
HH_29486,11,9,1
HH_29487,11,6,2
HH_29488,8,1,0
HH_29489,12,2,0
HH_29490,11,5,5
HH_29491,11,4,0
HH_29492,8,5,0
HH_29493,16,2,0
HH_29494,11,8,1
HH_29495,9,4,1
HH_29496,15,7,1
HH_29497,13,4,1
HH_29498,12,1,0
HH_29499,13,7,1
HH_29500,11,4,2
HH_29501,17,4,2
HH_29502,10,6,0
HH_29503,12,5,1
HH_29504,13,10,1
HH_29505,10,8,0
HH_29506,9,5,0
HH_29507,8,3,1
HH_29508,10,5,0
HH_29509,12,9,0
HH_29510,9,8,0
HH_29511,24,5,0
HH_29512,15,7,0
HH_29513,14,4,2
HH_29514,19,7,0
HH_29515,15,2,1
HH_29516,16,3,2
HH_29517,12,3,2
HH_29518,7,5,0
HH_29519,13,7,0
HH_29520,13,8,3
HH_29521,10,5,0
HH_29522,11,3,1
HH_29523,9,3,1
HH_29524,10,7,0
HH_29525,14,3,2
HH_29526,13,4,0
HH_29527,16,7,1
HH_29528,14,5,2
HH_29529,16,4,0
HH_29530,20,6,2
HH_29531,15,2,0
HH_29532,13,2,2
HH_29533,14,4,1
HH_29534,9,3,1
HH_29535,5,7,0
HH_29536,15,4,1
HH_29537,8,6,3
HH_29538,6,2,3
HH_29539,8,6,3
HH_29540,8,3,0
HH_29541,10,7,2
HH_29542,6,2,1
HH_29543,11,4,0
HH_29544,8,6,1
HH_29545,10,8,0
HH_29546,8,5,0
HH_29547,16,7,1
HH_29548,11,5,1
HH_29549,8,2,1
HH_29550,14,5,5
HH_29551,16,4,3
HH_29552,19,3,2
HH_29553,8,5,3
HH_29554,14,9,1
HH_29555,10,9,2
HH_29556,16,4,0
HH_29557,10,5,0
HH_29558,12,3,0
HH_29559,11,9,1
HH_29560,15,2,1
HH_29561,17,6,3
HH_29562,15,4,2
HH_29563,13,10,4
HH_29564,11,6,0
HH_29565,10,7,2
HH_29566,14,2,0
HH_29567,17,5,0
HH_29568,11,3,1
HH_29569,13,4,0
HH_29570,11,3,0
HH_29571,14,5,0
HH_29572,13,3,0
HH_29573,14,7,2
HH_29574,10,6,2
HH_29575,12,8,2
HH_29576,13,5,1
HH_29577,16,2,1
HH_29578,10,3,0
HH_29579,11,4,1
HH_29580,13,5,0
HH_29581,9,4,0
HH_29582,14,5,3
HH_29583,7,8,1
HH_29584,7,7,1
HH_29585,12,5,0
HH_29586,6,9,4
HH_29587,12,5,1
HH_29588,6,5,0
HH_29589,9,5,2
HH_29590,19,5,1
HH_29591,7,3,0
HH_29592,7,6,0
HH_29593,19,6,1
HH_29594,6,7,0
HH_29595,17,5,1
HH_29596,15,5,0
HH_29597,11,2,0
HH_29598,23,4,4
HH_29599,11,7,1
HH_29600,10,3,1
HH_29601,15,5,1
HH_29602,10,7,2
HH_29603,15,5,1
HH_29604,12,5,5
HH_29605,11,5,1
HH_29606,15,6,0
HH_29607,11,3,2
HH_29608,11,4,2
HH_29609,12,6,0
HH_29610,7,3,3
HH_29611,11,6,0
HH_29612,12,3,3
HH_29613,10,3,1
HH_29614,15,7,1
HH_29615,7,7,2
HH_29616,9,3,2
HH_29617,24,5,1
HH_29618,17,7,3
HH_29619,14,3,2
HH_29620,15,3,0
HH_29621,16,4,0
HH_29622,14,9,1
HH_29623,17,3,3
HH_29624,11,7,1
HH_29625,10,6,1
HH_29626,7,5,0
HH_29627,9,6,0
HH_29628,18,8,0
HH_29629,8,5,2
HH_29630,12,3,1
HH_29631,8,2,1
HH_29632,14,7,1
HH_29633,9,3,1
HH_29634,8,9,1
HH_29635,14,6,0
HH_29636,10,8,0
HH_29637,14,4,3
HH_29638,17,2,1
HH_29639,6,5,1
HH_29640,8,5,0
HH_29641,16,2,0
HH_29642,16,6,2
HH_29643,11,3,3
HH_29644,9,4,2
HH_29645,9,6,0
HH_29646,15,6,0
HH_29647,13,5,2
HH_29648,6,1,2
HH_29649,7,6,2
HH_29650,8,9,1
HH_29651,10,4,1
HH_29652,11,2,2
HH_29653,9,1,1
HH_29654,15,4,1
HH_29655,8,3,0
HH_29656,16,4,1
HH_29657,9,3,0
HH_29658,10,4,2
HH_29659,10,3,2
HH_29660,14,2,1
HH_29661,11,5,0
HH_29662,11,6,0
HH_29663,7,7,3
HH_29664,17,5,1
HH_29665,13,4,2
HH_29666,11,5,1
HH_29667,10,5,0
HH_29668,9,2,1
HH_29669,10,5,0
HH_29670,13,3,0
HH_29671,9,9,2
HH_29672,5,7,2
HH_29673,14,3,0
HH_29674,15,3,1
HH_29675,11,6,2
HH_29676,8,4,1
HH_29677,10,2,2
HH_29678,18,4,2
HH_29679,14,3,2
HH_29680,12,4,2
HH_29681,14,2,2
HH_29682,8,8,0
HH_29683,13,6,1
HH_29684,9,2,1
HH_29685,12,1,0
HH_29686,12,2,0
HH_29687,16,1,0
HH_29688,14,5,0
HH_29689,5,2,1
HH_29690,18,1,2
HH_29691,15,2,1
HH_29692,12,4,3
HH_29693,10,6,3
HH_29694,13,10,0
HH_29695,13,4,0
HH_29696,17,3,1
HH_29697,12,3,2
HH_29698,11,3,1
HH_29699,14,6,1
HH_29700,9,5,0
HH_29701,15,10,1
HH_29702,11,4,1
HH_29703,16,7,1
HH_29704,19,3,0
HH_29705,15,5,2
HH_29706,12,2,0
HH_29707,5,6,2
HH_29708,15,3,1
HH_29709,11,5,1
HH_29710,9,10,0
HH_29711,11,7,1
HH_29712,9,6,1
HH_29713,11,5,1
HH_29714,14,5,0
HH_29715,7,6,2
HH_29716,15,10,0
HH_29717,13,2,0
HH_29718,12,8,0
HH_29719,15,4,0
HH_29720,10,5,2
HH_29721,13,8,3
HH_29722,11,4,0
HH_29723,16,6,0
HH_29724,11,3,1
HH_29725,15,6,1
HH_29726,12,3,2
HH_29727,8,4,1
HH_29728,19,10,2
HH_29729,10,7,1
HH_29730,8,2,4
HH_29731,10,8,1
HH_29732,16,3,0
HH_29733,8,5,0
HH_29734,12,4,1
HH_29735,9,9,2
HH_29736,10,4,0
HH_29737,10,6,0
HH_29738,10,3,2
HH_29739,10,3,2
HH_29740,8,9,2
HH_29741,15,4,0
HH_29742,7,1,0
HH_29743,12,4,1
HH_29744,8,6,0
HH_29745,18,2,3
HH_29746,10,9,1
HH_29747,16,4,1
HH_29748,15,6,1
HH_29749,16,5,1
HH_29750,8,5,2
HH_29751,12,6,1
HH_29752,10,8,0
HH_29753,12,2,0
HH_29754,10,4,1
HH_29755,16,4,0
HH_29756,13,2,1
HH_29757,9,7,0
HH_29758,5,6,0
HH_29759,10,3,1
HH_29760,13,4,0
HH_29761,12,4,0
HH_29762,7,5,4
HH_29763,12,2,1
HH_29764,14,10,2
HH_29765,16,9,0
HH_29766,11,3,2
HH_29767,7,5,1
HH_29768,5,8,0
HH_29769,9,7,0
HH_29770,11,5,1
HH_29771,17,2,1
HH_29772,17,5,1
HH_29773,14,9,1
HH_29774,7,7,0
HH_29775,12,7,1
HH_29776,12,4,0
HH_29777,7,5,0
HH_29778,19,5,0
HH_29779,10,5,0
HH_29780,12,5,0
HH_29781,11,2,1
HH_29782,12,6,3
HH_29783,13,3,2
HH_29784,15,6,0
HH_29785,18,2,0
HH_29786,10,6,0
HH_29787,13,10,0
HH_29788,9,5,1
HH_29789,16,5,2
HH_29790,10,5,1
HH_29791,9,3,2
HH_29792,12,4,2
HH_29793,11,4,4
HH_29794,20,2,1
HH_29795,14,7,0
HH_29796,10,7,3
HH_29797,17,3,2
HH_29798,8,4,0
HH_29799,13,2,0
HH_29800,13,3,1
HH_29801,12,5,0
HH_29802,9,2,2
HH_29803,12,2,1
HH_29804,16,9,1
HH_29805,13,1,1
HH_29806,8,5,0
HH_29807,11,6,3
HH_29808,18,5,0
HH_29809,10,4,0
HH_29810,16,1,1
HH_29811,14,4,1
HH_29812,17,6,0
HH_29813,18,6,0
HH_29814,16,6,0
HH_29815,13,3,0
HH_29816,9,4,0
HH_29817,14,5,1
HH_29818,11,2,0
HH_29819,5,5,1
HH_29820,10,4,0
HH_29821,7,7,2
HH_29822,8,4,2
HH_29823,9,0,0
HH_29824,19,4,0
HH_29825,13,8,0
HH_29826,12,1,2
HH_29827,8,4,0
HH_29828,10,6,2
HH_29829,12,5,1
HH_29830,16,4,1
HH_29831,6,10,2
HH_29832,16,6,1
HH_29833,12,5,0
HH_29834,16,4,2
HH_29835,15,10,0
HH_29836,19,3,1
HH_29837,10,8,1
HH_29838,10,4,1
HH_29839,12,1,2
HH_29840,14,7,1
HH_29841,10,4,2
HH_29842,15,8,0
HH_29843,10,5,2
HH_29844,14,3,1
HH_29845,10,7,2
HH_29846,13,7,0
HH_29847,12,6,0
HH_29848,17,3,1
HH_29849,16,6,0
HH_29850,13,7,0
HH_29851,7,6,1
HH_29852,18,6,1
HH_29853,5,5,2
HH_29854,9,6,3
HH_29855,9,5,0
HH_29856,12,1,0
HH_29857,9,4,3
HH_29858,12,7,0
HH_29859,9,9,3
HH_29860,14,7,1
HH_29861,8,2,0
HH_29862,10,4,2
HH_29863,12,6,0
HH_29864,13,6,1
HH_29865,12,5,1
HH_29866,15,6,1
HH_29867,10,5,2
HH_29868,8,6,0
HH_29869,16,5,1
HH_29870,11,6,2
HH_29871,15,7,3
HH_29872,11,6,0
HH_29873,13,4,1
HH_29874,14,5,1
HH_29875,14,6,2
HH_29876,10,10,0
HH_29877,6,2,2
HH_29878,6,8,0
HH_29879,11,5,2
HH_29880,6,1,1
HH_29881,9,2,2
HH_29882,7,3,1
HH_29883,14,11,1
HH_29884,8,4,2
HH_29885,9,4,2
HH_29886,14,5,1
HH_29887,13,9,2
HH_29888,12,1,1
HH_29889,14,4,0
HH_29890,8,2,0
HH_29891,5,6,1
HH_29892,18,8,1
HH_29893,15,5,1
HH_29894,10,6,0
HH_29895,17,3,1
HH_29896,17,4,0
HH_29897,12,6,0
HH_29898,10,8,0
HH_29899,7,1,1
HH_29900,15,5,2
HH_29901,13,5,0
HH_29902,15,4,2
HH_29903,9,7,1
HH_29904,9,4,0
HH_29905,12,8,2
HH_29906,8,5,0
HH_29907,12,3,0
HH_29908,13,6,0
HH_29909,10,5,1
HH_29910,12,1,3
HH_29911,11,9,0
HH_29912,6,7,3
HH_29913,11,4,1
HH_29914,13,5,1
HH_29915,20,3,1
HH_29916,12,6,0
HH_29917,10,5,1
HH_29918,11,7,1
HH_29919,13,8,0
HH_29920,14,4,1
HH_29921,6,3,0
HH_29922,11,5,1
HH_29923,16,4,1
HH_29924,13,2,2
HH_29925,17,5,0
HH_29926,20,7,0
HH_29927,10,7,3
HH_29928,8,10,1
HH_29929,6,8,1
HH_29930,9,7,2
HH_29931,13,6,1
HH_29932,14,8,1
HH_29933,12,5,0
HH_29934,10,4,0
HH_29935,9,6,0
HH_29936,10,4,4
HH_29937,9,6,1
HH_29938,11,3,1
HH_29939,11,3,2
HH_29940,9,5,0
HH_29941,12,4,2
HH_29942,10,3,3
HH_29943,10,5,1
HH_29944,9,5,2
HH_29945,18,7,0
HH_29946,15,4,0
HH_29947,4,8,1
HH_29948,9,6,0
HH_29949,8,6,1
HH_29950,15,8,0
HH_29951,10,2,1
HH_29952,12,13,2
HH_29953,14,7,1
HH_29954,12,3,1
HH_29955,15,6,1
HH_29956,12,4,1
HH_29957,15,7,0
HH_29958,15,5,2
HH_29959,19,7,3
HH_29960,11,2,3
HH_29961,14,3,1
HH_29962,9,3,1
HH_29963,14,3,2
HH_29964,13,7,0
HH_29965,11,6,1
HH_29966,14,7,3
HH_29967,8,4,3
HH_29968,9,3,0
HH_29969,12,2,2
HH_29970,15,5,0
HH_29971,15,2,1
HH_29972,15,3,0
HH_29973,8,7,0
HH_29974,15,8,1
HH_29975,15,4,0
HH_29976,10,3,0
HH_29977,15,5,2
HH_29978,17,8,2
HH_29979,12,5,3
HH_29980,14,6,0
HH_29981,21,6,0
HH_29982,21,3,3
HH_29983,11,9,1
HH_29984,9,4,0
HH_29985,15,5,0
HH_29986,16,1,2
HH_29987,9,4,1
HH_29988,19,4,0
HH_29989,12,5,0
HH_29990,8,7,1
HH_29991,9,3,1
HH_29992,14,3,1
HH_29993,8,3,0
HH_29994,15,4,0
HH_29995,10,9,3
HH_29996,15,5,0
HH_29997,15,5,1
HH_29998,14,2,0
HH_29999,17,4,0
HH_30000,14,6,1
HH_30001,18,3,4
HH_30002,10,4,2
HH_30003,9,3,2
HH_30004,12,8,1
HH_30005,9,4,1
HH_30006,10,4,1
HH_30007,18,4,2
HH_30008,15,2,1
HH_30009,13,6,0
HH_30010,14,3,1
HH_30011,13,6,0
HH_30012,13,2,2
HH_30013,18,7,2
HH_30014,8,7,1
HH_30015,11,2,2
HH_30016,13,4,0
HH_30017,11,3,2
HH_30018,8,7,2
HH_30019,12,5,1
HH_30020,13,5,1
HH_30021,17,3,1
HH_30022,8,9,1
HH_30023,14,4,0
HH_30024,11,5,2
HH_30025,12,4,1
HH_30026,10,4,3
HH_30027,16,7,0
HH_30028,16,6,2
HH_30029,10,12,1
HH_30030,15,8,1
HH_30031,15,6,2
HH_30032,11,6,2
HH_30033,15,6,3
HH_30034,13,5,1
HH_30035,17,6,1
HH_30036,11,5,3
HH_30037,14,7,2
HH_30038,10,4,1
HH_30039,14,7,1
HH_30040,13,8,0
HH_30041,18,5,1
HH_30042,15,3,1
HH_30043,12,3,1
HH_30044,13,4,1
HH_30045,13,8,0
HH_30046,7,6,1
HH_30047,8,0,0
HH_30048,15,5,1
HH_30049,9,7,1
HH_30050,11,1,0
HH_30051,13,4,0
HH_30052,13,8,1
HH_30053,14,4,1
HH_30054,9,6,0
HH_30055,10,5,0
HH_30056,10,4,0
HH_30057,12,3,0
HH_30058,14,5,1
HH_30059,7,8,0
HH_30060,10,6,1
HH_30061,14,9,0
HH_30062,7,7,0
HH_30063,9,1,0
HH_30064,10,6,0
HH_30065,13,4,0
HH_30066,13,4,0
HH_30067,9,6,0
HH_30068,11,4,2
HH_30069,13,7,2
HH_30070,14,6,2
HH_30071,13,4,1
HH_30072,10,3,1
HH_30073,17,5,0
HH_30074,9,4,0
HH_30075,12,10,0
HH_30076,12,6,0
HH_30077,12,5,0
HH_30078,12,8,1
HH_30079,17,6,0
HH_30080,15,5,0
HH_30081,12,4,1
HH_30082,10,9,1
HH_30083,17,3,0
HH_30084,12,4,2
HH_30085,11,7,1
HH_30086,14,8,0
HH_30087,19,6,1
HH_30088,11,6,0
HH_30089,12,6,2
HH_30090,10,3,0
HH_30091,15,5,0
HH_30092,12,9,1
HH_30093,10,3,4
HH_30094,9,5,2
HH_30095,10,4,2
HH_30096,8,5,0
HH_30097,18,7,2
HH_30098,10,7,0
HH_30099,11,3,2
HH_30100,14,4,0
HH_30101,10,2,1
HH_30102,5,7,1
HH_30103,11,6,0
HH_30104,18,5,1
HH_30105,8,8,2
HH_30106,6,3,0
HH_30107,7,2,1
HH_30108,15,1,2
HH_30109,12,5,0
HH_30110,18,6,0
HH_30111,15,5,2
HH_30112,13,5,0
HH_30113,12,6,1
HH_30114,14,7,2
HH_30115,18,5,1
HH_30116,14,6,1
HH_30117,10,7,0
HH_30118,11,6,1
HH_30119,16,4,1
HH_30120,15,3,0
HH_30121,9,3,0
HH_30122,11,3,0
HH_30123,18,5,1
HH_30124,14,2,1
HH_30125,13,4,1
HH_30126,16,7,1
HH_30127,14,5,0
HH_30128,9,4,1
HH_30129,12,3,1
HH_30130,12,3,0
HH_30131,18,5,0
HH_30132,9,2,4
HH_30133,16,4,1
HH_30134,16,1,0
HH_30135,17,7,1
HH_30136,10,5,0
HH_30137,6,4,2
HH_30138,15,1,2
HH_30139,10,5,2
HH_30140,12,2,1
HH_30141,16,6,0
HH_30142,11,5,1
HH_30143,12,3,1
HH_30144,11,9,1
HH_30145,13,4,0
HH_30146,14,3,1
HH_30147,18,3,1
HH_30148,13,6,0
HH_30149,6,3,1
HH_30150,16,5,1
HH_30151,14,3,1
HH_30152,7,5,0
HH_30153,3,5,2
HH_30154,10,5,2
HH_30155,13,4,0
HH_30156,3,2,1
HH_30157,9,5,0
HH_30158,9,6,1
HH_30159,15,5,0
HH_30160,14,4,3
HH_30161,11,4,2
HH_30162,5,5,2
HH_30163,18,3,1
HH_30164,13,8,3
HH_30165,16,6,1
HH_30166,8,8,1
HH_30167,10,1,3
HH_30168,15,6,0
HH_30169,13,5,4
HH_30170,7,8,0
HH_30171,12,7,2
HH_30172,6,9,1
HH_30173,9,4,1
HH_30174,11,7,0
HH_30175,16,5,1
HH_30176,13,4,3
HH_30177,12,3,1
HH_30178,12,3,1
HH_30179,12,6,0
HH_30180,19,6,2
HH_30181,7,6,0
HH_30182,18,4,0
HH_30183,11,3,1
HH_30184,9,2,0
HH_30185,14,9,0
HH_30186,12,5,2
HH_30187,14,3,1
HH_30188,7,3,1
HH_30189,10,3,0
HH_30190,13,4,2
HH_30191,13,7,0
HH_30192,12,4,1
HH_30193,9,7,0
HH_30194,16,2,2
HH_30195,13,8,0
HH_30196,18,5,0
HH_30197,14,5,2
HH_30198,11,5,2
HH_30199,18,3,1
HH_30200,15,3,0
HH_30201,11,2,1
HH_30202,16,4,1
HH_30203,9,5,3
HH_30204,17,6,1
HH_30205,16,7,0
HH_30206,10,2,3
HH_30207,10,8,0
HH_30208,8,10,3
HH_30209,11,6,3
HH_30210,6,4,0
HH_30211,13,6,0
HH_30212,12,3,2
HH_30213,13,1,3
HH_30214,11,7,2
HH_30215,13,1,1
HH_30216,16,4,1
HH_30217,14,4,1
HH_30218,6,7,0
HH_30219,11,8,1
HH_30220,15,4,0
HH_30221,11,8,1
HH_30222,19,1,0
HH_30223,5,1,1
HH_30224,11,5,1
HH_30225,15,5,0
HH_30226,13,4,0
HH_30227,7,4,1
HH_30228,14,4,0
HH_30229,20,6,2
HH_30230,16,8,0
HH_30231,7,2,0
HH_30232,6,5,3
HH_30233,11,4,0
HH_30234,15,3,3
HH_30235,13,4,1
HH_30236,5,6,1
HH_30237,9,9,0
HH_30238,8,7,0
HH_30239,15,5,0
HH_30240,9,5,2
HH_30241,10,1,1
HH_30242,11,5,1
HH_30243,14,4,0
HH_30244,16,2,0
HH_30245,14,5,1
HH_30246,9,6,0
HH_30247,12,3,0
HH_30248,14,6,1
HH_30249,14,7,1
HH_30250,10,6,2
HH_30251,17,7,0
HH_30252,11,7,1
HH_30253,7,3,4
HH_30254,17,6,2
HH_30255,10,12,0
HH_30256,9,1,2
HH_30257,18,6,0
HH_30258,10,7,0
HH_30259,15,1,3
HH_30260,9,4,4
HH_30261,10,0,0
HH_30262,11,2,1
HH_30263,14,5,0
HH_30264,12,3,1
HH_30265,17,6,2
HH_30266,11,1,1
HH_30267,14,5,0
HH_30268,8,4,2
HH_30269,11,4,1
HH_30270,18,6,3
HH_30271,11,3,1
HH_30272,16,6,0
HH_30273,17,12,0
HH_30274,11,4,2
HH_30275,10,3,1
HH_30276,12,0,1
HH_30277,17,4,0
HH_30278,11,4,2
HH_30279,12,8,0
HH_30280,7,5,0
HH_30281,10,7,0
HH_30282,14,5,0
HH_30283,10,1,1
HH_30284,10,5,1
HH_30285,16,4,2
HH_30286,11,5,0
HH_30287,11,6,2
HH_30288,11,2,1
HH_30289,11,4,0
HH_30290,13,5,2
HH_30291,13,3,1
HH_30292,13,4,0
HH_30293,14,6,2
HH_30294,7,7,1
HH_30295,9,6,0
HH_30296,14,7,0
HH_30297,12,4,0
HH_30298,9,5,0
HH_30299,12,5,0
HH_30300,12,10,0
HH_30301,10,3,0
HH_30302,14,9,0
HH_30303,14,6,0
HH_30304,10,10,0
HH_30305,15,3,0
HH_30306,13,6,3
HH_30307,12,4,2
HH_30308,11,7,0
HH_30309,10,6,2
HH_30310,8,6,0
HH_30311,18,9,0
HH_30312,19,2,0
HH_30313,15,5,0
HH_30314,11,3,1
HH_30315,12,10,3
HH_30316,13,3,1
HH_30317,11,7,1
HH_30318,10,7,2
HH_30319,10,12,0
HH_30320,12,2,0
HH_30321,8,7,1
HH_30322,8,3,1
HH_30323,18,4,1
HH_30324,15,6,0
HH_30325,17,3,1
HH_30326,12,4,1
HH_30327,14,3,1
HH_30328,15,5,2
HH_30329,15,5,0
HH_30330,7,6,0
HH_30331,11,5,2
HH_30332,15,2,1
HH_30333,21,1,1
HH_30334,9,9,1
HH_30335,11,4,1
HH_30336,12,3,1
HH_30337,9,2,3
HH_30338,16,12,2
HH_30339,18,8,2
HH_30340,14,6,4
HH_30341,11,5,1
HH_30342,7,3,1
HH_30343,24,2,0
HH_30344,12,7,1
HH_30345,12,1,0
HH_30346,11,4,3
HH_30347,13,4,1
HH_30348,14,5,0
HH_30349,9,4,1
HH_30350,11,4,1
HH_30351,12,5,1
HH_30352,10,5,2
HH_30353,11,7,2
HH_30354,13,2,3
HH_30355,5,5,1
HH_30356,16,6,1
HH_30357,12,6,4
HH_30358,14,5,2
HH_30359,16,8,1
HH_30360,7,5,0
HH_30361,11,4,1
HH_30362,9,8,0
HH_30363,15,4,0
HH_30364,18,1,1
HH_30365,10,5,2
HH_30366,13,5,0
HH_30367,9,9,0
HH_30368,11,5,2
HH_30369,11,8,1
HH_30370,11,8,1
HH_30371,14,6,1
HH_30372,20,3,1
HH_30373,9,4,0
HH_30374,11,3,1
HH_30375,10,0,2
HH_30376,8,6,3
HH_30377,14,6,1
HH_30378,11,5,0
HH_30379,12,6,1
HH_30380,12,4,0
HH_30381,12,4,0
HH_30382,10,11,0
HH_30383,13,1,1
HH_30384,16,7,2
HH_30385,8,5,1
HH_30386,13,2,1
HH_30387,11,5,0
HH_30388,14,6,3
HH_30389,12,3,0
HH_30390,8,5,1
HH_30391,12,3,2
HH_30392,18,6,0
HH_30393,12,6,0
HH_30394,10,3,1
HH_30395,8,2,2
HH_30396,11,5,1
HH_30397,11,5,0
HH_30398,7,5,0
HH_30399,12,1,0
HH_30400,11,4,0
HH_30401,18,3,1
HH_30402,7,5,2
HH_30403,17,2,1
HH_30404,9,6,1
HH_30405,11,5,1
HH_30406,6,3,1
HH_30407,10,2,4
HH_30408,11,1,0
HH_30409,7,6,1
HH_30410,15,4,2
HH_30411,10,4,0
HH_30412,12,4,1
HH_30413,12,6,0
HH_30414,12,4,2
HH_30415,19,7,2
HH_30416,10,4,3
HH_30417,8,7,0
HH_30418,13,4,0
HH_30419,13,4,1
HH_30420,9,7,1
HH_30421,10,7,0
HH_30422,12,6,1
HH_30423,11,2,3
HH_30424,20,7,1
HH_30425,21,4,0
HH_30426,15,5,1
HH_30427,13,8,0
HH_30428,16,5,3
HH_30429,11,5,1
HH_30430,12,3,0
HH_30431,11,5,0
HH_30432,8,4,1
HH_30433,13,3,1
HH_30434,7,5,0
HH_30435,12,6,1
HH_30436,20,4,0
HH_30437,12,7,1
HH_30438,10,4,1
HH_30439,15,3,1
HH_30440,8,6,0
HH_30441,14,7,2
HH_30442,15,8,2
HH_30443,12,5,2
HH_30444,8,8,1
HH_30445,14,10,2
HH_30446,10,0,1
HH_30447,10,3,1
HH_30448,11,12,2
HH_30449,14,4,0
HH_30450,8,9,0
HH_30451,11,3,0
HH_30452,11,12,1
HH_30453,14,4,1
HH_30454,7,3,1
HH_30455,8,4,1
HH_30456,12,3,0
HH_30457,11,7,1
HH_30458,12,2,0
HH_30459,14,4,1
HH_30460,8,8,0
HH_30461,12,2,0
HH_30462,8,4,1
HH_30463,7,4,0
HH_30464,10,5,1
HH_30465,14,4,1
HH_30466,8,8,1
HH_30467,14,11,1
HH_30468,11,2,1
HH_30469,13,4,2
HH_30470,16,6,1
HH_30471,11,4,0
HH_30472,12,6,1
HH_30473,13,4,2
HH_30474,14,4,1
HH_30475,14,5,0
HH_30476,11,4,0
HH_30477,15,5,1
HH_30478,12,7,1
HH_30479,10,14,0
HH_30480,11,3,0
HH_30481,9,9,0
HH_30482,13,7,2
HH_30483,4,6,3
HH_30484,18,4,0
HH_30485,10,4,3
HH_30486,11,2,0
HH_30487,15,9,1
HH_30488,6,8,1
HH_30489,7,8,1
HH_30490,17,5,1
HH_30491,10,9,2
HH_30492,10,6,1
HH_30493,11,0,0
HH_30494,9,5,1
HH_30495,10,4,0
HH_30496,8,3,4
HH_30497,13,6,3
HH_30498,8,3,0
HH_30499,12,4,1
HH_30500,13,5,2
HH_30501,11,7,1
HH_30502,12,4,1
HH_30503,10,4,1
HH_30504,14,7,0
HH_30505,11,3,0
HH_30506,11,6,0
HH_30507,18,1,1
HH_30508,5,5,0
HH_30509,7,4,1
HH_30510,15,1,1
HH_30511,14,10,1
HH_30512,10,4,1
HH_30513,17,5,4
HH_30514,19,2,0
HH_30515,13,6,2
HH_30516,14,3,3
HH_30517,7,10,2
HH_30518,6,10,1
HH_30519,11,8,0
HH_30520,12,4,2
HH_30521,13,5,1
HH_30522,11,3,1
HH_30523,22,8,1
HH_30524,13,8,0
HH_30525,14,5,2
HH_30526,16,5,1
HH_30527,18,4,1
HH_30528,11,3,0
HH_30529,16,3,0
HH_30530,11,6,1
HH_30531,13,7,0
HH_30532,11,4,1
HH_30533,13,5,0
HH_30534,6,3,0
HH_30535,10,5,0
HH_30536,13,7,0
HH_30537,14,5,0
HH_30538,13,6,0
HH_30539,25,6,1
HH_30540,11,5,0
HH_30541,12,3,1
HH_30542,9,2,0
HH_30543,17,4,0
HH_30544,14,3,1
HH_30545,11,7,0
HH_30546,13,6,1
HH_30547,10,9,1
HH_30548,14,4,1
HH_30549,15,5,0
HH_30550,11,5,1
HH_30551,16,7,1
HH_30552,11,6,1
HH_30553,10,7,0
HH_30554,9,7,1
HH_30555,9,3,0
HH_30556,6,3,3
HH_30557,22,4,0
HH_30558,14,2,1
HH_30559,11,4,1
HH_30560,10,4,1
HH_30561,14,6,0
HH_30562,13,4,0
HH_30563,19,4,0
HH_30564,11,8,3
HH_30565,15,7,0
HH_30566,14,6,1
HH_30567,13,10,2
HH_30568,12,6,2
HH_30569,11,4,3
HH_30570,7,7,1
HH_30571,9,7,0
HH_30572,13,3,1
HH_30573,12,3,1
HH_30574,10,7,2
HH_30575,16,4,1
HH_30576,12,3,1
HH_30577,17,5,1
HH_30578,8,9,3
HH_30579,11,8,1
HH_30580,14,8,0
HH_30581,12,5,0
HH_30582,18,4,0
HH_30583,13,5,0
HH_30584,6,2,1
HH_30585,17,3,2
HH_30586,18,4,0
HH_30587,14,5,3
HH_30588,5,7,0
HH_30589,14,1,0
HH_30590,9,5,1
HH_30591,11,4,2
HH_30592,10,9,0
HH_30593,9,4,0
HH_30594,17,7,1
HH_30595,10,3,1
HH_30596,14,6,1
HH_30597,13,4,1
HH_30598,7,4,1
HH_30599,12,4,0
HH_30600,11,3,1
HH_30601,11,7,0
HH_30602,13,8,0
HH_30603,9,8,1
HH_30604,12,3,2
HH_30605,5,1,0
HH_30606,9,7,1
HH_30607,8,2,0
HH_30608,5,6,1
HH_30609,12,5,1
HH_30610,11,7,2
HH_30611,20,5,1
HH_30612,9,3,2
HH_30613,14,2,0
HH_30614,15,9,0
HH_30615,6,1,3
HH_30616,11,5,1
HH_30617,16,8,0
HH_30618,15,4,1
HH_30619,14,6,1
HH_30620,9,7,1
HH_30621,14,2,1
HH_30622,11,4,1
HH_30623,14,5,2
HH_30624,5,6,0
HH_30625,9,2,2
HH_30626,12,5,1
HH_30627,11,6,2
HH_30628,12,4,0
HH_30629,13,3,0
HH_30630,13,4,0
HH_30631,23,5,3
HH_30632,13,2,1
HH_30633,9,10,1
HH_30634,7,6,2
HH_30635,13,3,2
HH_30636,13,7,1
HH_30637,11,8,2
HH_30638,11,2,1
HH_30639,14,7,1
HH_30640,14,5,2
HH_30641,6,9,0
HH_30642,18,2,3
HH_30643,10,6,1
HH_30644,8,2,1
HH_30645,12,8,1
HH_30646,12,5,1
HH_30647,13,2,1
HH_30648,15,7,1
HH_30649,5,8,0
HH_30650,10,6,0
HH_30651,10,3,2
HH_30652,14,5,1
HH_30653,11,3,3
HH_30654,12,6,0
HH_30655,14,3,0
HH_30656,14,7,1
HH_30657,13,3,2
HH_30658,11,8,1
HH_30659,11,6,2
HH_30660,11,2,1
HH_30661,15,2,2
HH_30662,14,4,0
HH_30663,14,4,2
HH_30664,13,5,0
HH_30665,11,12,1
HH_30666,11,1,0
HH_30667,8,4,1
HH_30668,6,6,0
HH_30669,16,2,2
HH_30670,12,6,0
HH_30671,10,3,1
HH_30672,12,8,0
HH_30673,9,2,2
HH_30674,14,4,2
HH_30675,17,12,1
HH_30676,14,3,0
HH_30677,11,6,2
HH_30678,9,7,3
HH_30679,13,9,1
HH_30680,16,8,0
HH_30681,17,5,2
HH_30682,19,5,0
HH_30683,11,7,0
HH_30684,19,3,0
HH_30685,10,7,0
HH_30686,6,5,1
HH_30687,13,4,4
HH_30688,20,8,2
HH_30689,15,4,4
HH_30690,12,4,2
HH_30691,10,3,0
HH_30692,13,3,0
HH_30693,11,3,2
HH_30694,8,3,2
HH_30695,16,7,3
HH_30696,7,3,0
HH_30697,8,2,1
HH_30698,18,5,1
HH_30699,13,7,0
HH_30700,14,6,0
HH_30701,12,6,1
HH_30702,10,6,0
HH_30703,16,6,2
HH_30704,12,7,2
HH_30705,9,5,2
HH_30706,16,4,0
HH_30707,11,6,0
HH_30708,5,4,0
HH_30709,9,4,1
HH_30710,15,3,2
HH_30711,14,5,1
HH_30712,7,5,1
HH_30713,11,5,1
HH_30714,7,9,2
HH_30715,14,3,1
HH_30716,8,9,1
HH_30717,5,3,1
HH_30718,9,10,3
HH_30719,6,4,1
HH_30720,18,2,1
HH_30721,10,4,1
HH_30722,9,7,1
HH_30723,16,4,0
HH_30724,11,4,0
HH_30725,10,7,0
HH_30726,12,4,0
HH_30727,10,6,1
HH_30728,17,5,0
HH_30729,13,8,0
HH_30730,11,5,1
HH_30731,10,4,0
HH_30732,13,9,0
HH_30733,14,5,4
HH_30734,10,8,3
HH_30735,11,5,0
HH_30736,7,6,4
HH_30737,15,7,1
HH_30738,11,4,0
HH_30739,12,4,1
HH_30740,7,4,2
HH_30741,18,3,0
HH_30742,9,3,2
HH_30743,13,7,1
HH_30744,13,4,1
HH_30745,9,3,2
HH_30746,12,6,2
HH_30747,9,4,0
HH_30748,7,4,0
HH_30749,12,11,1
HH_30750,13,4,1
HH_30751,14,3,0
HH_30752,19,4,0
HH_30753,12,3,1
HH_30754,10,6,2
HH_30755,4,7,0
HH_30756,10,10,2
HH_30757,9,3,1
HH_30758,8,6,3
HH_30759,13,7,1
HH_30760,15,4,0
HH_30761,14,6,0
HH_30762,17,5,0
HH_30763,12,4,0
HH_30764,9,8,2
HH_30765,12,3,0
HH_30766,12,5,2
HH_30767,15,5,2
HH_30768,12,4,2
HH_30769,8,4,2
HH_30770,6,6,0
HH_30771,9,4,0
HH_30772,8,4,0
HH_30773,11,7,1
HH_30774,10,2,0
HH_30775,19,5,1
HH_30776,11,3,2
HH_30777,16,2,0
HH_30778,7,4,1
HH_30779,8,5,1
HH_30780,9,1,0
HH_30781,6,2,3
HH_30782,12,10,0
HH_30783,7,6,1
HH_30784,12,3,1
HH_30785,15,2,1
HH_30786,9,4,1
HH_30787,14,5,2
HH_30788,17,5,1
HH_30789,14,3,0
HH_30790,11,4,2
HH_30791,12,6,3
HH_30792,7,4,1
HH_30793,13,2,1
HH_30794,9,10,0
HH_30795,7,2,3
HH_30796,9,4,1
HH_30797,20,5,1
HH_30798,19,4,0
HH_30799,13,8,0
HH_30800,9,9,1
HH_30801,9,3,3
HH_30802,11,3,0
HH_30803,15,8,0
HH_30804,12,4,2
HH_30805,12,1,0
HH_30806,9,5,1
HH_30807,14,3,0
HH_30808,9,4,4
HH_30809,10,3,0
HH_30810,17,7,1
HH_30811,14,7,0
HH_30812,14,1,1
HH_30813,20,5,0
HH_30814,13,4,0
HH_30815,11,4,2
HH_30816,13,8,3
HH_30817,11,6,0
HH_30818,10,6,2
HH_30819,15,5,1
HH_30820,15,10,3
HH_30821,12,1,1
HH_30822,10,6,1
HH_30823,20,5,0
HH_30824,7,6,1
HH_30825,9,5,0
HH_30826,16,3,2
HH_30827,16,3,0
HH_30828,7,4,0
HH_30829,17,4,0
HH_30830,10,8,1
HH_30831,12,5,2
HH_30832,11,7,2
HH_30833,22,5,0
HH_30834,12,4,2
HH_30835,12,4,4
HH_30836,12,10,0
HH_30837,17,5,0
HH_30838,11,6,1
HH_30839,5,6,0
HH_30840,17,8,2
HH_30841,20,3,3
HH_30842,8,4,2
HH_30843,12,2,0
HH_30844,10,6,0
HH_30845,13,4,0
HH_30846,16,2,1
HH_30847,9,7,2
HH_30848,3,3,0
HH_30849,10,2,3
HH_30850,15,4,0
HH_30851,16,4,2
HH_30852,18,6,0
HH_30853,16,5,0
HH_30854,10,3,1
HH_30855,14,7,0
HH_30856,9,7,1
HH_30857,12,10,0
HH_30858,9,6,2
HH_30859,9,7,1
HH_30860,11,6,0
HH_30861,14,4,0
HH_30862,4,7,0
HH_30863,20,3,0
HH_30864,19,4,0
HH_30865,12,2,0
HH_30866,11,8,1
HH_30867,6,5,2
HH_30868,12,4,0
HH_30869,9,3,2
HH_30870,13,2,1
HH_30871,16,5,0
HH_30872,14,3,0
HH_30873,13,5,2
HH_30874,10,4,3
HH_30875,9,8,1
HH_30876,11,6,1
HH_30877,17,1,0
HH_30878,12,3,1
HH_30879,6,7,1
HH_30880,8,8,2
HH_30881,12,2,0
HH_30882,13,8,2
HH_30883,20,5,2
HH_30884,16,6,1
HH_30885,17,4,0
HH_30886,13,7,1
HH_30887,13,5,1
HH_30888,9,8,0
HH_30889,9,7,1
HH_30890,14,5,2
HH_30891,9,6,1
HH_30892,8,5,1
HH_30893,7,6,2
HH_30894,18,4,1
HH_30895,29,5,1
HH_30896,12,10,1
HH_30897,16,11,0
HH_30898,10,7,0
HH_30899,16,1,2
HH_30900,23,5,2
HH_30901,16,4,0
HH_30902,4,4,1
HH_30903,19,5,1
HH_30904,15,6,0
HH_30905,9,7,1
HH_30906,8,5,1
HH_30907,7,5,0
HH_30908,8,5,1
HH_30909,13,5,0
HH_30910,7,5,2
HH_30911,18,3,1
HH_30912,12,6,0
HH_30913,15,7,2
HH_30914,16,1,2
HH_30915,10,4,0
HH_30916,9,1,0
HH_30917,9,7,0
HH_30918,9,7,4
HH_30919,18,3,1
HH_30920,14,6,2
HH_30921,14,7,0
HH_30922,7,4,2
HH_30923,9,1,1
HH_30924,10,1,2
HH_30925,8,3,0
HH_30926,14,5,3
HH_30927,21,7,0
HH_30928,10,5,2
HH_30929,17,2,1
HH_30930,14,4,0
HH_30931,10,4,1
HH_30932,10,6,2
HH_30933,10,3,1
HH_30934,6,4,2
HH_30935,15,4,1
HH_30936,11,7,0
HH_30937,8,3,1
HH_30938,14,4,0
HH_30939,15,3,2
HH_30940,7,2,1
HH_30941,9,5,1
HH_30942,14,3,1
HH_30943,14,6,0
HH_30944,13,6,3
HH_30945,10,6,1
HH_30946,10,2,0
HH_30947,8,4,2
HH_30948,12,4,1
HH_30949,10,6,1
HH_30950,12,6,1
HH_30951,15,4,1
HH_30952,16,3,0
HH_30953,9,11,0
HH_30954,17,4,0
HH_30955,12,5,1
HH_30956,11,5,1
HH_30957,13,5,2
HH_30958,8,5,0
HH_30959,7,4,0
HH_30960,11,2,2
HH_30961,10,7,0
HH_30962,10,5,1
HH_30963,8,6,0
HH_30964,11,8,2
HH_30965,16,5,0
HH_30966,5,6,0
HH_30967,11,13,2
HH_30968,17,5,2
HH_30969,15,5,0
HH_30970,6,2,1
HH_30971,10,7,0
HH_30972,7,9,2
HH_30973,15,4,0
HH_30974,7,4,1
HH_30975,13,6,0
HH_30976,8,7,0
HH_30977,9,3,0
HH_30978,16,2,0
HH_30979,20,4,0
HH_30980,18,3,1
HH_30981,8,4,1
HH_30982,10,3,2
HH_30983,6,9,1
HH_30984,18,7,3
HH_30985,11,8,2
HH_30986,10,1,2
HH_30987,22,6,2
HH_30988,9,7,0
HH_30989,11,10,2
HH_30990,15,3,0
HH_30991,5,3,1
HH_30992,16,5,0
HH_30993,12,4,1
HH_30994,20,5,0
HH_30995,13,3,1
HH_30996,14,3,1
HH_30997,9,8,0
HH_30998,12,5,1
HH_30999,15,4,0
HH_31000,7,6,2
HH_31001,14,6,1
HH_31002,17,6,1
HH_31003,18,2,1
HH_31004,11,4,0
HH_31005,16,11,2
HH_31006,9,3,3
HH_31007,18,5,0
HH_31008,12,4,1
HH_31009,14,6,2
HH_31010,16,4,1
HH_31011,19,8,1
HH_31012,13,4,0
HH_31013,12,5,0
HH_31014,10,2,1
HH_31015,8,5,0
HH_31016,15,6,1
HH_31017,13,7,0
HH_31018,16,6,1
HH_31019,10,7,3
HH_31020,8,4,1
HH_31021,5,3,1
HH_31022,10,2,1
HH_31023,12,1,3
HH_31024,17,5,1
HH_31025,15,9,3
HH_31026,12,1,1
HH_31027,17,0,3
HH_31028,15,5,2
HH_31029,10,2,1
HH_31030,12,5,3
HH_31031,13,7,0
HH_31032,10,4,3
HH_31033,15,4,5
HH_31034,5,4,1
HH_31035,5,7,0
HH_31036,10,4,3
HH_31037,13,6,1
HH_31038,16,5,0
HH_31039,9,6,2
HH_31040,7,7,2
HH_31041,10,9,2
HH_31042,12,4,0
HH_31043,6,4,1
HH_31044,11,3,2
HH_31045,8,8,2
HH_31046,17,1,0
HH_31047,17,8,2
HH_31048,15,7,1
HH_31049,15,3,1
HH_31050,15,9,1
HH_31051,11,11,2
HH_31052,14,6,0
HH_31053,12,4,2
HH_31054,11,8,1
HH_31055,12,5,0
HH_31056,9,5,1
HH_31057,14,2,2
HH_31058,14,6,0
HH_31059,7,3,0
HH_31060,13,4,2
HH_31061,13,6,2
HH_31062,11,1,2
HH_31063,16,8,1
HH_31064,14,4,1
HH_31065,14,8,2
HH_31066,11,7,1
HH_31067,11,2,1
HH_31068,11,2,0
HH_31069,10,5,4
HH_31070,15,8,3
HH_31071,9,5,1
HH_31072,12,5,2
HH_31073,14,5,1
HH_31074,11,7,0
HH_31075,16,8,3
HH_31076,10,4,2
HH_31077,11,5,2
HH_31078,9,7,1
HH_31079,7,7,2
HH_31080,11,8,0
HH_31081,17,2,1
HH_31082,17,3,1
HH_31083,16,1,0
HH_31084,9,9,0
HH_31085,13,5,1
HH_31086,13,7,0
HH_31087,13,7,1
HH_31088,15,4,0
HH_31089,11,5,1
HH_31090,6,3,3
HH_31091,13,2,1
HH_31092,12,9,0
HH_31093,16,9,1
HH_31094,9,0,0
HH_31095,15,7,0
HH_31096,11,4,1
HH_31097,13,3,1
HH_31098,13,3,0
HH_31099,8,1,0
HH_31100,12,3,0
HH_31101,13,3,0
HH_31102,10,6,0
HH_31103,11,8,1
HH_31104,5,7,1
HH_31105,12,8,0
HH_31106,15,4,1
HH_31107,12,2,0
HH_31108,14,3,1
HH_31109,9,2,0
HH_31110,8,8,1
HH_31111,7,3,0
HH_31112,13,2,2
HH_31113,10,6,0
HH_31114,7,4,3
HH_31115,17,9,6
HH_31116,16,7,1
HH_31117,10,7,1
HH_31118,9,3,1
HH_31119,13,4,2
HH_31120,14,3,1
HH_31121,12,6,2
HH_31122,14,2,1
HH_31123,10,3,1
HH_31124,9,5,3
HH_31125,18,2,2
HH_31126,11,4,0
HH_31127,11,6,4
HH_31128,12,7,1
HH_31129,11,3,1
HH_31130,9,5,1
HH_31131,10,5,0
HH_31132,10,5,0
HH_31133,9,3,0
HH_31134,10,3,1
HH_31135,9,6,1
HH_31136,14,8,0
HH_31137,10,4,1
HH_31138,13,1,0
HH_31139,11,5,2
HH_31140,12,4,1
HH_31141,7,3,0
HH_31142,9,4,1
HH_31143,9,3,2
HH_31144,10,2,0
HH_31145,8,4,1
HH_31146,15,7,2
HH_31147,6,2,0
HH_31148,4,3,1
HH_31149,16,3,1
HH_31150,7,3,2
HH_31151,13,6,0
HH_31152,9,5,1
HH_31153,11,1,0
HH_31154,8,8,1
HH_31155,9,6,3
HH_31156,12,4,0
HH_31157,14,4,0
HH_31158,16,1,0
HH_31159,16,7,1
HH_31160,10,4,0
HH_31161,12,2,0
HH_31162,14,9,3
HH_31163,14,6,2
HH_31164,12,5,1
HH_31165,11,0,0
HH_31166,12,6,0
HH_31167,11,6,0
HH_31168,6,2,0
HH_31169,9,5,1
HH_31170,8,3,0
HH_31171,13,7,0
HH_31172,12,3,1
HH_31173,15,4,2
HH_31174,15,8,1
HH_31175,9,1,1
HH_31176,8,7,1
HH_31177,12,7,3
HH_31178,10,4,1
HH_31179,16,4,1
HH_31180,16,6,1
HH_31181,5,5,1
HH_31182,12,5,1
HH_31183,15,8,1
HH_31184,15,5,1
HH_31185,10,5,2
HH_31186,14,9,1
HH_31187,14,8,1
HH_31188,9,9,1
HH_31189,9,6,2
HH_31190,7,7,1
HH_31191,14,5,0
HH_31192,11,12,2
HH_31193,17,5,2
HH_31194,15,9,0
HH_31195,12,9,0
HH_31196,9,5,0
HH_31197,9,5,2
HH_31198,14,2,0
HH_31199,17,9,2
HH_31200,17,3,1
HH_31201,13,7,0
HH_31202,18,4,0
HH_31203,11,8,1
HH_31204,6,5,2
HH_31205,12,5,2
HH_31206,9,5,1
HH_31207,11,6,0
HH_31208,16,6,1
HH_31209,12,2,0
HH_31210,9,7,2
HH_31211,12,5,3
HH_31212,12,4,1
HH_31213,11,7,2
HH_31214,18,6,1
HH_31215,19,1,2
HH_31216,14,2,2
HH_31217,13,3,2
HH_31218,8,8,3
HH_31219,11,3,0
HH_31220,11,3,2
HH_31221,15,3,1
HH_31222,10,5,0
HH_31223,12,3,1
HH_31224,8,5,1
HH_31225,6,8,1
HH_31226,12,4,1
HH_31227,9,4,2
HH_31228,14,6,0
HH_31229,24,3,0
HH_31230,11,6,1
HH_31231,10,4,1
HH_31232,14,5,1
HH_31233,11,6,1
HH_31234,8,5,1
HH_31235,11,2,0
HH_31236,13,7,1
HH_31237,12,6,2
HH_31238,13,7,1
HH_31239,6,3,0
HH_31240,14,8,0
HH_31241,13,2,2
HH_31242,9,5,0
HH_31243,10,4,0
HH_31244,14,2,1
HH_31245,15,4,2
HH_31246,17,7,0
HH_31247,14,3,1
HH_31248,11,9,1
HH_31249,12,4,1
HH_31250,18,5,0
HH_31251,17,5,1
HH_31252,16,5,0
HH_31253,12,5,1
HH_31254,14,8,0
HH_31255,9,5,1
HH_31256,17,5,0
HH_31257,13,7,1
HH_31258,11,5,2
HH_31259,12,5,1
HH_31260,6,7,1
HH_31261,12,2,1
HH_31262,15,4,2
HH_31263,11,6,1
HH_31264,12,3,1
HH_31265,7,10,2
HH_31266,14,0,1
HH_31267,6,3,1
HH_31268,8,8,4
HH_31269,13,9,1
HH_31270,8,4,1
HH_31271,7,2,1
HH_31272,15,6,0
HH_31273,11,4,1
HH_31274,17,5,2
HH_31275,13,2,3
HH_31276,14,9,2
HH_31277,11,7,2
HH_31278,15,4,0
HH_31279,9,4,4
HH_31280,9,3,1
HH_31281,16,4,0
HH_31282,10,1,0
HH_31283,14,5,0
HH_31284,9,5,2
HH_31285,12,1,0
HH_31286,11,3,3
HH_31287,13,4,0
HH_31288,12,3,1
HH_31289,8,6,1
HH_31290,14,6,1
HH_31291,8,5,1
HH_31292,11,4,2
HH_31293,16,5,0
HH_31294,16,4,1
HH_31295,12,7,0
HH_31296,11,3,0
HH_31297,11,7,0
HH_31298,12,5,0
HH_31299,12,8,1
HH_31300,15,7,2
HH_31301,9,4,1
HH_31302,16,2,2
HH_31303,19,7,0
HH_31304,23,6,1
HH_31305,9,7,1
HH_31306,7,5,0
HH_31307,18,5,1
HH_31308,14,2,1
HH_31309,13,7,1
HH_31310,15,7,2
HH_31311,14,2,1
HH_31312,10,7,0
HH_31313,13,4,1
HH_31314,12,4,0
HH_31315,10,5,1
HH_31316,8,4,1
HH_31317,14,5,0
HH_31318,13,6,0
HH_31319,13,1,2
HH_31320,15,6,1
HH_31321,9,4,0
HH_31322,13,5,1
HH_31323,16,3,3
HH_31324,11,2,1
HH_31325,5,4,4
HH_31326,16,6,1
HH_31327,14,7,1
HH_31328,16,1,1
HH_31329,10,3,0
HH_31330,15,5,1
HH_31331,14,5,2
HH_31332,8,2,1
HH_31333,13,4,1
HH_31334,15,7,1
HH_31335,14,6,1
HH_31336,11,4,1
HH_31337,8,2,1
HH_31338,13,3,1
HH_31339,17,5,1
HH_31340,12,5,0
HH_31341,8,4,2
HH_31342,12,7,3
HH_31343,9,3,1
HH_31344,14,5,2
HH_31345,8,4,3
HH_31346,18,8,0
HH_31347,12,6,3
HH_31348,11,3,0
HH_31349,11,4,1
HH_31350,9,5,1
HH_31351,12,5,1
HH_31352,14,3,1
HH_31353,11,4,1
HH_31354,14,7,1
HH_31355,12,4,1
HH_31356,15,5,0
HH_31357,6,4,3
HH_31358,13,5,1
HH_31359,11,4,2
HH_31360,17,2,2
HH_31361,8,5,3
HH_31362,11,6,1
HH_31363,11,4,0
HH_31364,14,1,0
HH_31365,15,2,2
HH_31366,15,3,0
HH_31367,11,3,0
HH_31368,5,8,1
HH_31369,10,9,1
HH_31370,12,5,1
HH_31371,13,5,0
HH_31372,16,5,3
HH_31373,11,4,1
HH_31374,11,6,1
HH_31375,12,4,1
HH_31376,15,4,0
HH_31377,13,3,1
HH_31378,17,8,0
HH_31379,15,4,1
HH_31380,14,11,0
HH_31381,12,8,2
HH_31382,10,8,1
HH_31383,11,4,2
HH_31384,11,7,0
HH_31385,12,4,0
HH_31386,10,7,1
HH_31387,12,7,1
HH_31388,14,5,3
HH_31389,11,6,1
HH_31390,14,5,2
HH_31391,14,3,2
HH_31392,19,4,0
HH_31393,18,1,1
HH_31394,14,4,0
HH_31395,6,3,1
HH_31396,12,5,1
HH_31397,17,8,0
HH_31398,12,2,0
HH_31399,16,5,1
HH_31400,6,2,3
HH_31401,7,2,0
HH_31402,14,3,0
HH_31403,12,4,0
HH_31404,12,8,1
HH_31405,18,4,0
HH_31406,13,5,0
HH_31407,12,4,0
HH_31408,12,5,0
HH_31409,9,1,1
HH_31410,9,8,1
HH_31411,6,5,0
HH_31412,7,6,1
HH_31413,10,7,0
HH_31414,13,4,3
HH_31415,8,5,2
HH_31416,9,3,2
HH_31417,14,5,3
HH_31418,12,6,1
HH_31419,15,2,1
HH_31420,12,3,0
HH_31421,10,5,0
HH_31422,12,4,2
HH_31423,21,8,2
HH_31424,15,6,0
HH_31425,14,4,0
HH_31426,14,3,2
HH_31427,9,5,0
HH_31428,11,5,2
HH_31429,11,7,1
HH_31430,12,3,2
HH_31431,21,3,1
HH_31432,8,4,0
HH_31433,12,2,2
HH_31434,12,5,2
HH_31435,19,1,0
HH_31436,13,8,0
HH_31437,10,3,4
HH_31438,15,6,1
HH_31439,14,4,1
HH_31440,9,6,0
HH_31441,18,4,2
HH_31442,10,5,0
HH_31443,16,5,2
HH_31444,10,6,1
HH_31445,17,2,0
HH_31446,9,8,0
HH_31447,17,3,1
HH_31448,8,3,2
HH_31449,12,7,0
HH_31450,13,4,0
HH_31451,9,4,1
HH_31452,8,13,0
HH_31453,12,4,0
HH_31454,8,6,0
HH_31455,9,1,1
HH_31456,16,6,0
HH_31457,11,7,1
HH_31458,15,3,1
HH_31459,13,5,3
HH_31460,17,6,0
HH_31461,9,6,1
HH_31462,14,7,1
HH_31463,16,2,1
HH_31464,13,5,4
HH_31465,10,4,2
HH_31466,9,3,0
HH_31467,19,8,1
HH_31468,14,1,0
HH_31469,9,4,2
HH_31470,13,6,0
HH_31471,8,5,2
HH_31472,10,6,0
HH_31473,11,3,0
HH_31474,7,2,2
HH_31475,10,8,2
HH_31476,13,5,1
HH_31477,14,8,1
HH_31478,12,3,3
HH_31479,20,4,0
HH_31480,9,7,1
HH_31481,7,5,0
HH_31482,11,7,0
HH_31483,18,6,1
HH_31484,18,4,1
HH_31485,11,6,1
HH_31486,20,5,1
HH_31487,8,7,0
HH_31488,7,5,0
HH_31489,15,1,0
HH_31490,15,9,1
HH_31491,14,6,0
HH_31492,18,8,1
HH_31493,11,9,0
HH_31494,15,1,1
HH_31495,14,6,1
HH_31496,14,3,1
HH_31497,5,2,3
HH_31498,7,3,0
HH_31499,15,6,0
HH_31500,16,5,2
HH_31501,13,1,1
HH_31502,14,6,0
HH_31503,13,5,0
HH_31504,9,7,0
HH_31505,18,2,0
HH_31506,7,3,2
HH_31507,14,5,0
HH_31508,14,2,0
HH_31509,8,5,2
HH_31510,9,1,0
HH_31511,13,8,1
HH_31512,22,2,1
HH_31513,8,6,1
HH_31514,11,5,1
HH_31515,10,8,0
HH_31516,17,4,1
HH_31517,11,8,0
HH_31518,5,6,0
HH_31519,11,4,1
HH_31520,18,7,2
HH_31521,8,5,0
HH_31522,15,5,2
HH_31523,7,8,2
HH_31524,11,9,2
HH_31525,16,9,1
HH_31526,13,7,3
HH_31527,13,3,0
HH_31528,7,8,1
HH_31529,13,10,3
HH_31530,19,4,1
HH_31531,17,5,0
HH_31532,12,1,1
HH_31533,12,10,1
HH_31534,12,3,1
HH_31535,17,6,1
HH_31536,13,6,1
HH_31537,11,6,2
HH_31538,21,4,0
HH_31539,9,6,1
HH_31540,11,4,2
HH_31541,8,2,0
HH_31542,13,2,4
HH_31543,9,3,2
HH_31544,9,5,1
HH_31545,11,7,1
HH_31546,14,6,2
HH_31547,11,8,1
HH_31548,9,5,0
HH_31549,11,4,0
HH_31550,7,4,3
HH_31551,12,9,0
HH_31552,11,1,1
HH_31553,7,6,1
HH_31554,11,5,2
HH_31555,7,8,0
HH_31556,11,7,2
HH_31557,14,5,1
HH_31558,11,4,0
HH_31559,7,8,1
HH_31560,11,5,0
HH_31561,13,4,0
HH_31562,18,9,0
HH_31563,17,9,1
HH_31564,7,2,1
HH_31565,15,3,1
HH_31566,9,6,0
HH_31567,11,6,0
HH_31568,9,3,1
HH_31569,11,3,2
HH_31570,11,4,0
HH_31571,14,7,0
HH_31572,12,5,2
HH_31573,8,2,0
HH_31574,23,6,1
HH_31575,8,6,0
HH_31576,9,5,1
HH_31577,14,0,2
HH_31578,12,7,1
HH_31579,17,2,2
HH_31580,14,4,1
HH_31581,17,5,1
HH_31582,13,8,0
HH_31583,12,7,1
HH_31584,8,3,2
HH_31585,8,6,2
HH_31586,11,7,1
HH_31587,12,8,2
HH_31588,19,4,1
HH_31589,11,5,1
HH_31590,9,6,1
HH_31591,7,4,0
HH_31592,12,5,1
HH_31593,7,5,1
HH_31594,19,6,1
HH_31595,11,5,0
HH_31596,10,7,1
HH_31597,8,5,2
HH_31598,15,10,1
HH_31599,15,2,2
HH_31600,11,2,1
HH_31601,14,3,2
HH_31602,14,4,5
HH_31603,12,3,1
HH_31604,6,7,0
HH_31605,10,8,1
HH_31606,12,11,0
HH_31607,8,3,0
HH_31608,11,9,0
HH_31609,20,3,1
HH_31610,15,6,0
HH_31611,15,7,1
HH_31612,3,5,1
HH_31613,8,4,0
HH_31614,13,6,3
HH_31615,11,4,0
HH_31616,10,4,0
HH_31617,12,4,1
HH_31618,16,12,1
HH_31619,13,4,2
HH_31620,15,4,0
HH_31621,5,2,1
HH_31622,16,4,0
HH_31623,9,3,0
HH_31624,12,2,1
HH_31625,11,10,0
HH_31626,13,7,2
HH_31627,13,2,4
HH_31628,13,6,0
HH_31629,15,6,1
HH_31630,15,3,2
HH_31631,14,7,0
HH_31632,11,2,1
HH_31633,14,6,1
HH_31634,14,7,0
HH_31635,8,5,1
HH_31636,10,6,1
HH_31637,10,2,2
HH_31638,9,5,1
HH_31639,9,4,0
HH_31640,12,7,1
HH_31641,6,2,1
HH_31642,10,3,1
HH_31643,10,4,2
HH_31644,5,4,0
HH_31645,10,5,1
HH_31646,10,7,0
HH_31647,12,5,0
HH_31648,9,2,0
HH_31649,10,3,1
HH_31650,15,6,2
HH_31651,15,5,1
HH_31652,10,3,1
HH_31653,5,6,2
HH_31654,14,5,1
HH_31655,6,6,1
HH_31656,9,8,1
HH_31657,13,6,1
HH_31658,12,10,0
HH_31659,8,6,0
HH_31660,17,3,1
HH_31661,11,1,1
HH_31662,16,4,2
HH_31663,21,5,1
HH_31664,9,4,2
HH_31665,14,3,3
HH_31666,16,6,1
HH_31667,17,1,2
HH_31668,9,3,3
HH_31669,13,4,2
HH_31670,7,2,0
HH_31671,7,5,0
HH_31672,8,5,1
HH_31673,13,5,2
HH_31674,13,2,3
HH_31675,13,9,1
HH_31676,16,5,1
HH_31677,12,3,0
HH_31678,8,1,2
HH_31679,16,4,2
HH_31680,16,6,0
HH_31681,7,4,1
HH_31682,13,8,1
HH_31683,16,8,0
HH_31684,20,2,2
HH_31685,10,6,0
HH_31686,12,4,1
HH_31687,10,10,0
HH_31688,15,9,0
HH_31689,15,3,0
HH_31690,15,8,0
HH_31691,8,4,1
HH_31692,13,5,0
HH_31693,12,3,0
HH_31694,12,5,0
HH_31695,11,8,1
HH_31696,15,3,1
HH_31697,11,7,0
HH_31698,13,4,1
HH_31699,14,4,1
HH_31700,15,4,0
HH_31701,12,5,3
HH_31702,13,7,0
HH_31703,11,7,2
HH_31704,9,4,1
HH_31705,9,12,1
HH_31706,15,5,0
HH_31707,10,6,0
HH_31708,8,6,0
HH_31709,6,8,1
HH_31710,8,8,2
HH_31711,21,8,0
HH_31712,13,5,1
HH_31713,11,7,4
HH_31714,12,9,1
HH_31715,9,7,0
HH_31716,18,7,0
HH_31717,6,5,0
HH_31718,14,8,1
HH_31719,17,3,1
HH_31720,8,7,3
HH_31721,11,5,2
HH_31722,10,5,2
HH_31723,9,9,0
HH_31724,13,5,0
HH_31725,14,3,3
HH_31726,25,7,2
HH_31727,13,9,0
HH_31728,10,2,2
HH_31729,15,6,1
HH_31730,13,11,4
HH_31731,12,4,0
HH_31732,7,5,1
HH_31733,11,6,2
HH_31734,10,5,3
HH_31735,11,4,2
HH_31736,15,3,2
HH_31737,4,0,0
HH_31738,10,6,1
HH_31739,16,3,1
HH_31740,13,5,2
HH_31741,15,6,1
HH_31742,18,6,2
HH_31743,13,3,1
HH_31744,12,3,0
HH_31745,12,2,1
HH_31746,19,5,0
HH_31747,13,10,1
HH_31748,9,6,1
HH_31749,6,5,0
HH_31750,11,3,1
HH_31751,13,3,0
HH_31752,19,7,1
HH_31753,14,3,0
HH_31754,10,4,2
HH_31755,6,2,0
HH_31756,12,6,0
HH_31757,17,5,0
HH_31758,12,2,5
HH_31759,10,4,2
HH_31760,13,5,1
HH_31761,15,3,1
HH_31762,8,6,0
HH_31763,10,4,1
HH_31764,7,1,3
HH_31765,19,4,0
HH_31766,20,6,3
HH_31767,11,1,0
HH_31768,12,2,1
HH_31769,15,3,2
HH_31770,8,5,2
HH_31771,11,3,0
HH_31772,17,2,2
HH_31773,9,2,2
HH_31774,8,7,0
HH_31775,15,1,2
HH_31776,10,9,1
HH_31777,11,10,1
HH_31778,14,4,1
HH_31779,10,7,2
HH_31780,11,6,1
HH_31781,12,6,3
HH_31782,11,4,1
HH_31783,12,11,3
HH_31784,7,4,1
HH_31785,14,5,0
HH_31786,11,4,2
HH_31787,9,6,4
HH_31788,11,6,1
HH_31789,10,9,0
HH_31790,13,3,1
HH_31791,10,7,1
HH_31792,14,2,0
HH_31793,12,4,2
HH_31794,6,3,2
HH_31795,13,3,1
HH_31796,6,6,0
HH_31797,7,2,0
HH_31798,18,3,0
HH_31799,11,4,0
HH_31800,17,5,0
HH_31801,15,5,0
HH_31802,12,6,2
HH_31803,17,1,1
HH_31804,18,3,1
HH_31805,17,7,0
HH_31806,17,4,1
HH_31807,7,4,1
HH_31808,9,1,1
HH_31809,13,7,1
HH_31810,8,4,1
HH_31811,9,5,0
HH_31812,14,9,1
HH_31813,16,3,0
HH_31814,7,5,0
HH_31815,12,4,0
HH_31816,14,3,1
HH_31817,13,4,0
HH_31818,14,3,0
HH_31819,10,4,3
HH_31820,15,4,1
HH_31821,12,2,0
HH_31822,13,8,3
HH_31823,8,4,3
HH_31824,10,3,1
HH_31825,7,4,1
HH_31826,7,4,0
HH_31827,11,4,3
HH_31828,17,9,0
HH_31829,17,7,0
HH_31830,15,9,0
HH_31831,15,7,1
HH_31832,10,6,1
HH_31833,14,4,1
HH_31834,13,6,0
HH_31835,15,8,1
HH_31836,14,5,0
HH_31837,13,2,0
HH_31838,15,9,0
HH_31839,8,6,2
HH_31840,10,3,2
HH_31841,12,5,0
HH_31842,11,6,0
HH_31843,12,3,2
HH_31844,17,2,0
HH_31845,15,5,1
HH_31846,13,6,3
HH_31847,8,7,1
HH_31848,21,5,0
HH_31849,16,7,1
HH_31850,10,6,2
HH_31851,14,4,3
HH_31852,16,4,1
HH_31853,18,6,1
HH_31854,10,4,1
HH_31855,14,7,1
HH_31856,9,3,2
HH_31857,8,4,0
HH_31858,11,3,0
HH_31859,12,4,2
HH_31860,18,1,2
HH_31861,10,0,1
HH_31862,9,3,0
HH_31863,5,6,1
HH_31864,11,3,2
HH_31865,13,10,3
HH_31866,10,8,2
HH_31867,10,8,3
HH_31868,19,2,2
HH_31869,10,5,0
HH_31870,7,4,1
HH_31871,19,6,0
HH_31872,11,7,1
HH_31873,14,5,2
HH_31874,9,3,0
HH_31875,7,5,0
HH_31876,18,5,1
HH_31877,18,4,0
HH_31878,10,5,0
HH_31879,3,4,0
HH_31880,11,7,0
HH_31881,12,3,1
HH_31882,14,5,1
HH_31883,17,3,0
HH_31884,13,3,0
HH_31885,15,7,3
HH_31886,7,4,1
HH_31887,12,2,1
HH_31888,11,5,1
HH_31889,10,3,2
HH_31890,10,4,3
HH_31891,9,7,0
HH_31892,14,3,2
HH_31893,7,8,2
HH_31894,10,4,2
HH_31895,14,7,0
HH_31896,14,1,1
HH_31897,5,8,1
HH_31898,13,8,1
HH_31899,10,4,0
HH_31900,13,7,0
HH_31901,10,8,1
HH_31902,8,4,0
HH_31903,8,5,0
HH_31904,16,3,1
HH_31905,10,4,0
HH_31906,14,6,0
HH_31907,11,4,1
HH_31908,16,3,0
HH_31909,22,4,0
HH_31910,11,3,0
HH_31911,7,3,1
HH_31912,13,7,2
HH_31913,9,3,1
HH_31914,13,2,1
HH_31915,12,7,1
HH_31916,14,1,1
HH_31917,13,4,1
HH_31918,9,6,0
HH_31919,16,4,2
HH_31920,16,3,1
HH_31921,8,4,0
HH_31922,14,7,4
HH_31923,18,6,1
HH_31924,16,9,2
HH_31925,9,1,0
HH_31926,9,7,1
HH_31927,8,5,1
HH_31928,11,5,0
HH_31929,17,2,0
HH_31930,14,7,3
HH_31931,8,2,1
HH_31932,11,0,0
HH_31933,11,8,1
HH_31934,12,7,0
HH_31935,10,3,2
HH_31936,21,6,2
HH_31937,13,5,0
HH_31938,7,7,1
HH_31939,9,10,0
HH_31940,15,5,1
HH_31941,14,6,1
HH_31942,11,7,2
HH_31943,10,2,1
HH_31944,16,3,0
HH_31945,12,9,0
HH_31946,21,6,0
HH_31947,7,6,1
HH_31948,19,4,1
HH_31949,11,7,1
HH_31950,16,8,1
HH_31951,17,3,0
HH_31952,12,7,2
HH_31953,16,5,1
HH_31954,13,6,1
HH_31955,8,5,2
HH_31956,13,5,1
HH_31957,17,3,1
HH_31958,4,3,2
HH_31959,11,3,2
HH_31960,13,7,3
HH_31961,15,0,2
HH_31962,17,5,1
HH_31963,11,6,1
HH_31964,14,6,1
HH_31965,7,5,2
HH_31966,12,4,2
HH_31967,10,3,2
HH_31968,9,5,2
HH_31969,12,5,0
HH_31970,10,9,1
HH_31971,7,5,2
HH_31972,8,4,0
HH_31973,5,7,1
HH_31974,20,5,0
HH_31975,7,7,2
HH_31976,7,3,1
HH_31977,19,2,0
HH_31978,15,7,3
HH_31979,10,5,0
HH_31980,8,2,2
HH_31981,15,4,0
HH_31982,15,4,0
HH_31983,10,5,3
HH_31984,14,7,1
HH_31985,16,1,0
HH_31986,8,6,2
HH_31987,11,3,0
HH_31988,14,2,2
HH_31989,15,7,0
HH_31990,19,3,0
HH_31991,10,2,1
HH_31992,12,2,2
HH_31993,15,7,1
HH_31994,15,3,1
HH_31995,12,3,0
HH_31996,9,5,0
HH_31997,16,0,0
HH_31998,14,5,0
HH_31999,13,4,1
HH_32000,13,4,0
HH_32001,11,4,0
HH_32002,12,7,0
HH_32003,10,1,0
HH_32004,9,4,2
HH_32005,5,4,0
HH_32006,18,6,0
HH_32007,9,2,1
HH_32008,15,3,0
HH_32009,13,6,0
HH_32010,9,9,0
HH_32011,12,5,2
HH_32012,9,3,0
HH_32013,8,6,0
HH_32014,9,1,1
HH_32015,14,5,1
HH_32016,11,7,2
HH_32017,13,7,2
HH_32018,6,3,0
HH_32019,14,5,0
HH_32020,14,5,2
HH_32021,10,4,0
HH_32022,9,5,1
HH_32023,10,3,1
HH_32024,13,1,0
HH_32025,12,3,1
HH_32026,12,3,1
HH_32027,14,8,1
HH_32028,14,5,0
HH_32029,7,5,0
HH_32030,7,5,2
HH_32031,17,3,3
HH_32032,6,3,2
HH_32033,8,5,0
HH_32034,11,7,2
HH_32035,14,5,0
HH_32036,12,7,1
HH_32037,10,5,1
HH_32038,5,5,1
HH_32039,13,2,3
HH_32040,14,8,2
HH_32041,10,6,3
HH_32042,6,6,1
HH_32043,18,3,0
HH_32044,16,5,1
HH_32045,9,5,0
HH_32046,16,4,0
HH_32047,12,3,0
HH_32048,11,7,2
HH_32049,13,5,1
HH_32050,9,7,0
HH_32051,14,3,0
HH_32052,11,3,3
HH_32053,12,2,0
HH_32054,7,4,2
HH_32055,18,6,0
HH_32056,12,5,1
HH_32057,11,7,1
HH_32058,10,8,1
HH_32059,12,3,1
HH_32060,10,5,1
HH_32061,16,8,0
HH_32062,11,7,2
HH_32063,14,5,0
HH_32064,9,3,0
HH_32065,15,3,1
HH_32066,8,4,1
HH_32067,8,9,1
HH_32068,13,4,0
HH_32069,13,7,1
HH_32070,16,10,2
HH_32071,11,5,0
HH_32072,12,3,2
HH_32073,8,4,0
HH_32074,16,3,0
HH_32075,10,4,1
HH_32076,15,7,0
HH_32077,17,7,2
HH_32078,11,4,1
HH_32079,14,5,1
HH_32080,9,6,1
HH_32081,7,5,2
HH_32082,13,6,2
HH_32083,15,5,1
HH_32084,9,3,4
HH_32085,14,7,0
HH_32086,7,4,2
HH_32087,13,6,2
HH_32088,17,4,0
HH_32089,18,6,0
HH_32090,7,10,1
HH_32091,11,5,1
HH_32092,17,4,1
HH_32093,11,2,0
HH_32094,11,6,0
HH_32095,9,5,0
HH_32096,11,2,0
HH_32097,8,5,1
HH_32098,11,6,0
HH_32099,7,5,1
HH_32100,13,5,0
HH_32101,12,5,0
HH_32102,9,6,3
HH_32103,6,5,0
HH_32104,13,9,0
HH_32105,13,3,2
HH_32106,13,3,1
HH_32107,9,5,1
HH_32108,11,3,1
HH_32109,10,3,0
HH_32110,9,3,2
HH_32111,12,4,3
HH_32112,11,3,0
HH_32113,14,3,0
HH_32114,15,4,0
HH_32115,13,6,0
HH_32116,9,11,1
HH_32117,19,5,0
HH_32118,16,8,0
HH_32119,14,2,0
HH_32120,10,7,1
HH_32121,14,6,1
HH_32122,10,5,1
HH_32123,8,4,2
HH_32124,12,3,0
HH_32125,11,3,2
HH_32126,14,7,3
HH_32127,12,7,2
HH_32128,12,6,0
HH_32129,10,4,1
HH_32130,18,11,1
HH_32131,14,4,0
HH_32132,13,7,0
HH_32133,11,7,3
HH_32134,11,6,1
HH_32135,12,6,2
HH_32136,8,5,2
HH_32137,12,7,0
HH_32138,13,7,0
HH_32139,12,4,1
HH_32140,10,2,0
HH_32141,10,7,1
HH_32142,9,4,1
HH_32143,10,7,1
HH_32144,12,5,1
HH_32145,11,4,0
HH_32146,11,6,1
HH_32147,12,3,0
HH_32148,11,3,2
HH_32149,6,8,2
HH_32150,13,2,0
HH_32151,6,4,0
HH_32152,8,3,0
HH_32153,17,2,1
HH_32154,9,6,0
HH_32155,22,5,0
HH_32156,18,2,3
HH_32157,10,12,1
HH_32158,14,4,0
HH_32159,15,7,0
HH_32160,14,4,0
HH_32161,10,3,1
HH_32162,6,8,1
HH_32163,6,4,1
HH_32164,9,2,3
HH_32165,17,6,2
HH_32166,15,4,1
HH_32167,11,7,1
HH_32168,11,4,0
HH_32169,8,6,0
HH_32170,12,7,1
HH_32171,13,3,0
HH_32172,11,4,0
HH_32173,9,3,2
HH_32174,11,2,0
HH_32175,13,6,1
HH_32176,12,3,1
HH_32177,9,2,3
HH_32178,13,6,1
HH_32179,11,3,3
HH_32180,14,6,1
HH_32181,5,4,1
HH_32182,13,2,0
HH_32183,14,2,0
HH_32184,11,5,0
HH_32185,16,4,2
HH_32186,8,9,1
HH_32187,10,6,0
HH_32188,14,2,1
HH_32189,11,4,0
HH_32190,12,8,1
HH_32191,12,9,2
HH_32192,11,5,2
HH_32193,13,6,1
HH_32194,9,6,3
HH_32195,16,4,0
HH_32196,14,4,1
HH_32197,9,5,1
HH_32198,15,1,0
HH_32199,16,7,0
HH_32200,11,8,0
HH_32201,17,3,1
HH_32202,11,4,2
HH_32203,17,3,1
HH_32204,14,9,1
HH_32205,10,3,1
HH_32206,12,4,2
HH_32207,22,3,0
HH_32208,17,5,0
HH_32209,8,2,1
HH_32210,8,6,2
HH_32211,10,7,2
HH_32212,10,4,2
HH_32213,19,4,1
HH_32214,3,5,2
HH_32215,8,8,0
HH_32216,10,7,1
HH_32217,10,2,3
HH_32218,13,8,2
HH_32219,11,3,0
HH_32220,10,3,0
HH_32221,12,5,1
HH_32222,12,5,1
HH_32223,16,5,0
HH_32224,8,6,1
HH_32225,14,6,0
HH_32226,9,2,0
HH_32227,14,4,1
HH_32228,15,5,2
HH_32229,9,10,3
HH_32230,16,9,0
HH_32231,11,3,0
HH_32232,15,6,0
HH_32233,11,1,3
HH_32234,14,4,0
HH_32235,6,8,1
HH_32236,13,3,0
HH_32237,13,3,2
HH_32238,14,2,2
HH_32239,9,11,0
HH_32240,11,3,1
HH_32241,13,8,3
HH_32242,14,6,1
HH_32243,10,7,2
HH_32244,14,2,1
HH_32245,10,3,1
HH_32246,8,5,0
HH_32247,17,0,0
HH_32248,15,4,1
HH_32249,15,3,0
HH_32250,11,4,1
HH_32251,12,6,1
HH_32252,12,6,1
HH_32253,15,10,1
HH_32254,10,4,1
HH_32255,13,4,0
HH_32256,12,5,1
HH_32257,12,6,1
HH_32258,11,4,2
HH_32259,9,5,4
HH_32260,16,4,1
HH_32261,9,14,1
HH_32262,13,6,2
HH_32263,10,4,0
HH_32264,10,9,0
HH_32265,10,4,2
HH_32266,13,7,0
HH_32267,9,3,1
HH_32268,12,4,2
HH_32269,15,4,0
HH_32270,10,2,1
HH_32271,7,5,0
HH_32272,9,4,1
HH_32273,13,6,2
HH_32274,10,4,2
HH_32275,16,1,2
HH_32276,11,4,1
HH_32277,14,4,0
HH_32278,18,6,0
HH_32279,10,3,1
HH_32280,14,7,1
HH_32281,18,10,1
HH_32282,8,7,0
HH_32283,14,4,0
HH_32284,15,7,0
HH_32285,9,5,0
HH_32286,5,4,0
HH_32287,13,3,1
HH_32288,10,8,0
HH_32289,12,7,1
HH_32290,14,0,2
HH_32291,17,3,0
HH_32292,14,6,2
HH_32293,16,8,0
HH_32294,17,2,2
HH_32295,9,7,0
HH_32296,14,9,0
HH_32297,14,7,1
HH_32298,16,1,0
HH_32299,10,5,1
HH_32300,6,5,1
HH_32301,14,3,2
HH_32302,15,6,1
HH_32303,8,2,1
HH_32304,10,5,0
HH_32305,7,4,0
HH_32306,15,9,1
HH_32307,20,6,1
HH_32308,8,5,0
HH_32309,13,2,0
HH_32310,18,3,1
HH_32311,9,8,0
HH_32312,13,3,0
HH_32313,10,4,0
HH_32314,8,5,0
HH_32315,15,2,0
HH_32316,9,7,0
HH_32317,11,6,0
HH_32318,15,4,3
HH_32319,8,3,0
HH_32320,16,5,1
HH_32321,9,10,0
HH_32322,10,8,0
HH_32323,12,4,1
HH_32324,12,3,1
HH_32325,10,4,0
HH_32326,15,3,0
HH_32327,9,2,3
HH_32328,8,6,0
HH_32329,9,10,0
HH_32330,8,1,0
HH_32331,16,3,2
HH_32332,11,4,0
HH_32333,14,2,1
HH_32334,15,12,1
HH_32335,13,5,2
HH_32336,13,7,3
HH_32337,10,4,0
HH_32338,14,5,2
HH_32339,17,4,0
HH_32340,9,5,0
HH_32341,10,4,1
HH_32342,9,6,0
HH_32343,11,2,0
HH_32344,17,6,1
HH_32345,13,5,1
HH_32346,14,7,0
HH_32347,12,2,0
HH_32348,10,4,2
HH_32349,15,5,1
HH_32350,9,7,0
HH_32351,9,6,0
HH_32352,13,4,1
HH_32353,8,5,0
HH_32354,12,6,3
HH_32355,16,1,1
HH_32356,7,5,1
HH_32357,11,3,0
HH_32358,8,3,0
HH_32359,13,1,0
HH_32360,14,3,0
HH_32361,10,6,1
HH_32362,9,8,1
HH_32363,9,3,1
HH_32364,10,2,2
HH_32365,15,8,2
HH_32366,11,8,0
HH_32367,13,6,1
HH_32368,7,4,0
HH_32369,5,4,0
HH_32370,15,2,2
HH_32371,16,2,4
HH_32372,5,2,1
HH_32373,13,8,0
HH_32374,16,4,3
HH_32375,11,4,1
HH_32376,8,8,2
HH_32377,8,7,1
HH_32378,10,3,1
HH_32379,13,5,0
HH_32380,9,4,0
HH_32381,14,5,2
HH_32382,13,6,0
HH_32383,8,5,0
HH_32384,8,7,2
HH_32385,11,2,3
HH_32386,10,2,2
HH_32387,6,2,1
HH_32388,19,4,0
HH_32389,12,6,0
HH_32390,11,4,2
HH_32391,13,2,1
HH_32392,12,4,0
HH_32393,9,6,1
HH_32394,14,7,0
HH_32395,12,11,1
HH_32396,12,5,0
HH_32397,10,4,1
HH_32398,15,1,0
HH_32399,13,3,0
HH_32400,8,3,0
HH_32401,17,12,1
HH_32402,16,3,1
HH_32403,17,1,0
HH_32404,6,2,0
HH_32405,10,3,0
HH_32406,13,5,0
HH_32407,10,4,0
HH_32408,7,6,2
HH_32409,10,3,0
HH_32410,17,5,1
HH_32411,6,6,1
HH_32412,10,3,1
HH_32413,13,5,3
HH_32414,11,3,0
HH_32415,12,5,1
HH_32416,12,5,1
HH_32417,23,10,0
HH_32418,13,9,0
HH_32419,7,2,2
HH_32420,14,5,0
HH_32421,14,3,0
HH_32422,10,1,2
HH_32423,17,7,2
HH_32424,8,4,3
HH_32425,10,7,0
HH_32426,13,6,0
HH_32427,8,12,0
HH_32428,11,2,0
HH_32429,14,5,0
HH_32430,12,3,1
HH_32431,16,6,2
HH_32432,11,7,1
HH_32433,13,8,3
HH_32434,8,4,2
HH_32435,10,6,0
HH_32436,15,5,0
HH_32437,10,10,1
HH_32438,10,2,1
HH_32439,18,4,1
HH_32440,11,8,0
HH_32441,8,6,0
HH_32442,15,4,1
HH_32443,11,9,1
HH_32444,7,8,0
HH_32445,12,6,2
HH_32446,15,4,0
HH_32447,7,4,0
HH_32448,11,6,1
HH_32449,11,4,0
HH_32450,11,4,0
HH_32451,15,4,1
HH_32452,11,9,0
HH_32453,13,5,0
HH_32454,14,4,2
HH_32455,14,5,2
HH_32456,21,3,2
HH_32457,12,3,2
HH_32458,8,6,1
HH_32459,10,3,0
HH_32460,10,8,0
HH_32461,11,6,0
HH_32462,6,8,1
HH_32463,9,4,1
HH_32464,12,9,0
HH_32465,7,4,1
HH_32466,14,5,1
HH_32467,13,3,1
HH_32468,20,7,1
HH_32469,10,6,0
HH_32470,11,6,3
HH_32471,7,4,1
HH_32472,15,6,0
HH_32473,7,4,0
HH_32474,19,7,3
HH_32475,13,5,1
HH_32476,10,8,1
HH_32477,12,6,0
HH_32478,9,6,0
HH_32479,6,11,0
HH_32480,8,3,0
HH_32481,12,11,1
HH_32482,12,8,0
HH_32483,11,5,1
HH_32484,5,4,1
HH_32485,14,2,0
HH_32486,8,2,1
HH_32487,7,5,0
HH_32488,12,5,0
HH_32489,19,11,2
HH_32490,12,4,1
HH_32491,16,5,2
HH_32492,13,4,0
HH_32493,10,5,1
HH_32494,13,6,1
HH_32495,8,2,1
HH_32496,14,1,0
HH_32497,19,6,0
HH_32498,8,5,3
HH_32499,13,4,3
HH_32500,12,1,0
HH_32501,9,3,2
HH_32502,11,3,1
HH_32503,13,6,0
HH_32504,5,1,1
HH_32505,7,6,0
HH_32506,13,3,0
HH_32507,18,5,2
HH_32508,6,5,3
HH_32509,10,4,2
HH_32510,9,6,1
HH_32511,17,5,0
HH_32512,15,9,0
HH_32513,16,4,2
HH_32514,16,11,2
HH_32515,12,2,0
HH_32516,20,5,0
HH_32517,7,6,2
HH_32518,15,0,0
HH_32519,10,6,1
HH_32520,15,5,1
HH_32521,14,3,1
HH_32522,19,7,2
HH_32523,13,9,2
HH_32524,15,3,0
HH_32525,11,7,0
HH_32526,15,8,1
HH_32527,8,6,3
HH_32528,14,6,1
HH_32529,8,9,0
HH_32530,11,2,0
HH_32531,12,4,0
HH_32532,19,3,0
HH_32533,11,5,1
HH_32534,7,1,1
HH_32535,13,6,2
HH_32536,13,1,2
HH_32537,13,5,1
HH_32538,14,1,0
HH_32539,10,6,0
HH_32540,12,6,0
HH_32541,13,6,0
HH_32542,21,4,1
HH_32543,6,3,1
HH_32544,13,4,1
HH_32545,18,2,0
HH_32546,13,4,0
HH_32547,12,4,1
HH_32548,17,3,0
HH_32549,13,7,2
HH_32550,11,5,1
HH_32551,13,2,2
HH_32552,18,7,1
HH_32553,19,3,0
HH_32554,11,4,2
HH_32555,13,4,1
HH_32556,9,1,2
HH_32557,10,5,2
HH_32558,13,10,1
HH_32559,7,3,1
HH_32560,11,5,0
HH_32561,7,7,1
HH_32562,9,4,2
HH_32563,13,6,0
HH_32564,13,5,2
HH_32565,14,5,0
HH_32566,11,7,1
HH_32567,11,3,1
HH_32568,10,4,0
HH_32569,8,4,0
HH_32570,12,5,1
HH_32571,16,2,1
HH_32572,14,1,2
HH_32573,22,6,0
HH_32574,16,6,1
HH_32575,8,1,2
HH_32576,10,8,1
HH_32577,15,6,1
HH_32578,13,1,0
HH_32579,14,2,1
HH_32580,8,2,3
HH_32581,11,5,1
HH_32582,11,6,2
HH_32583,16,2,1
HH_32584,12,1,3
HH_32585,15,6,0
HH_32586,11,3,1
HH_32587,11,8,1
HH_32588,14,9,0
HH_32589,13,4,1
HH_32590,13,9,0
HH_32591,11,2,0
HH_32592,10,4,1
HH_32593,8,2,1
HH_32594,10,9,2
HH_32595,14,3,1
HH_32596,13,5,1
HH_32597,8,2,0
HH_32598,11,1,1
HH_32599,11,4,0
HH_32600,17,7,2
HH_32601,12,4,2
HH_32602,11,8,0
HH_32603,9,2,1
HH_32604,13,8,0
HH_32605,9,1,1
HH_32606,13,3,3
HH_32607,14,7,0
HH_32608,6,5,4
HH_32609,11,4,0
HH_32610,13,4,1
HH_32611,14,5,1
HH_32612,12,6,1
HH_32613,12,5,0
HH_32614,19,5,1
HH_32615,12,9,0
HH_32616,8,3,0
HH_32617,11,3,1
HH_32618,12,7,1
HH_32619,20,3,0
HH_32620,15,6,0
HH_32621,17,7,0
HH_32622,12,7,1
HH_32623,9,6,2
HH_32624,12,7,2
HH_32625,10,13,1
HH_32626,13,2,1
HH_32627,15,6,0
HH_32628,10,2,2
HH_32629,11,5,2
HH_32630,13,3,1
HH_32631,4,6,1
HH_32632,11,3,0
HH_32633,14,8,0
HH_32634,13,7,0
HH_32635,12,3,2
HH_32636,13,5,3
HH_32637,9,1,1
HH_32638,11,5,2
HH_32639,9,4,0
HH_32640,21,4,2
HH_32641,12,4,0
HH_32642,10,7,0
HH_32643,13,8,0
HH_32644,10,5,1
HH_32645,13,7,1
HH_32646,10,4,1
HH_32647,11,5,3
HH_32648,19,4,3
HH_32649,13,5,1
HH_32650,18,4,0
HH_32651,15,3,1
HH_32652,14,7,0
HH_32653,11,3,2
HH_32654,10,6,0
HH_32655,9,6,2
HH_32656,12,6,0
HH_32657,5,3,3
HH_32658,10,2,2
HH_32659,12,4,1
HH_32660,19,5,0
HH_32661,13,4,3
HH_32662,6,8,1
HH_32663,12,4,2
HH_32664,17,5,1
HH_32665,9,4,1
HH_32666,12,4,1
HH_32667,11,2,0
HH_32668,14,5,1
HH_32669,15,5,1
HH_32670,13,2,0
HH_32671,3,6,2
HH_32672,11,3,1
HH_32673,14,7,1
HH_32674,13,5,2
HH_32675,13,7,1
HH_32676,12,3,1
HH_32677,10,5,0
HH_32678,9,3,1
HH_32679,10,7,1
HH_32680,9,10,0
HH_32681,7,12,1
HH_32682,15,7,1
HH_32683,10,7,4
HH_32684,13,6,2
HH_32685,9,8,1
HH_32686,16,6,0
HH_32687,15,3,2
HH_32688,11,5,0
HH_32689,16,5,2
HH_32690,18,5,0
HH_32691,13,6,2
HH_32692,10,5,2
HH_32693,6,5,1
HH_32694,15,6,3
HH_32695,11,5,0
HH_32696,14,2,0
HH_32697,15,4,1
HH_32698,16,6,2
HH_32699,14,5,2
HH_32700,8,5,1
HH_32701,9,2,1
HH_32702,14,8,0
HH_32703,15,2,0
HH_32704,20,5,0
HH_32705,14,9,1
HH_32706,12,6,1
HH_32707,15,5,1
HH_32708,8,8,3
HH_32709,7,2,0
HH_32710,10,6,0
HH_32711,17,5,1
HH_32712,15,8,1
HH_32713,14,3,2
HH_32714,13,10,0
HH_32715,9,8,1
HH_32716,9,7,0
HH_32717,13,3,2
HH_32718,13,11,0
HH_32719,16,4,1
HH_32720,11,3,1
HH_32721,11,3,0
HH_32722,8,4,0
HH_32723,11,3,0
HH_32724,17,3,1
HH_32725,9,4,1
HH_32726,9,4,0
HH_32727,12,3,1
HH_32728,6,1,0
HH_32729,16,8,1
HH_32730,12,3,0
HH_32731,9,6,0
HH_32732,10,5,1
HH_32733,10,5,2
HH_32734,9,10,1
HH_32735,13,4,3
HH_32736,14,5,1
HH_32737,16,3,4
HH_32738,12,10,0
HH_32739,8,4,3
HH_32740,17,4,1
HH_32741,22,4,1
HH_32742,16,4,0
HH_32743,15,7,1
HH_32744,6,5,2
HH_32745,12,9,5
HH_32746,16,5,0
HH_32747,19,5,2
HH_32748,6,8,1
HH_32749,6,5,0
HH_32750,7,3,4
HH_32751,10,3,2
HH_32752,21,6,2
HH_32753,11,6,0
HH_32754,16,6,0
HH_32755,12,0,1
HH_32756,17,3,2
HH_32757,16,4,1
HH_32758,8,6,0
HH_32759,13,6,2
HH_32760,9,4,1
HH_32761,7,4,3
HH_32762,14,10,1
HH_32763,18,6,0
HH_32764,14,3,1
HH_32765,14,3,1
HH_32766,14,4,2
HH_32767,8,4,1
HH_32768,6,8,0
HH_32769,12,5,1
HH_32770,13,6,0
HH_32771,14,7,0
HH_32772,10,6,0
HH_32773,12,4,2
HH_32774,11,8,1
HH_32775,8,9,0
HH_32776,9,6,3
HH_32777,9,6,0
HH_32778,4,5,2
HH_32779,13,2,0
HH_32780,8,5,1
HH_32781,12,4,0
HH_32782,11,8,1
HH_32783,13,6,1
HH_32784,10,4,0
HH_32785,13,4,2
HH_32786,11,4,3
HH_32787,11,4,0
HH_32788,14,6,1
HH_32789,13,4,0
HH_32790,18,11,0
HH_32791,13,5,2
HH_32792,11,8,1
HH_32793,10,4,1
HH_32794,13,3,2
HH_32795,11,5,0
HH_32796,13,7,0
HH_32797,20,3,1
HH_32798,12,4,1
HH_32799,14,5,0
HH_32800,8,6,0
HH_32801,14,9,0
HH_32802,11,7,0
HH_32803,16,7,2
HH_32804,15,1,2
HH_32805,15,4,1
HH_32806,9,8,0
HH_32807,10,6,1
HH_32808,13,6,1
HH_32809,12,5,0
HH_32810,16,4,3
HH_32811,7,3,1
HH_32812,16,3,0
HH_32813,9,1,0
HH_32814,9,7,0
HH_32815,11,6,1
HH_32816,17,13,0
HH_32817,10,4,2
HH_32818,12,5,3
HH_32819,9,4,1
HH_32820,13,8,1
HH_32821,16,6,1
HH_32822,13,3,2
HH_32823,14,4,0
HH_32824,12,6,1
HH_32825,16,3,2
HH_32826,15,6,0
HH_32827,12,3,1
HH_32828,10,4,4
HH_32829,7,3,1
HH_32830,9,7,1
HH_32831,8,2,0
HH_32832,11,5,1
HH_32833,15,6,0
HH_32834,10,6,0
HH_32835,10,4,1
HH_32836,20,2,2
HH_32837,14,4,0
HH_32838,9,3,1
HH_32839,8,3,1
HH_32840,14,6,1
HH_32841,9,6,0
HH_32842,10,5,2
HH_32843,10,3,0
HH_32844,13,1,2
HH_32845,17,6,3
HH_32846,19,2,0
HH_32847,11,7,1
HH_32848,11,11,3
HH_32849,10,4,2
HH_32850,13,6,0
HH_32851,11,7,1
HH_32852,17,4,0
HH_32853,9,6,2
HH_32854,12,5,0
HH_32855,12,2,1
HH_32856,8,6,0
HH_32857,18,5,0
HH_32858,9,5,0
HH_32859,16,3,0
HH_32860,9,6,0
HH_32861,9,6,0
HH_32862,11,3,1
HH_32863,13,4,1
HH_32864,11,3,0
HH_32865,15,7,1
HH_32866,11,8,1
HH_32867,14,3,1
HH_32868,11,3,1
HH_32869,18,5,0
HH_32870,8,4,0
HH_32871,17,7,1
HH_32872,9,5,0
HH_32873,11,2,1
HH_32874,18,4,0
HH_32875,6,3,3
HH_32876,13,3,1
HH_32877,10,7,1
HH_32878,17,5,0
HH_32879,15,8,0
HH_32880,12,5,2
HH_32881,10,3,0
HH_32882,12,7,0
HH_32883,11,5,2
HH_32884,17,7,4
HH_32885,15,5,0
HH_32886,13,8,1
HH_32887,15,3,0
HH_32888,12,0,0
HH_32889,13,5,0
HH_32890,10,6,1
HH_32891,8,4,0
HH_32892,11,4,0
HH_32893,10,8,0
HH_32894,15,9,1
HH_32895,11,2,1
HH_32896,12,11,1
HH_32897,16,11,1
HH_32898,8,4,0
HH_32899,13,3,1
HH_32900,13,7,0
HH_32901,10,4,2
HH_32902,10,6,1
HH_32903,9,2,1
HH_32904,20,6,1
HH_32905,21,5,1
HH_32906,8,3,1
HH_32907,18,3,1
HH_32908,12,5,0
HH_32909,12,8,0
HH_32910,14,6,4
HH_32911,10,6,1
HH_32912,9,7,2
HH_32913,7,5,2
HH_32914,8,5,0
HH_32915,13,10,2
HH_32916,10,5,0
HH_32917,9,1,1
HH_32918,9,5,0
HH_32919,14,4,1
HH_32920,7,9,2
HH_32921,12,7,3
HH_32922,15,3,0
HH_32923,18,6,1
HH_32924,9,4,2
HH_32925,12,6,2
HH_32926,12,4,0
HH_32927,16,5,1
HH_32928,8,3,1
HH_32929,8,5,0
HH_32930,13,5,2
HH_32931,10,6,0
HH_32932,10,12,0
HH_32933,10,5,3
HH_32934,11,6,1
HH_32935,13,5,2
HH_32936,9,4,1
HH_32937,10,5,0
HH_32938,9,5,2
HH_32939,16,6,0
HH_32940,13,1,0
HH_32941,8,8,0
HH_32942,8,7,1
HH_32943,12,5,1
HH_32944,8,3,2
HH_32945,14,4,2
HH_32946,10,4,1
HH_32947,13,4,0
HH_32948,11,7,1
HH_32949,11,2,2
HH_32950,10,4,0
HH_32951,10,5,1
HH_32952,11,6,0
HH_32953,13,6,1
HH_32954,13,8,0
HH_32955,24,5,1
HH_32956,9,5,0
HH_32957,9,5,3
HH_32958,11,4,1
HH_32959,13,3,0
HH_32960,14,6,4
HH_32961,15,4,0
HH_32962,19,4,2
HH_32963,10,4,2
HH_32964,13,4,2
HH_32965,10,4,2
HH_32966,10,4,0
HH_32967,10,7,0
HH_32968,11,5,1
HH_32969,17,5,0
HH_32970,10,5,0
HH_32971,13,7,5
HH_32972,14,7,1
HH_32973,18,4,2
HH_32974,14,6,0
HH_32975,9,3,0
HH_32976,17,4,3
HH_32977,20,3,0
HH_32978,12,5,0
HH_32979,13,13,3
HH_32980,16,5,0
HH_32981,12,7,2
HH_32982,16,4,2
HH_32983,13,10,2
HH_32984,10,4,1
HH_32985,13,7,1
HH_32986,11,6,0
HH_32987,18,3,2
HH_32988,6,6,1
HH_32989,12,9,1
HH_32990,4,6,1
HH_32991,18,3,0
HH_32992,14,4,0
HH_32993,8,3,2
HH_32994,19,5,0
HH_32995,11,5,0
HH_32996,13,6,0
HH_32997,20,3,2
HH_32998,6,4,3
HH_32999,13,5,0
HH_33000,16,6,0
HH_33001,18,6,1
HH_33002,12,6,3
HH_33003,12,4,1
HH_33004,11,7,0
HH_33005,10,3,0
HH_33006,10,3,1
HH_33007,16,3,1
HH_33008,10,9,0
HH_33009,10,6,1
HH_33010,10,6,1
HH_33011,14,5,2
HH_33012,7,5,3
HH_33013,17,4,0
HH_33014,9,5,1
HH_33015,10,2,1
HH_33016,12,5,2
HH_33017,15,3,1
HH_33018,14,3,2
HH_33019,16,4,0
HH_33020,14,3,0
HH_33021,12,2,1
HH_33022,14,4,2
HH_33023,9,4,1
HH_33024,15,4,1
HH_33025,9,4,2
HH_33026,5,4,0
HH_33027,11,1,0
HH_33028,13,2,1
HH_33029,11,4,1
HH_33030,11,3,3
HH_33031,14,4,0
HH_33032,18,6,3
HH_33033,10,8,1
HH_33034,15,9,3
HH_33035,9,7,1
HH_33036,9,6,1
HH_33037,15,6,3
HH_33038,13,6,1
HH_33039,12,4,1
HH_33040,14,7,0
HH_33041,9,3,0
HH_33042,14,7,0
HH_33043,19,2,0
HH_33044,12,5,3
HH_33045,11,5,0
HH_33046,22,1,1
HH_33047,9,6,3
HH_33048,11,3,2
HH_33049,7,2,1
HH_33050,10,6,3
HH_33051,10,8,1
HH_33052,11,4,2
HH_33053,12,6,1
HH_33054,16,8,0
HH_33055,11,7,2
HH_33056,10,4,0
HH_33057,14,4,0
HH_33058,7,6,3
HH_33059,12,8,1
HH_33060,9,3,0
HH_33061,5,3,2
HH_33062,12,4,1
HH_33063,15,3,1
HH_33064,10,6,1
HH_33065,9,4,0
HH_33066,7,6,3
HH_33067,14,8,1
HH_33068,13,4,0
HH_33069,8,7,3
HH_33070,7,5,0
HH_33071,12,5,0
HH_33072,12,5,2
HH_33073,9,3,0
HH_33074,7,7,2
HH_33075,17,4,0
HH_33076,8,5,2
HH_33077,6,5,1
HH_33078,15,7,0
HH_33079,8,8,5
HH_33080,12,8,0
HH_33081,19,6,1
HH_33082,17,2,2
HH_33083,10,3,2
HH_33084,15,4,2
HH_33085,12,5,1
HH_33086,12,11,1
HH_33087,5,3,0
HH_33088,18,6,3
HH_33089,20,6,1
HH_33090,12,5,0
HH_33091,10,6,1
HH_33092,8,5,0
HH_33093,12,6,1
HH_33094,12,6,1
HH_33095,16,2,2
HH_33096,10,6,0
HH_33097,15,5,1
HH_33098,11,6,0
HH_33099,8,7,2
HH_33100,11,1,1
HH_33101,15,3,2
HH_33102,12,2,0
HH_33103,15,3,2
HH_33104,9,5,2
HH_33105,16,7,1
HH_33106,14,7,0
HH_33107,11,6,0
HH_33108,14,6,4
HH_33109,16,3,2
HH_33110,10,3,4
HH_33111,10,6,0
HH_33112,6,5,0
HH_33113,10,1,1
HH_33114,13,4,0
HH_33115,8,6,1
HH_33116,22,6,1
HH_33117,9,2,1
HH_33118,10,6,0
HH_33119,13,3,1
HH_33120,13,4,2
HH_33121,10,6,1
HH_33122,13,6,1
HH_33123,9,5,0
HH_33124,6,8,3
HH_33125,19,3,0
HH_33126,13,1,0
HH_33127,13,7,1
HH_33128,16,2,1
HH_33129,7,5,4
HH_33130,13,9,5
HH_33131,8,8,1
HH_33132,13,6,2
HH_33133,8,3,1
HH_33134,12,6,1
HH_33135,13,4,1
HH_33136,10,8,3
HH_33137,6,6,0
HH_33138,11,6,2
HH_33139,19,6,0
HH_33140,13,5,1
HH_33141,10,8,1
HH_33142,11,5,2
HH_33143,12,5,0
HH_33144,12,8,0
HH_33145,18,5,1
HH_33146,8,4,1
HH_33147,11,3,0
HH_33148,15,5,1
HH_33149,11,7,2
HH_33150,16,5,1
HH_33151,10,7,2
HH_33152,8,5,0
HH_33153,13,3,1
HH_33154,14,8,2
HH_33155,10,3,2
HH_33156,18,6,1
HH_33157,11,2,1
HH_33158,5,6,1
HH_33159,11,3,0
HH_33160,7,6,0
HH_33161,12,3,2
HH_33162,13,3,0
HH_33163,13,6,2
HH_33164,17,10,0
HH_33165,9,6,0
HH_33166,11,8,2
HH_33167,10,7,1
HH_33168,14,3,0
HH_33169,12,3,0
HH_33170,11,3,1
HH_33171,10,5,0
HH_33172,11,9,1
HH_33173,10,1,1
HH_33174,12,7,0
HH_33175,12,6,0
HH_33176,8,3,1
HH_33177,13,4,2
HH_33178,13,9,2
HH_33179,12,4,2
HH_33180,14,6,0
HH_33181,11,9,2
HH_33182,11,2,2
HH_33183,10,7,0
HH_33184,5,8,1
HH_33185,11,5,0
HH_33186,13,7,1
HH_33187,11,6,1
HH_33188,14,8,1
HH_33189,12,0,1
HH_33190,12,4,0
HH_33191,20,7,1
HH_33192,5,6,0
HH_33193,9,3,0
HH_33194,13,8,1
HH_33195,14,5,2
HH_33196,19,7,1
HH_33197,10,9,1
HH_33198,12,4,0
HH_33199,8,6,1
HH_33200,19,5,0
HH_33201,15,4,1
HH_33202,14,4,0
HH_33203,9,5,0
HH_33204,15,3,2
HH_33205,9,4,0
HH_33206,18,2,2
HH_33207,11,3,1
HH_33208,11,10,0
HH_33209,12,2,0
HH_33210,11,6,1
HH_33211,17,7,1
HH_33212,9,5,2
HH_33213,13,3,2
HH_33214,11,4,1
HH_33215,9,4,2
HH_33216,8,5,2
HH_33217,23,5,1
HH_33218,20,5,0
HH_33219,12,5,0
HH_33220,10,4,1
HH_33221,10,3,1
HH_33222,6,6,0
HH_33223,11,2,1
HH_33224,13,8,3
HH_33225,12,4,1
HH_33226,10,7,0
HH_33227,11,4,1
HH_33228,9,4,1
HH_33229,13,4,2
HH_33230,12,4,2
HH_33231,12,6,4
HH_33232,7,5,1
HH_33233,15,3,0
HH_33234,7,7,2
HH_33235,11,4,0
HH_33236,10,2,0
HH_33237,6,3,3
HH_33238,6,6,0
HH_33239,10,9,0
HH_33240,10,3,3
HH_33241,13,11,1
HH_33242,14,1,1
HH_33243,13,7,1
HH_33244,12,3,2
HH_33245,17,6,0
HH_33246,10,3,2
HH_33247,9,4,5
HH_33248,16,1,1
HH_33249,12,7,2
HH_33250,14,4,1
HH_33251,16,4,0
HH_33252,17,4,0
HH_33253,9,5,1
HH_33254,11,5,1
HH_33255,10,6,0
HH_33256,12,3,1
HH_33257,12,7,0
HH_33258,11,4,1
HH_33259,8,4,0
HH_33260,8,6,1
HH_33261,8,9,1
HH_33262,15,1,0
HH_33263,19,2,0
HH_33264,8,7,1
HH_33265,10,8,1
HH_33266,9,5,1
HH_33267,17,6,0
HH_33268,11,3,1
HH_33269,17,4,0
HH_33270,20,10,1
HH_33271,9,9,1
HH_33272,16,7,2
HH_33273,11,5,1
HH_33274,14,6,1
HH_33275,14,6,0
HH_33276,12,7,2
HH_33277,13,4,0
HH_33278,5,6,0
HH_33279,13,8,1
HH_33280,9,4,1
HH_33281,10,6,0
HH_33282,13,12,3
HH_33283,15,7,2
HH_33284,16,6,1
HH_33285,12,7,0
HH_33286,8,6,0
HH_33287,7,2,0
HH_33288,9,8,1
HH_33289,12,6,2
HH_33290,10,4,0
HH_33291,12,6,0
HH_33292,16,4,1
HH_33293,8,4,1
HH_33294,15,10,0
HH_33295,12,8,0
HH_33296,16,6,1
HH_33297,9,6,1
HH_33298,9,6,1
HH_33299,9,2,0
HH_33300,6,5,0
HH_33301,13,11,1
HH_33302,9,1,1
HH_33303,16,4,1
HH_33304,19,2,1
HH_33305,13,6,0
HH_33306,11,7,0
HH_33307,18,0,0
HH_33308,10,4,2
HH_33309,12,7,1
HH_33310,9,4,1
HH_33311,16,9,0
HH_33312,12,6,1
HH_33313,13,4,1
HH_33314,18,0,0
HH_33315,13,2,1
HH_33316,9,7,0
HH_33317,15,6,3
HH_33318,11,5,0
HH_33319,11,5,1
HH_33320,13,3,1
HH_33321,12,7,1
HH_33322,11,2,2
HH_33323,13,8,0
HH_33324,8,5,1
HH_33325,18,3,0
HH_33326,10,6,1
HH_33327,9,4,1
HH_33328,13,4,0
HH_33329,5,4,1
HH_33330,14,5,0
HH_33331,18,7,1
HH_33332,7,5,2
HH_33333,16,6,0
HH_33334,8,5,1
HH_33335,10,4,1
HH_33336,9,3,1
HH_33337,15,6,1
HH_33338,10,4,1
HH_33339,9,4,1
HH_33340,16,5,0
HH_33341,14,5,2
HH_33342,14,2,1
HH_33343,12,4,0
HH_33344,20,6,0
HH_33345,15,2,2
HH_33346,11,3,1
HH_33347,13,7,2
HH_33348,9,6,2
HH_33349,17,0,0
HH_33350,12,3,0
HH_33351,17,3,1
HH_33352,10,1,0
HH_33353,13,7,2
HH_33354,9,6,0
HH_33355,4,0,1
HH_33356,14,4,1
HH_33357,11,4,2
HH_33358,14,8,2
HH_33359,14,5,0
HH_33360,8,10,0
HH_33361,17,6,3
HH_33362,17,2,1
HH_33363,13,4,1
HH_33364,7,8,4
HH_33365,15,2,2
HH_33366,9,3,1
HH_33367,15,9,0
HH_33368,16,3,1
HH_33369,12,3,1
HH_33370,13,5,0
HH_33371,15,5,0
HH_33372,17,4,1
HH_33373,13,4,3
HH_33374,7,5,0
HH_33375,16,8,0
HH_33376,10,3,0
HH_33377,10,6,1
HH_33378,13,3,0
HH_33379,12,6,2
HH_33380,12,0,1
HH_33381,8,3,1
HH_33382,6,3,1
HH_33383,14,4,0
HH_33384,6,4,1
HH_33385,7,6,0
HH_33386,12,7,2
HH_33387,11,7,1
HH_33388,11,1,0
HH_33389,10,4,2
HH_33390,14,2,0
HH_33391,10,6,0
HH_33392,6,7,1
HH_33393,14,8,1
HH_33394,15,7,3
HH_33395,14,5,0
HH_33396,11,5,1
HH_33397,8,4,2
HH_33398,17,4,0
HH_33399,16,3,1
HH_33400,14,8,1
HH_33401,10,5,2
HH_33402,14,3,2
HH_33403,7,3,1
HH_33404,13,3,0
HH_33405,11,4,0
HH_33406,14,4,1
HH_33407,10,11,1
HH_33408,16,5,1
HH_33409,18,5,1
HH_33410,7,1,2
HH_33411,12,3,1
HH_33412,14,4,0
HH_33413,13,9,2
HH_33414,15,1,1
HH_33415,14,8,1
HH_33416,13,6,0
HH_33417,10,1,3
HH_33418,17,9,1
HH_33419,11,2,0
HH_33420,12,4,2
HH_33421,18,6,3
HH_33422,20,4,1
HH_33423,13,4,0
HH_33424,9,5,0
HH_33425,9,10,0
HH_33426,14,3,0
HH_33427,8,3,0
HH_33428,10,6,0
HH_33429,7,5,0
HH_33430,6,3,0
HH_33431,14,5,1
HH_33432,16,9,0
HH_33433,10,4,1
HH_33434,12,2,0
HH_33435,9,3,1
HH_33436,15,3,2
HH_33437,16,7,1
HH_33438,13,3,2
HH_33439,15,8,0
HH_33440,15,6,1
HH_33441,13,6,1
HH_33442,18,3,0
HH_33443,16,3,1
HH_33444,14,3,2
HH_33445,6,4,0
HH_33446,8,8,2
HH_33447,15,3,1
HH_33448,14,4,0
HH_33449,10,3,0
HH_33450,14,4,0
HH_33451,11,7,0
HH_33452,14,6,1
HH_33453,10,3,1
HH_33454,16,3,0
HH_33455,12,8,2
HH_33456,13,6,2
HH_33457,10,10,0
HH_33458,10,2,1
HH_33459,10,5,0
HH_33460,9,7,0
HH_33461,9,4,0
HH_33462,11,5,2
HH_33463,11,5,0
HH_33464,17,1,0
HH_33465,8,6,3
HH_33466,14,8,0
HH_33467,11,10,1
HH_33468,13,8,2
HH_33469,15,1,2
HH_33470,12,3,1
HH_33471,9,4,2
HH_33472,15,7,1
HH_33473,15,4,1
HH_33474,12,5,2
HH_33475,14,3,0
HH_33476,7,8,0
HH_33477,15,7,2
HH_33478,18,5,2
HH_33479,15,9,0
HH_33480,10,8,0
HH_33481,9,5,0
HH_33482,17,6,0
HH_33483,21,4,2
HH_33484,9,7,2
HH_33485,11,7,4
HH_33486,11,6,0
HH_33487,13,2,1
HH_33488,13,8,3
HH_33489,11,6,1
HH_33490,15,3,2
HH_33491,17,4,2
HH_33492,15,5,1
HH_33493,11,6,4
HH_33494,15,4,0
HH_33495,17,3,0
HH_33496,9,7,1
HH_33497,9,3,0
HH_33498,16,7,2
HH_33499,9,7,0
HH_33500,16,7,3
HH_33501,9,1,1
HH_33502,16,4,0
HH_33503,14,7,0
HH_33504,8,10,0
HH_33505,6,6,4
HH_33506,6,7,1
HH_33507,13,7,0
HH_33508,19,7,1
HH_33509,10,3,1
HH_33510,12,3,1
HH_33511,15,6,1
HH_33512,12,4,0
HH_33513,19,1,1
HH_33514,7,2,1
HH_33515,16,3,2
HH_33516,14,2,4
HH_33517,14,9,2
HH_33518,11,4,0
HH_33519,8,5,1
HH_33520,15,7,2
HH_33521,9,3,1
HH_33522,12,9,0
HH_33523,11,2,3
HH_33524,10,3,3
HH_33525,7,10,0
HH_33526,18,4,0
HH_33527,15,7,0
HH_33528,15,11,1
HH_33529,16,4,3
HH_33530,17,8,0
HH_33531,11,7,0
HH_33532,13,6,1
HH_33533,12,7,0
HH_33534,8,7,1
HH_33535,4,5,3
HH_33536,13,10,2
HH_33537,13,5,3
HH_33538,12,8,3
HH_33539,15,4,0
HH_33540,14,3,3
HH_33541,13,9,2
HH_33542,9,1,0
HH_33543,7,5,0
HH_33544,14,4,0
HH_33545,8,6,0
HH_33546,16,6,1
HH_33547,9,8,1
HH_33548,13,5,0
HH_33549,14,5,3
HH_33550,5,2,1
HH_33551,8,3,0
HH_33552,10,6,1
HH_33553,12,6,0
HH_33554,14,6,1
HH_33555,10,4,3
HH_33556,7,4,0
HH_33557,11,4,1
HH_33558,11,7,2
HH_33559,13,4,0
HH_33560,11,3,1
HH_33561,13,5,1
HH_33562,11,3,1
HH_33563,13,8,2
HH_33564,13,6,0
HH_33565,11,3,1
HH_33566,15,9,2
HH_33567,10,3,1
HH_33568,18,4,1
HH_33569,14,6,0
HH_33570,13,4,0
HH_33571,16,5,2
HH_33572,9,5,3
HH_33573,14,5,3
HH_33574,13,2,1
HH_33575,14,8,1
HH_33576,11,3,1
HH_33577,5,6,1
HH_33578,12,3,3
HH_33579,17,9,2
HH_33580,17,5,1
HH_33581,16,3,2
HH_33582,7,11,2
HH_33583,11,2,0
HH_33584,15,4,2
HH_33585,15,3,3
HH_33586,12,7,2
HH_33587,17,2,0
HH_33588,8,8,0
HH_33589,9,4,0
HH_33590,9,2,1
HH_33591,7,2,0
HH_33592,14,4,2
HH_33593,18,3,1
HH_33594,18,2,0
HH_33595,5,6,1
HH_33596,8,5,2
HH_33597,15,4,0
HH_33598,6,9,0
HH_33599,12,4,4
HH_33600,15,4,1
HH_33601,13,4,2
HH_33602,10,5,0
HH_33603,12,6,0
HH_33604,17,5,1
HH_33605,8,3,2
HH_33606,11,6,0
HH_33607,15,6,1
HH_33608,14,5,1
HH_33609,12,5,2
HH_33610,19,6,0
HH_33611,14,5,0
HH_33612,12,10,0
HH_33613,13,3,0
HH_33614,10,3,2
HH_33615,9,7,0
HH_33616,12,3,2
HH_33617,13,6,2
HH_33618,11,8,1
HH_33619,6,3,1
HH_33620,13,2,2
HH_33621,9,1,0
HH_33622,12,8,2
HH_33623,11,5,2
HH_33624,12,5,0
HH_33625,9,3,1
HH_33626,10,7,0
HH_33627,10,9,0
HH_33628,10,7,3
HH_33629,5,7,0
HH_33630,15,3,2
HH_33631,14,3,1
HH_33632,13,4,1
HH_33633,11,5,1
HH_33634,15,3,2
HH_33635,8,3,0
HH_33636,14,5,2
HH_33637,13,6,0
HH_33638,7,4,0
HH_33639,12,5,0
HH_33640,13,5,1
HH_33641,11,5,1
HH_33642,12,1,2
HH_33643,15,3,0
HH_33644,7,7,0
HH_33645,10,4,1
HH_33646,14,3,2
HH_33647,13,3,0
HH_33648,10,6,1
HH_33649,12,7,2
HH_33650,12,3,0
HH_33651,15,9,2
HH_33652,14,5,4
HH_33653,4,1,1
HH_33654,13,5,0
HH_33655,14,6,2
HH_33656,11,5,0
HH_33657,14,3,0
HH_33658,15,6,1
HH_33659,14,9,1
HH_33660,15,5,4
HH_33661,12,8,0
HH_33662,10,2,2
HH_33663,15,4,3
HH_33664,17,2,1
HH_33665,12,4,1
HH_33666,8,5,1
HH_33667,16,4,0
HH_33668,23,8,3
HH_33669,9,6,3
HH_33670,6,5,2
HH_33671,14,4,0
HH_33672,14,7,0
HH_33673,6,3,1
HH_33674,9,5,0
HH_33675,13,6,0
HH_33676,11,4,2
HH_33677,11,4,0
HH_33678,17,4,0
HH_33679,13,4,1
HH_33680,10,4,4
HH_33681,15,5,1
HH_33682,8,2,1
HH_33683,7,4,0
HH_33684,11,10,0
HH_33685,10,1,1
HH_33686,16,9,0
HH_33687,11,4,3
HH_33688,11,7,1
HH_33689,7,3,1
HH_33690,12,9,0
HH_33691,15,2,0
HH_33692,10,5,1
HH_33693,12,5,0
HH_33694,14,6,0
HH_33695,16,8,1
HH_33696,8,7,0
HH_33697,4,3,1
HH_33698,15,4,1
HH_33699,13,8,1
HH_33700,14,2,0
HH_33701,14,6,1
HH_33702,8,4,0
HH_33703,8,7,0
HH_33704,13,7,1
HH_33705,10,5,1
HH_33706,13,3,1
HH_33707,15,2,1
HH_33708,13,4,2
HH_33709,10,4,1
HH_33710,11,6,1
HH_33711,11,7,0
HH_33712,16,9,1
HH_33713,12,4,1
HH_33714,20,6,0
HH_33715,14,10,0
HH_33716,13,3,0
HH_33717,17,6,1
HH_33718,14,3,1
HH_33719,16,7,1
HH_33720,13,9,0
HH_33721,11,5,0
HH_33722,14,1,2
HH_33723,11,9,1
HH_33724,18,5,1
HH_33725,7,3,1
HH_33726,13,3,0
HH_33727,12,3,1
HH_33728,14,5,1
HH_33729,14,6,0
HH_33730,16,6,1
HH_33731,11,6,0
HH_33732,14,4,0
HH_33733,12,6,2
HH_33734,12,6,1
HH_33735,10,7,0
HH_33736,10,9,0
HH_33737,9,3,0
HH_33738,19,4,1
HH_33739,11,9,2
HH_33740,12,4,0
HH_33741,13,5,3
HH_33742,11,11,0
HH_33743,11,5,0
HH_33744,10,3,1
HH_33745,11,8,4
HH_33746,10,3,0
HH_33747,9,5,2
HH_33748,15,4,2
HH_33749,13,6,1
HH_33750,8,2,0
HH_33751,15,6,3
HH_33752,12,1,1
HH_33753,7,7,2
HH_33754,16,4,3
HH_33755,7,4,1
HH_33756,14,7,1
HH_33757,12,1,3
HH_33758,11,7,1
HH_33759,13,2,2
HH_33760,12,4,0
HH_33761,10,8,4
HH_33762,12,3,0
HH_33763,10,6,2
HH_33764,11,1,1
HH_33765,13,9,2
HH_33766,12,5,0
HH_33767,11,8,2
HH_33768,11,3,1
HH_33769,19,6,0
HH_33770,14,5,2
HH_33771,10,8,1
HH_33772,11,2,1
HH_33773,11,3,1
HH_33774,14,8,2
HH_33775,14,6,2
HH_33776,12,6,3
HH_33777,19,9,2
HH_33778,14,8,3
HH_33779,16,5,1
HH_33780,12,4,3
HH_33781,10,6,1
HH_33782,9,8,0
HH_33783,8,10,1
HH_33784,14,7,0
HH_33785,16,4,0
HH_33786,10,7,1
HH_33787,11,8,1
HH_33788,10,7,2
HH_33789,15,7,2
HH_33790,20,6,1
HH_33791,14,4,1
HH_33792,11,5,1
HH_33793,13,8,1
HH_33794,17,6,2
HH_33795,11,4,0
HH_33796,6,2,0
HH_33797,12,3,1
HH_33798,6,6,0
HH_33799,11,4,1
HH_33800,10,4,2
HH_33801,13,5,0
HH_33802,13,4,0
HH_33803,16,4,1
HH_33804,13,7,1
HH_33805,6,5,1
HH_33806,17,5,3
HH_33807,8,7,0
HH_33808,18,7,1
HH_33809,10,7,1
HH_33810,12,5,5
HH_33811,13,4,0
HH_33812,12,5,2
HH_33813,12,8,1
HH_33814,9,6,0
HH_33815,6,5,0
HH_33816,11,8,0
HH_33817,13,5,2
HH_33818,8,9,0
HH_33819,18,2,2
HH_33820,8,6,0
HH_33821,9,1,2
HH_33822,10,10,1
HH_33823,14,3,0
HH_33824,12,3,1
HH_33825,11,8,0
HH_33826,11,4,2
HH_33827,12,6,1
HH_33828,13,3,1
HH_33829,16,6,0
HH_33830,13,4,0
HH_33831,12,6,1
HH_33832,12,5,2
HH_33833,12,4,0
HH_33834,18,8,1
HH_33835,15,7,0
HH_33836,11,4,0
HH_33837,7,4,0
HH_33838,18,6,0
HH_33839,12,6,0
HH_33840,12,7,0
HH_33841,13,3,2
HH_33842,13,1,3
HH_33843,11,8,0
HH_33844,11,5,1
HH_33845,11,7,0
HH_33846,15,9,1
HH_33847,16,0,1
HH_33848,8,6,0
HH_33849,10,6,2
HH_33850,13,7,0
HH_33851,10,13,1
HH_33852,15,4,0
HH_33853,6,2,2
HH_33854,15,4,0
HH_33855,14,8,0
HH_33856,18,0,0
HH_33857,11,6,1
HH_33858,9,3,0
HH_33859,11,7,2
HH_33860,15,9,0
HH_33861,11,4,2
HH_33862,13,6,1
HH_33863,12,5,0
HH_33864,12,6,0
HH_33865,11,5,0
HH_33866,11,7,0
HH_33867,10,2,0
HH_33868,11,3,2
HH_33869,11,8,1
HH_33870,11,2,1
HH_33871,10,4,0
HH_33872,19,6,1
HH_33873,8,6,1
HH_33874,11,4,2
HH_33875,8,3,1
HH_33876,18,3,1
HH_33877,7,3,2
HH_33878,13,6,0
HH_33879,12,6,1
HH_33880,31,6,0
HH_33881,6,5,2
HH_33882,6,6,1
HH_33883,15,7,3
HH_33884,10,6,0
HH_33885,8,7,1
HH_33886,13,9,0
HH_33887,13,4,1
HH_33888,13,5,0
HH_33889,12,5,2
HH_33890,6,7,0
HH_33891,10,5,0
HH_33892,20,6,1
HH_33893,7,5,1
HH_33894,24,5,3
HH_33895,12,2,1
HH_33896,16,4,0
HH_33897,11,2,1
HH_33898,15,6,1
HH_33899,11,6,0
HH_33900,9,2,1
HH_33901,12,8,0
HH_33902,8,3,0
HH_33903,15,7,1
HH_33904,7,6,2
HH_33905,12,5,2
HH_33906,11,5,0
HH_33907,9,8,1
HH_33908,6,5,0
HH_33909,19,3,1
HH_33910,12,2,1
HH_33911,9,7,1
HH_33912,6,6,1
HH_33913,10,0,0
HH_33914,10,2,3
HH_33915,16,6,1
HH_33916,18,5,1
HH_33917,8,10,1
HH_33918,17,5,2
HH_33919,8,5,1
HH_33920,15,8,2
HH_33921,12,3,1
HH_33922,8,8,0
HH_33923,17,6,0
HH_33924,12,4,1
HH_33925,5,2,1
HH_33926,12,5,0
HH_33927,10,4,0
HH_33928,6,7,2
HH_33929,15,4,1
HH_33930,8,7,2
HH_33931,12,4,1
HH_33932,9,10,1
HH_33933,15,4,0
HH_33934,14,9,2
HH_33935,9,7,1
HH_33936,5,8,1
HH_33937,12,4,1
HH_33938,17,8,1
HH_33939,21,7,1
HH_33940,6,2,0
HH_33941,14,6,1
HH_33942,14,8,3
HH_33943,8,5,4
HH_33944,10,4,0
HH_33945,11,8,1
HH_33946,11,6,1
HH_33947,13,3,2
HH_33948,5,3,1
HH_33949,9,8,2
HH_33950,6,9,2
HH_33951,9,4,0
HH_33952,13,4,1
HH_33953,12,6,1
HH_33954,12,3,2
HH_33955,8,0,1
HH_33956,13,5,2
HH_33957,14,8,4
HH_33958,12,4,4
HH_33959,16,2,2
HH_33960,8,1,1
HH_33961,12,4,1
HH_33962,12,5,1
HH_33963,18,6,0
HH_33964,12,6,2
HH_33965,10,5,4
HH_33966,10,6,3
HH_33967,10,3,0
HH_33968,15,4,1
HH_33969,8,4,0
HH_33970,14,9,2
HH_33971,13,4,0
HH_33972,12,6,0
HH_33973,14,5,1
HH_33974,20,6,1
HH_33975,12,4,1
HH_33976,14,7,0
HH_33977,12,5,1
HH_33978,10,7,1
HH_33979,12,5,2
HH_33980,8,2,3
HH_33981,20,7,1
HH_33982,12,6,2
HH_33983,11,7,0
HH_33984,13,5,0
HH_33985,10,1,2
HH_33986,9,9,3
HH_33987,13,3,2
HH_33988,11,3,2
HH_33989,9,3,0
HH_33990,14,7,1
HH_33991,9,2,2
HH_33992,6,4,2
HH_33993,12,3,1
HH_33994,10,4,2
HH_33995,9,6,2
HH_33996,10,5,2
HH_33997,13,7,2
HH_33998,11,2,0
HH_33999,15,6,1
HH_34000,9,6,2
HH_34001,12,6,1
HH_34002,16,3,0
HH_34003,8,4,0
HH_34004,24,3,0
HH_34005,11,5,2
HH_34006,8,6,4
HH_34007,7,3,1
HH_34008,18,5,2
HH_34009,7,9,0
HH_34010,14,2,2
HH_34011,15,4,1
HH_34012,11,7,0
HH_34013,13,4,0
HH_34014,13,9,0
HH_34015,15,4,1
HH_34016,5,4,2
HH_34017,19,3,1
HH_34018,13,5,0
HH_34019,13,3,0
HH_34020,13,3,1
HH_34021,7,7,1
HH_34022,14,2,1
HH_34023,6,3,2
HH_34024,12,7,1
HH_34025,18,6,2
HH_34026,11,9,1
HH_34027,12,4,3
HH_34028,8,6,2
HH_34029,11,6,1
HH_34030,14,3,1
HH_34031,8,12,0
HH_34032,15,3,0
HH_34033,17,5,1
HH_34034,12,5,0
HH_34035,14,3,3
HH_34036,9,6,3
HH_34037,10,4,1
HH_34038,10,5,0
HH_34039,22,7,1
HH_34040,14,1,0
HH_34041,12,8,0
HH_34042,15,9,1
HH_34043,13,4,0
HH_34044,11,8,1
HH_34045,11,5,0
HH_34046,18,6,2
HH_34047,7,6,2
HH_34048,19,6,0
HH_34049,14,5,2
HH_34050,10,9,2
HH_34051,13,6,0
HH_34052,13,5,3
HH_34053,12,5,1
HH_34054,18,3,0
HH_34055,12,6,1
HH_34056,11,4,1
HH_34057,11,5,1
HH_34058,9,4,0
HH_34059,12,5,1
HH_34060,7,6,2
HH_34061,13,4,1
HH_34062,13,4,1
HH_34063,7,7,1
HH_34064,16,8,1
HH_34065,15,6,0
HH_34066,10,8,0
HH_34067,14,5,1
HH_34068,13,5,0
HH_34069,14,6,1
HH_34070,4,7,2
HH_34071,15,4,0
HH_34072,13,6,0
HH_34073,9,2,1
HH_34074,15,7,0
HH_34075,11,7,0
HH_34076,10,8,0
HH_34077,8,10,1
HH_34078,7,3,1
HH_34079,7,6,1
HH_34080,11,3,2
HH_34081,10,4,0
HH_34082,14,2,1
HH_34083,9,5,1
HH_34084,13,8,0
HH_34085,12,3,0
HH_34086,8,5,0
HH_34087,11,6,0
HH_34088,17,6,1
HH_34089,10,3,1
HH_34090,13,5,1
HH_34091,6,6,1
HH_34092,13,4,1
HH_34093,13,6,1
HH_34094,10,7,2
HH_34095,8,6,0
HH_34096,9,8,1
HH_34097,12,5,0
HH_34098,9,4,2
HH_34099,12,3,0
HH_34100,12,6,0
HH_34101,15,6,0
HH_34102,12,6,2
HH_34103,12,3,1
HH_34104,8,2,0
HH_34105,7,3,0
HH_34106,13,4,1
HH_34107,13,2,0
HH_34108,14,7,2
HH_34109,13,3,0
HH_34110,16,2,0
HH_34111,11,5,0
HH_34112,16,8,1
HH_34113,10,8,0
HH_34114,14,8,0
HH_34115,16,7,0
HH_34116,11,3,1
HH_34117,10,7,3
HH_34118,19,5,1
HH_34119,6,5,3
HH_34120,14,4,0
HH_34121,16,7,0
HH_34122,17,2,0
HH_34123,12,5,0
HH_34124,6,5,1
HH_34125,11,3,2
HH_34126,19,3,0
HH_34127,11,4,1
HH_34128,12,6,0
HH_34129,6,5,1
HH_34130,16,10,1
HH_34131,13,6,0
HH_34132,5,5,1
HH_34133,19,8,1
HH_34134,9,3,0
HH_34135,13,7,1
HH_34136,12,2,3
HH_34137,15,3,0
HH_34138,8,5,0
HH_34139,4,3,3
HH_34140,14,2,1
HH_34141,12,5,0
HH_34142,13,5,2
HH_34143,12,5,0
HH_34144,12,4,2
HH_34145,8,6,1
HH_34146,9,0,1
HH_34147,14,7,2
HH_34148,10,4,0
HH_34149,8,4,3
HH_34150,10,4,0
HH_34151,8,6,1
HH_34152,16,5,0
HH_34153,10,5,1
HH_34154,9,4,2
HH_34155,9,5,0
HH_34156,10,3,2
HH_34157,18,6,0
HH_34158,18,3,1
HH_34159,15,4,2
HH_34160,6,5,2
HH_34161,18,10,2
HH_34162,7,3,0
HH_34163,8,2,1
HH_34164,11,2,1
HH_34165,6,11,3
HH_34166,11,4,2
HH_34167,15,5,1
HH_34168,16,12,0
HH_34169,7,4,0
HH_34170,19,6,0
HH_34171,11,10,0
HH_34172,9,5,1
HH_34173,13,4,3
HH_34174,11,4,3
HH_34175,11,3,1
HH_34176,15,1,0
HH_34177,12,7,0
HH_34178,15,2,0
HH_34179,14,3,0
HH_34180,5,5,2
HH_34181,21,4,0
HH_34182,14,6,1
HH_34183,12,4,0
HH_34184,9,6,1
HH_34185,10,2,0
HH_34186,14,1,1
HH_34187,12,8,1
HH_34188,12,6,1
HH_34189,11,5,0
HH_34190,11,4,2
HH_34191,11,9,0
HH_34192,14,7,1
HH_34193,16,5,1
HH_34194,14,6,0
HH_34195,11,9,0
HH_34196,7,5,0
HH_34197,16,10,0
HH_34198,7,8,2
HH_34199,16,6,0
HH_34200,14,6,2
HH_34201,9,5,0
HH_34202,14,4,2
HH_34203,10,5,0
HH_34204,9,3,1
HH_34205,13,7,1
HH_34206,9,6,1
HH_34207,3,4,2
HH_34208,15,7,1
HH_34209,6,3,1
HH_34210,13,4,2
HH_34211,13,4,0
HH_34212,9,3,0
HH_34213,17,4,0
HH_34214,10,3,2
HH_34215,12,7,2
HH_34216,13,6,0
HH_34217,10,5,1
HH_34218,8,4,0
HH_34219,9,6,2
HH_34220,8,10,1
HH_34221,15,5,3
HH_34222,6,6,2
HH_34223,9,2,0
HH_34224,14,5,0
HH_34225,9,2,1
HH_34226,8,8,0
HH_34227,15,3,0
HH_34228,10,3,1
HH_34229,8,5,1
HH_34230,11,7,0
HH_34231,16,2,0
HH_34232,14,4,3
HH_34233,13,8,0
HH_34234,13,4,1
HH_34235,16,10,1
HH_34236,4,4,0
HH_34237,15,4,0
HH_34238,11,6,0
HH_34239,9,2,1
HH_34240,16,3,1
HH_34241,9,4,1
HH_34242,12,5,2
HH_34243,10,5,0
HH_34244,10,3,1
HH_34245,13,5,0
HH_34246,14,4,2
HH_34247,13,5,3
HH_34248,15,5,3
HH_34249,10,6,2
HH_34250,14,5,1
HH_34251,8,4,1
HH_34252,9,4,0
HH_34253,14,3,3
HH_34254,14,4,1
HH_34255,11,4,0
HH_34256,9,6,0
HH_34257,12,6,0
HH_34258,9,5,2
HH_34259,12,5,0
HH_34260,8,9,0
HH_34261,15,4,2
HH_34262,11,6,0
HH_34263,16,3,0
HH_34264,14,6,1
HH_34265,7,5,0
HH_34266,17,2,1
HH_34267,11,5,0
HH_34268,7,5,0
HH_34269,16,2,1
HH_34270,9,3,0
HH_34271,14,4,2
HH_34272,14,4,0
HH_34273,15,5,2
HH_34274,7,3,1
HH_34275,11,4,2
HH_34276,11,3,2
HH_34277,13,7,0
HH_34278,12,6,1
HH_34279,9,6,0
HH_34280,13,1,0
HH_34281,9,9,0
HH_34282,11,3,0
HH_34283,7,2,0
HH_34284,12,5,2
HH_34285,10,4,1
HH_34286,10,6,0
HH_34287,16,2,0
HH_34288,13,2,0
HH_34289,13,7,2
HH_34290,7,8,0
HH_34291,5,5,1
HH_34292,9,3,0
HH_34293,13,10,2
HH_34294,5,7,0
HH_34295,16,9,1
HH_34296,9,8,1
HH_34297,11,2,1
HH_34298,12,3,2
HH_34299,9,5,1
HH_34300,10,5,1
HH_34301,6,3,0
HH_34302,13,5,3
HH_34303,12,5,1
HH_34304,11,8,0
HH_34305,18,3,2
HH_34306,7,10,0
HH_34307,11,7,0
HH_34308,19,4,1
HH_34309,13,5,0
HH_34310,11,3,1
HH_34311,11,4,0
HH_34312,11,4,1
HH_34313,18,2,0
HH_34314,12,2,0
HH_34315,12,4,1
HH_34316,12,3,1
HH_34317,7,5,1
HH_34318,11,4,1
HH_34319,10,6,1
HH_34320,17,3,1
HH_34321,12,1,0
HH_34322,5,4,1
HH_34323,14,2,0
HH_34324,9,2,0
HH_34325,6,8,1
HH_34326,12,1,1
HH_34327,10,6,2
HH_34328,13,6,2
HH_34329,14,7,4
HH_34330,8,6,1
HH_34331,14,5,1
HH_34332,14,6,2
HH_34333,16,6,1
HH_34334,17,7,2
HH_34335,8,4,1
HH_34336,7,3,3
HH_34337,7,6,3
HH_34338,10,3,2
HH_34339,8,3,0
HH_34340,8,3,1
HH_34341,14,6,2
HH_34342,7,5,0
HH_34343,13,12,1
HH_34344,4,5,0
HH_34345,10,4,0
HH_34346,15,5,1
HH_34347,11,3,1
HH_34348,17,7,0
HH_34349,15,6,1
HH_34350,10,3,1
HH_34351,11,1,3
HH_34352,13,6,1
HH_34353,7,6,2
HH_34354,7,3,1
HH_34355,15,5,2
HH_34356,8,7,0
HH_34357,13,7,0
HH_34358,10,5,0
HH_34359,14,8,1
HH_34360,12,4,0
HH_34361,14,8,0
HH_34362,10,6,0
HH_34363,15,5,0
HH_34364,13,8,1
HH_34365,14,6,1
HH_34366,12,9,1
HH_34367,9,3,0
HH_34368,16,3,1
HH_34369,20,9,1
HH_34370,15,6,1
HH_34371,8,6,0
HH_34372,18,3,0
HH_34373,12,5,1
HH_34374,17,5,0
HH_34375,15,6,0
HH_34376,12,3,0
HH_34377,11,9,3
HH_34378,13,5,0
HH_34379,10,4,2
HH_34380,9,6,2
HH_34381,17,2,2
HH_34382,10,5,0
HH_34383,13,4,0
HH_34384,10,7,4
HH_34385,14,1,0
HH_34386,11,5,0
HH_34387,11,1,1
HH_34388,11,7,1
HH_34389,11,5,0
HH_34390,17,6,1
HH_34391,8,3,1
HH_34392,14,5,0
HH_34393,6,8,1
HH_34394,12,6,1
HH_34395,5,5,0
HH_34396,10,7,2
HH_34397,9,6,3
HH_34398,10,6,2
HH_34399,16,5,0
HH_34400,11,2,1
HH_34401,11,5,0
HH_34402,18,5,1
HH_34403,16,6,2
HH_34404,14,3,1
HH_34405,15,5,2
HH_34406,10,5,2
HH_34407,3,7,4
HH_34408,8,4,0
HH_34409,15,4,1
HH_34410,16,6,1
HH_34411,10,4,0
HH_34412,13,7,0
HH_34413,14,4,1
HH_34414,13,9,2
HH_34415,16,7,0
HH_34416,12,6,1
HH_34417,21,2,1
HH_34418,17,2,3
HH_34419,15,0,1
HH_34420,18,5,0
HH_34421,14,2,0
HH_34422,10,5,0
HH_34423,18,2,2
HH_34424,8,6,0
HH_34425,7,5,1
HH_34426,12,5,2
HH_34427,19,3,1
HH_34428,10,6,1
HH_34429,14,5,2
HH_34430,11,6,1
HH_34431,14,5,0
HH_34432,13,6,1
HH_34433,13,3,0
HH_34434,8,3,1
HH_34435,14,2,2
HH_34436,13,6,1
HH_34437,10,2,0
HH_34438,8,6,0
HH_34439,14,4,0
HH_34440,13,6,1
HH_34441,16,3,0
HH_34442,10,2,2
HH_34443,12,2,0
HH_34444,6,5,1
HH_34445,15,3,2
HH_34446,13,6,0
HH_34447,15,3,2
HH_34448,25,3,1
HH_34449,9,2,1
HH_34450,11,3,2
HH_34451,17,4,0
HH_34452,14,2,0
HH_34453,12,10,2
HH_34454,18,4,0
HH_34455,9,5,0
HH_34456,13,10,1
HH_34457,9,7,0
HH_34458,13,3,3
HH_34459,15,5,1
HH_34460,14,4,0
HH_34461,8,4,1
HH_34462,6,6,1
HH_34463,8,1,2
HH_34464,15,5,0
HH_34465,13,7,1
HH_34466,6,5,2
HH_34467,17,8,2
HH_34468,13,3,1
HH_34469,11,7,1
HH_34470,11,2,3
HH_34471,9,2,1
HH_34472,11,5,1
HH_34473,16,5,0
HH_34474,18,3,3
HH_34475,7,5,1
HH_34476,6,5,0
HH_34477,6,5,0
HH_34478,15,4,1
HH_34479,13,3,3
HH_34480,9,6,2
HH_34481,4,3,1
HH_34482,9,6,1
HH_34483,13,2,1
HH_34484,11,4,3
HH_34485,15,2,1
HH_34486,9,6,1
HH_34487,9,7,0
HH_34488,15,5,2
HH_34489,13,4,1
HH_34490,10,4,1
HH_34491,14,4,0
HH_34492,8,6,2
HH_34493,4,1,1
HH_34494,12,4,0
HH_34495,9,5,0
HH_34496,10,6,1
HH_34497,15,7,2
HH_34498,14,3,2
HH_34499,13,5,1
HH_34500,16,3,0
HH_34501,8,8,0
HH_34502,10,5,0
HH_34503,12,6,0
HH_34504,7,5,1
HH_34505,11,6,0
HH_34506,11,2,1
HH_34507,13,5,0
HH_34508,17,9,1
HH_34509,13,8,1
HH_34510,10,3,0
HH_34511,14,5,0
HH_34512,9,2,1
HH_34513,5,7,0
HH_34514,10,3,0
HH_34515,11,4,1
HH_34516,6,11,1
HH_34517,17,2,0
HH_34518,9,5,1
HH_34519,13,6,1
HH_34520,15,5,1
HH_34521,16,7,0
HH_34522,12,3,0
HH_34523,12,4,2
HH_34524,17,3,1
HH_34525,10,5,1
HH_34526,13,7,0
HH_34527,12,2,1
HH_34528,17,6,2
HH_34529,10,2,0
HH_34530,7,9,1
HH_34531,11,4,1
HH_34532,9,7,0
HH_34533,8,6,0
HH_34534,6,5,0
HH_34535,14,7,2
HH_34536,16,6,1
HH_34537,9,3,1
HH_34538,7,9,1
HH_34539,10,6,0
HH_34540,6,4,2
HH_34541,11,3,1
HH_34542,13,4,1
HH_34543,10,6,1
HH_34544,14,5,0
HH_34545,10,4,1
HH_34546,10,5,3
HH_34547,10,4,0
HH_34548,9,5,0
HH_34549,11,6,1
HH_34550,14,5,0
HH_34551,10,6,0
HH_34552,8,2,0
HH_34553,15,6,1
HH_34554,12,3,0
HH_34555,11,5,0
HH_34556,9,4,0
HH_34557,13,6,2
HH_34558,5,2,0
HH_34559,9,3,0
HH_34560,11,6,1
HH_34561,12,6,1
HH_34562,13,5,0
HH_34563,15,7,0
HH_34564,9,5,0
HH_34565,11,6,1
HH_34566,11,7,2
HH_34567,18,4,0
HH_34568,15,7,1
HH_34569,11,4,1
HH_34570,8,2,0
HH_34571,13,4,2
HH_34572,11,6,1
HH_34573,11,5,0
HH_34574,10,9,1
HH_34575,15,4,2
HH_34576,9,5,1
HH_34577,10,4,2
HH_34578,10,2,0
HH_34579,12,5,0
HH_34580,9,11,2
HH_34581,12,5,1
HH_34582,15,5,2
HH_34583,10,2,0
HH_34584,10,4,1
HH_34585,11,4,1
HH_34586,13,3,1
HH_34587,9,3,0
HH_34588,12,7,0
HH_34589,10,6,1
HH_34590,16,6,1
HH_34591,24,3,3
HH_34592,10,6,0
HH_34593,9,5,0
HH_34594,17,4,2
HH_34595,13,4,2
HH_34596,15,3,2
HH_34597,14,0,2
HH_34598,13,6,0
HH_34599,9,5,0
HH_34600,13,4,1
HH_34601,16,7,0
HH_34602,14,6,0
HH_34603,7,6,0
HH_34604,13,7,1
HH_34605,5,3,0
HH_34606,10,3,2
HH_34607,13,7,0
HH_34608,6,2,0
HH_34609,14,3,1
HH_34610,10,4,2
HH_34611,9,1,1
HH_34612,16,7,0
HH_34613,12,3,0
HH_34614,16,4,2
HH_34615,12,9,0
HH_34616,5,6,2
HH_34617,9,7,3
HH_34618,12,5,0
HH_34619,8,8,2
HH_34620,10,3,0
HH_34621,14,5,1
HH_34622,14,9,2
HH_34623,10,1,0
HH_34624,8,1,0
HH_34625,10,6,0
HH_34626,8,5,2
HH_34627,11,2,0
HH_34628,8,7,1
HH_34629,13,11,1
HH_34630,13,5,2
HH_34631,12,5,1
HH_34632,16,4,0
HH_34633,8,6,2
HH_34634,10,4,0
HH_34635,6,6,0
HH_34636,19,4,3
HH_34637,12,5,0
HH_34638,10,3,1
HH_34639,10,5,1
HH_34640,14,1,1
HH_34641,11,4,1
HH_34642,12,8,0
HH_34643,10,10,1
HH_34644,11,4,2
HH_34645,12,4,0
HH_34646,8,6,1
HH_34647,12,7,0
HH_34648,17,7,0
HH_34649,10,7,0
HH_34650,11,6,1
HH_34651,17,8,2
HH_34652,23,2,0
HH_34653,6,6,1
HH_34654,18,6,1
HH_34655,13,3,1
HH_34656,12,2,0
HH_34657,13,7,1
HH_34658,9,6,0
HH_34659,6,2,0
HH_34660,13,6,1
HH_34661,11,5,1
HH_34662,17,5,1
HH_34663,14,7,1
HH_34664,12,3,1
HH_34665,12,6,0
HH_34666,14,3,0
HH_34667,11,4,0
HH_34668,11,5,0
HH_34669,8,9,1
HH_34670,8,3,0
HH_34671,10,6,0
HH_34672,8,8,0
HH_34673,13,1,2
HH_34674,7,3,3
HH_34675,11,5,0
HH_34676,13,3,3
HH_34677,18,9,0
HH_34678,13,3,1
HH_34679,10,10,1
HH_34680,11,7,2
HH_34681,11,8,0
HH_34682,16,5,2
HH_34683,15,4,0
HH_34684,10,8,1
HH_34685,8,4,0
HH_34686,12,5,1
HH_34687,12,4,1
HH_34688,13,5,0
HH_34689,13,4,1
HH_34690,12,5,2
HH_34691,6,2,2
HH_34692,12,1,0
HH_34693,17,8,1
HH_34694,9,6,1
HH_34695,17,2,1
HH_34696,12,6,2
HH_34697,8,7,1
HH_34698,18,4,1
HH_34699,10,4,1
HH_34700,8,3,1
HH_34701,12,5,4
HH_34702,8,6,1
HH_34703,11,6,3
HH_34704,12,6,1
HH_34705,22,3,0
HH_34706,10,4,0
HH_34707,15,7,3
HH_34708,10,4,0
HH_34709,17,4,0
HH_34710,10,1,1
HH_34711,5,4,2
HH_34712,16,5,0
HH_34713,14,5,1
HH_34714,10,4,0
HH_34715,11,8,1
HH_34716,12,9,1
HH_34717,15,4,5
HH_34718,10,5,2
HH_34719,11,3,1
HH_34720,11,4,1
HH_34721,15,3,0
HH_34722,14,7,0
HH_34723,11,4,3
HH_34724,8,5,1
HH_34725,10,2,1
HH_34726,15,7,0
HH_34727,13,7,0
HH_34728,15,6,1
HH_34729,10,4,1
HH_34730,6,3,2
HH_34731,13,6,1
HH_34732,20,6,2
HH_34733,8,6,0
HH_34734,12,8,3
HH_34735,12,4,0
HH_34736,10,2,3
HH_34737,15,6,0
HH_34738,12,7,2
HH_34739,13,5,6
HH_34740,15,4,3
HH_34741,13,5,1
HH_34742,12,3,0
HH_34743,17,4,0
HH_34744,9,6,0
HH_34745,15,6,1
HH_34746,12,9,0
HH_34747,9,7,1
HH_34748,10,7,1
HH_34749,8,10,1
HH_34750,6,4,1
HH_34751,17,6,0
HH_34752,13,12,1
HH_34753,9,3,2
HH_34754,14,5,0
HH_34755,9,6,1
HH_34756,19,2,0
HH_34757,5,2,1
HH_34758,10,5,1
HH_34759,21,4,1
HH_34760,14,2,0
HH_34761,15,4,2
HH_34762,17,3,0
HH_34763,10,7,2
HH_34764,16,14,0
HH_34765,16,2,1
HH_34766,13,10,5
HH_34767,17,4,2
HH_34768,12,5,0
HH_34769,16,4,0
HH_34770,10,2,1
HH_34771,11,11,1
HH_34772,9,9,3
HH_34773,9,4,2
HH_34774,9,6,0
HH_34775,7,3,1
HH_34776,12,6,1
HH_34777,12,5,1
HH_34778,10,5,1
HH_34779,7,7,2
HH_34780,10,5,2
HH_34781,13,2,0
HH_34782,12,5,1
HH_34783,9,10,3
HH_34784,15,2,2
HH_34785,3,2,2
HH_34786,14,3,2
HH_34787,12,9,0
HH_34788,11,4,1
HH_34789,14,2,1
HH_34790,13,5,1
HH_34791,14,5,0
HH_34792,13,8,1
HH_34793,13,8,2
HH_34794,12,9,3
HH_34795,8,4,1
HH_34796,12,6,2
HH_34797,20,5,3
HH_34798,7,1,3
HH_34799,12,6,1
HH_34800,11,7,0
HH_34801,20,7,0
HH_34802,12,2,0
HH_34803,18,5,0
HH_34804,4,6,0
HH_34805,14,2,1
HH_34806,13,5,1
HH_34807,9,8,2
HH_34808,14,5,1
HH_34809,11,6,1
HH_34810,12,5,1
HH_34811,12,7,0
HH_34812,17,7,0
HH_34813,12,5,1
HH_34814,10,5,1
HH_34815,14,4,1
HH_34816,12,3,3
HH_34817,13,4,1
HH_34818,8,4,0
HH_34819,9,11,0
HH_34820,9,3,0
HH_34821,7,3,0
HH_34822,11,9,1
HH_34823,13,2,1
HH_34824,12,2,0
HH_34825,8,5,1
HH_34826,5,4,1
HH_34827,14,7,2
HH_34828,16,4,0
HH_34829,11,3,0
HH_34830,12,2,0
HH_34831,17,4,0
HH_34832,10,5,2
HH_34833,17,6,0
HH_34834,12,7,2
HH_34835,18,5,0
HH_34836,6,5,1
HH_34837,14,10,0
HH_34838,13,3,0
HH_34839,11,5,1
HH_34840,9,6,2
HH_34841,15,2,4
HH_34842,12,3,1
HH_34843,12,5,2
HH_34844,5,3,1
HH_34845,13,2,1
HH_34846,19,3,0
HH_34847,8,5,1
HH_34848,15,2,0
HH_34849,11,4,1
HH_34850,13,5,0
HH_34851,4,9,0
HH_34852,15,3,0
HH_34853,10,7,3
HH_34854,12,7,4
HH_34855,7,1,0
HH_34856,16,5,0
HH_34857,14,5,2
HH_34858,14,5,0
HH_34859,19,6,1
HH_34860,14,0,1
HH_34861,12,5,0
HH_34862,10,6,0
HH_34863,11,4,1
HH_34864,14,1,1
HH_34865,14,5,1
HH_34866,6,2,3
HH_34867,14,2,0
HH_34868,14,4,0
HH_34869,8,7,0
HH_34870,11,1,0
HH_34871,10,6,3
HH_34872,13,5,1
HH_34873,14,2,2
HH_34874,10,6,1
HH_34875,13,4,2
HH_34876,11,5,1
HH_34877,11,6,1
HH_34878,13,11,1
HH_34879,5,3,0
HH_34880,16,2,1
HH_34881,15,4,2
HH_34882,19,6,0
HH_34883,17,6,0
HH_34884,15,7,0
HH_34885,14,6,2
HH_34886,14,5,0
HH_34887,13,6,1
HH_34888,11,6,0
HH_34889,7,6,1
HH_34890,12,2,2
HH_34891,14,5,0
HH_34892,11,7,0
HH_34893,16,4,0
HH_34894,13,2,1
HH_34895,7,4,2
HH_34896,10,2,0
HH_34897,12,4,1
HH_34898,12,3,0
HH_34899,15,8,2
HH_34900,11,4,0
HH_34901,15,1,0
HH_34902,11,6,0
HH_34903,6,7,2
HH_34904,10,7,0
HH_34905,14,3,0
HH_34906,12,10,2
HH_34907,10,3,2
HH_34908,12,6,1
HH_34909,7,6,0
HH_34910,6,10,2
HH_34911,14,2,1
HH_34912,9,5,1
HH_34913,17,4,2
HH_34914,11,10,1
HH_34915,16,3,0
HH_34916,12,2,2
HH_34917,11,9,0
HH_34918,10,3,2
HH_34919,10,9,1
HH_34920,14,5,0
HH_34921,8,2,2
HH_34922,15,1,3
HH_34923,8,5,2
HH_34924,5,4,0
HH_34925,18,5,0
HH_34926,9,6,0
HH_34927,13,8,1
HH_34928,8,2,1
HH_34929,13,8,1
HH_34930,15,5,0
HH_34931,10,7,0
HH_34932,15,4,3
HH_34933,19,6,0
HH_34934,11,7,3
HH_34935,10,10,1
HH_34936,10,4,0
HH_34937,8,6,1
HH_34938,10,2,1
HH_34939,9,2,2
HH_34940,10,3,0
HH_34941,10,6,2
HH_34942,13,4,1
HH_34943,13,4,1
HH_34944,10,4,1
HH_34945,8,6,0
HH_34946,22,5,1
HH_34947,9,5,0
HH_34948,13,9,0
HH_34949,18,2,3
HH_34950,12,6,7
HH_34951,9,5,1
HH_34952,12,5,2
HH_34953,14,5,3
HH_34954,14,4,1
HH_34955,8,8,1
HH_34956,11,3,1
HH_34957,12,1,1
HH_34958,13,4,0
HH_34959,8,8,2
HH_34960,15,5,3
HH_34961,9,5,3
HH_34962,16,11,1
HH_34963,10,4,2
HH_34964,9,7,1
HH_34965,12,3,0
HH_34966,12,7,2
HH_34967,15,5,1
HH_34968,6,6,0
HH_34969,18,8,1
HH_34970,13,5,0
HH_34971,10,4,1
HH_34972,9,12,0
HH_34973,16,5,1
HH_34974,13,7,2
HH_34975,10,4,3
HH_34976,8,4,3
HH_34977,9,1,1
HH_34978,13,5,5
HH_34979,16,3,0
HH_34980,19,5,0
HH_34981,16,5,0
HH_34982,9,3,0
HH_34983,15,3,1
HH_34984,13,1,0
HH_34985,17,5,1
HH_34986,16,6,1
HH_34987,20,6,1
HH_34988,14,4,0
HH_34989,15,5,0
HH_34990,18,7,0
HH_34991,16,5,1
HH_34992,16,4,2
HH_34993,13,8,1
HH_34994,15,6,1
HH_34995,13,8,0
HH_34996,22,5,0
HH_34997,14,4,1
HH_34998,15,9,2
HH_34999,11,6,0
HH_35000,11,4,0
HH_35001,12,3,1
HH_35002,14,2,1
HH_35003,10,7,1
HH_35004,14,6,0
HH_35005,15,3,0
HH_35006,18,2,1
HH_35007,16,0,4
HH_35008,14,1,2
HH_35009,12,10,2
HH_35010,12,3,3
HH_35011,17,5,0
HH_35012,13,4,0
HH_35013,12,7,1
HH_35014,14,5,1
HH_35015,17,3,0
HH_35016,18,8,1
HH_35017,9,11,2
HH_35018,16,9,2
HH_35019,12,1,1
HH_35020,10,5,2
HH_35021,11,5,1
HH_35022,11,3,3
HH_35023,15,6,1
HH_35024,8,6,0
HH_35025,11,5,0
HH_35026,17,9,0
HH_35027,10,5,2
HH_35028,13,8,0
HH_35029,13,7,0
HH_35030,14,5,3
HH_35031,9,5,0
HH_35032,6,7,1
HH_35033,10,7,0
HH_35034,9,7,1
HH_35035,5,4,1
HH_35036,13,3,0
HH_35037,5,10,1
HH_35038,12,6,1
HH_35039,13,7,0
HH_35040,13,6,1
HH_35041,17,5,2
HH_35042,10,7,0
HH_35043,6,5,1
HH_35044,9,3,1
HH_35045,8,3,0
HH_35046,14,2,1
HH_35047,16,0,0
HH_35048,12,5,0
HH_35049,10,0,3
HH_35050,16,8,1
HH_35051,8,5,1
HH_35052,11,8,1
HH_35053,13,5,1
HH_35054,10,6,1
HH_35055,10,7,2
HH_35056,10,6,1
HH_35057,12,3,0
HH_35058,8,10,0
HH_35059,15,5,1
HH_35060,12,4,1
HH_35061,12,5,1
HH_35062,12,3,0
HH_35063,12,4,0
HH_35064,9,5,1
HH_35065,13,4,0
HH_35066,8,6,2
HH_35067,12,3,0
HH_35068,15,4,1
HH_35069,15,9,2
HH_35070,14,7,0
HH_35071,10,7,2
HH_35072,10,3,3
HH_35073,12,2,0
HH_35074,10,8,0
HH_35075,17,3,1
HH_35076,7,4,2
HH_35077,13,6,0
HH_35078,5,6,0
HH_35079,14,2,0
HH_35080,9,9,0
HH_35081,19,6,3
HH_35082,16,4,2
HH_35083,11,6,1
HH_35084,12,4,3
HH_35085,10,5,0
HH_35086,19,6,2
HH_35087,11,5,0
HH_35088,12,8,0
HH_35089,11,8,0
HH_35090,11,12,0
HH_35091,11,5,1
HH_35092,10,5,1
HH_35093,8,8,0
HH_35094,23,2,0
HH_35095,11,4,0
HH_35096,11,6,1
HH_35097,14,4,0
HH_35098,15,5,5
HH_35099,10,7,2
HH_35100,9,7,4
HH_35101,9,3,0
HH_35102,7,1,0
HH_35103,18,3,1
HH_35104,18,6,0
HH_35105,11,7,1
HH_35106,12,9,0
HH_35107,12,4,0
HH_35108,17,9,2
HH_35109,15,4,2
HH_35110,13,6,1
HH_35111,11,5,1
HH_35112,14,3,1
HH_35113,9,10,0
HH_35114,16,4,1
HH_35115,13,2,1
HH_35116,14,3,1
HH_35117,12,3,2
HH_35118,11,5,1
HH_35119,12,2,0
HH_35120,11,3,2
HH_35121,11,6,0
HH_35122,12,3,1
HH_35123,14,3,2
HH_35124,10,6,0
HH_35125,16,5,1
HH_35126,6,9,1
HH_35127,13,4,1
HH_35128,10,7,0
HH_35129,14,7,0
HH_35130,9,7,1
HH_35131,11,8,3
HH_35132,11,6,2
HH_35133,14,5,0
HH_35134,12,8,2
HH_35135,11,4,1
HH_35136,11,4,2
HH_35137,14,3,2
HH_35138,9,5,1
HH_35139,14,4,1
HH_35140,13,6,2
HH_35141,10,9,0
HH_35142,12,3,2
HH_35143,13,3,0
HH_35144,13,6,0
HH_35145,14,2,2
HH_35146,11,5,1
HH_35147,13,6,2
HH_35148,6,8,1
HH_35149,11,4,0
HH_35150,12,3,0
HH_35151,10,3,2
HH_35152,12,3,1
HH_35153,7,5,0
HH_35154,11,8,1
HH_35155,8,4,0
HH_35156,8,6,0
HH_35157,14,5,0
HH_35158,6,7,1
HH_35159,5,3,3
HH_35160,14,6,1
HH_35161,8,2,2
HH_35162,15,6,1
HH_35163,12,5,0
HH_35164,7,6,1
HH_35165,14,3,1
HH_35166,6,7,1
HH_35167,10,2,3
HH_35168,14,4,1
HH_35169,15,0,1
HH_35170,10,8,3
HH_35171,13,3,1
HH_35172,10,3,1
HH_35173,8,6,0
HH_35174,21,7,2
HH_35175,15,6,1
HH_35176,15,3,0
HH_35177,14,2,0
HH_35178,11,4,1
HH_35179,8,6,0
HH_35180,13,11,1
HH_35181,12,7,1
HH_35182,13,3,0
HH_35183,11,4,1
HH_35184,9,3,1
HH_35185,22,6,1
HH_35186,14,5,2
HH_35187,12,4,0
HH_35188,15,7,2
HH_35189,8,4,0
HH_35190,5,5,0
HH_35191,19,7,0
HH_35192,13,5,0
HH_35193,13,0,3
HH_35194,13,5,1
HH_35195,7,4,1
HH_35196,9,2,2
HH_35197,10,2,2
HH_35198,12,5,2
HH_35199,9,2,1
HH_35200,19,3,0
HH_35201,18,5,1
HH_35202,11,7,0
HH_35203,9,4,0
HH_35204,12,2,1
HH_35205,10,9,1
HH_35206,9,5,0
HH_35207,15,9,1
HH_35208,13,5,0
HH_35209,12,4,0
HH_35210,10,4,0
HH_35211,14,6,1
HH_35212,20,4,0
HH_35213,12,2,0
HH_35214,8,5,1
HH_35215,13,3,3
HH_35216,19,6,0
HH_35217,20,5,0
HH_35218,9,4,1
HH_35219,19,5,0
HH_35220,17,7,1
HH_35221,10,4,0
HH_35222,14,10,3
HH_35223,13,8,0
HH_35224,16,3,0
HH_35225,11,4,0
HH_35226,11,6,0
HH_35227,21,8,2
HH_35228,15,5,0
HH_35229,13,2,2
HH_35230,6,6,2
HH_35231,13,5,4
HH_35232,10,7,0
HH_35233,11,2,4
HH_35234,13,6,1
HH_35235,10,4,2
HH_35236,10,5,1
HH_35237,10,3,0
HH_35238,12,4,1
HH_35239,10,2,0
HH_35240,13,3,1
HH_35241,14,3,1
HH_35242,11,2,0
HH_35243,5,3,1
HH_35244,8,4,0
HH_35245,9,6,0
HH_35246,10,5,1
HH_35247,14,6,0
HH_35248,9,3,2
HH_35249,15,5,0
HH_35250,9,1,0
HH_35251,17,10,2
HH_35252,13,2,1
HH_35253,14,2,0
HH_35254,8,4,1
HH_35255,20,6,3
HH_35256,16,6,2
HH_35257,8,7,0
HH_35258,10,2,2
HH_35259,14,4,2
HH_35260,12,7,1
HH_35261,22,8,0
HH_35262,23,5,1
HH_35263,7,5,1
HH_35264,12,7,1
HH_35265,11,4,0
HH_35266,11,5,0
HH_35267,11,3,1
HH_35268,14,4,3
HH_35269,11,2,1
HH_35270,14,12,0
HH_35271,10,1,1
HH_35272,14,3,0
HH_35273,9,2,0
HH_35274,17,6,0
HH_35275,19,7,0
HH_35276,13,4,1
HH_35277,6,6,0
HH_35278,14,3,0
HH_35279,9,4,1
HH_35280,10,2,2
HH_35281,12,3,2
HH_35282,13,6,0
HH_35283,11,4,0
HH_35284,8,4,0
HH_35285,11,7,3
HH_35286,15,9,0
HH_35287,17,3,3
HH_35288,15,2,1
HH_35289,14,5,0
HH_35290,18,1,3
HH_35291,7,7,1
HH_35292,13,6,2
HH_35293,9,1,0
HH_35294,8,3,2
HH_35295,15,7,2
HH_35296,6,2,0
HH_35297,13,5,3
HH_35298,12,5,0
HH_35299,8,5,3
HH_35300,17,2,1
HH_35301,12,3,2
HH_35302,5,9,2
HH_35303,7,4,0
HH_35304,14,5,2
HH_35305,10,1,1
HH_35306,18,3,1
HH_35307,13,6,2
HH_35308,13,6,2
HH_35309,16,4,2
HH_35310,14,8,1
HH_35311,6,11,1
HH_35312,20,6,0
HH_35313,14,5,1
HH_35314,6,5,2
HH_35315,12,3,2
HH_35316,13,4,1
HH_35317,12,3,4
HH_35318,11,7,1
HH_35319,16,6,3
HH_35320,7,3,0
HH_35321,21,1,1
HH_35322,15,6,0
HH_35323,11,5,0
HH_35324,15,6,0
HH_35325,10,8,2
HH_35326,8,4,0
HH_35327,11,7,1
HH_35328,18,4,1
HH_35329,10,3,3
HH_35330,8,4,1
HH_35331,7,0,0
HH_35332,14,3,2
HH_35333,15,1,0
HH_35334,8,3,1
HH_35335,8,6,0
HH_35336,13,5,0
HH_35337,12,6,1
HH_35338,13,4,2
HH_35339,11,6,1
HH_35340,11,9,0
HH_35341,7,5,2
HH_35342,12,7,2
HH_35343,8,5,0
HH_35344,12,3,4
HH_35345,8,7,1
HH_35346,16,7,0
HH_35347,11,4,0
HH_35348,17,5,3
HH_35349,16,5,0
HH_35350,11,4,1
HH_35351,13,4,0
HH_35352,10,1,0
HH_35353,10,7,0
HH_35354,6,7,1
HH_35355,19,5,1
HH_35356,12,4,0
HH_35357,10,3,0
HH_35358,15,3,0
HH_35359,7,11,3
HH_35360,16,3,2
HH_35361,13,4,2
HH_35362,12,4,3
HH_35363,13,5,0
HH_35364,12,6,0
HH_35365,15,3,0
HH_35366,11,4,1
HH_35367,12,1,0
HH_35368,9,5,2
HH_35369,12,5,2
HH_35370,9,6,0
HH_35371,16,4,0
HH_35372,20,4,0
HH_35373,14,3,1
HH_35374,11,6,0
HH_35375,23,1,0
HH_35376,13,3,2
HH_35377,20,4,1
HH_35378,14,5,1
HH_35379,8,6,1
HH_35380,13,6,1
HH_35381,19,1,2
HH_35382,12,1,1
HH_35383,9,6,1
HH_35384,14,5,3
HH_35385,10,6,2
HH_35386,12,4,3
HH_35387,11,6,2
HH_35388,11,3,0
HH_35389,16,4,2
HH_35390,9,7,1
HH_35391,12,2,2
HH_35392,14,3,1
HH_35393,15,4,1
HH_35394,15,2,0
HH_35395,14,7,1
HH_35396,10,2,0
HH_35397,12,7,2
HH_35398,6,4,3
HH_35399,9,5,1
HH_35400,19,3,1
HH_35401,10,3,0
HH_35402,15,3,1
HH_35403,8,4,0
HH_35404,15,8,1
HH_35405,11,8,1
HH_35406,15,6,0
HH_35407,12,4,1
HH_35408,8,2,2
HH_35409,15,3,2
HH_35410,13,7,2
HH_35411,9,7,3
HH_35412,11,6,0
HH_35413,13,4,0
HH_35414,15,9,0
HH_35415,17,5,0
HH_35416,17,5,1
HH_35417,14,2,0
HH_35418,16,5,1
HH_35419,6,3,1
HH_35420,10,2,0
HH_35421,13,6,0
HH_35422,8,4,2
HH_35423,18,4,0
HH_35424,16,9,1
HH_35425,15,4,0
HH_35426,14,6,2
HH_35427,20,6,0
HH_35428,14,5,0
HH_35429,13,6,2
HH_35430,14,3,1
HH_35431,16,5,1
HH_35432,14,2,1
HH_35433,17,9,2
HH_35434,10,7,0
HH_35435,7,4,1
HH_35436,14,2,1
HH_35437,18,4,4
HH_35438,16,3,1
HH_35439,8,5,0
HH_35440,17,3,2
HH_35441,20,5,1
HH_35442,15,6,0
HH_35443,8,0,2
HH_35444,9,5,1
HH_35445,13,7,2
HH_35446,12,5,1
HH_35447,12,6,0
HH_35448,14,7,3
HH_35449,13,8,0
HH_35450,13,7,1
HH_35451,15,3,1
HH_35452,9,4,1
HH_35453,14,4,0
HH_35454,10,3,0
HH_35455,11,3,2
HH_35456,13,6,1
HH_35457,12,10,0
HH_35458,11,3,2
HH_35459,9,3,1
HH_35460,9,4,1
HH_35461,8,4,1
HH_35462,14,2,0
HH_35463,16,3,0
HH_35464,8,7,1
HH_35465,1,4,2
HH_35466,12,2,0
HH_35467,7,4,2
HH_35468,12,5,2
HH_35469,16,3,0
HH_35470,16,7,1
HH_35471,20,5,0
HH_35472,14,4,2
HH_35473,9,7,0
HH_35474,20,3,2
HH_35475,20,6,0
HH_35476,16,9,0
HH_35477,17,2,1
HH_35478,5,4,0
HH_35479,10,1,0
HH_35480,15,4,0
HH_35481,17,11,1
HH_35482,10,3,1
HH_35483,17,1,1
HH_35484,9,8,0
HH_35485,9,4,2
HH_35486,14,2,2
HH_35487,9,5,2
HH_35488,16,6,0
HH_35489,22,3,1
HH_35490,13,4,1
HH_35491,12,2,2
HH_35492,6,5,0
HH_35493,12,5,1
HH_35494,7,8,0
HH_35495,12,10,1
HH_35496,20,4,1
HH_35497,6,6,1
HH_35498,12,5,2
HH_35499,11,2,0
HH_35500,15,7,0
HH_35501,10,5,1
HH_35502,15,5,0
HH_35503,17,7,3
HH_35504,6,5,0
HH_35505,13,1,1
HH_35506,10,4,1
HH_35507,17,2,0
HH_35508,14,6,2
HH_35509,15,5,0
HH_35510,4,4,0
HH_35511,9,7,0
HH_35512,18,5,0
HH_35513,12,8,0
HH_35514,12,3,0
HH_35515,11,4,0
HH_35516,9,8,1
HH_35517,12,3,1
HH_35518,11,4,2
HH_35519,9,7,1
HH_35520,15,8,0
HH_35521,18,3,1
HH_35522,8,5,0
HH_35523,11,6,0
HH_35524,12,6,1
HH_35525,14,2,1
HH_35526,12,4,3
HH_35527,8,2,2
HH_35528,12,2,0
HH_35529,11,9,0
HH_35530,9,12,2
HH_35531,15,3,2
HH_35532,17,2,2
HH_35533,22,3,2
HH_35534,10,9,0
HH_35535,16,12,1
HH_35536,11,4,2
HH_35537,10,5,1
HH_35538,12,2,0
HH_35539,10,2,1
HH_35540,15,3,0
HH_35541,10,6,1
HH_35542,15,7,1
HH_35543,14,6,1
HH_35544,13,8,1
HH_35545,10,6,1
HH_35546,11,3,0
HH_35547,21,2,1
HH_35548,11,4,0
HH_35549,12,7,1
HH_35550,12,4,1
HH_35551,7,7,1
HH_35552,12,3,1
HH_35553,13,9,0
HH_35554,12,8,1
HH_35555,12,2,1
HH_35556,15,4,1
HH_35557,10,6,0
HH_35558,13,3,1
HH_35559,7,6,2
HH_35560,7,4,1
HH_35561,8,3,0
HH_35562,12,3,0
HH_35563,10,7,1
HH_35564,6,5,2
HH_35565,16,3,2
HH_35566,13,4,2
HH_35567,9,5,0
HH_35568,9,9,1
HH_35569,16,3,1
HH_35570,10,5,1
HH_35571,12,3,0
HH_35572,8,3,0
HH_35573,15,6,0
HH_35574,10,3,1
HH_35575,12,4,2
HH_35576,15,6,0
HH_35577,11,4,1
HH_35578,14,5,1
HH_35579,13,5,1
HH_35580,12,2,2
HH_35581,18,5,0
HH_35582,9,5,0
HH_35583,14,9,1
HH_35584,11,4,2
HH_35585,14,7,0
HH_35586,10,7,0
HH_35587,14,3,3
HH_35588,11,4,1
HH_35589,13,7,1
HH_35590,9,5,1
HH_35591,12,4,1
HH_35592,7,2,0
HH_35593,14,1,0
HH_35594,17,4,0
HH_35595,9,5,4
HH_35596,13,6,0
HH_35597,11,6,1
HH_35598,17,1,2
HH_35599,16,3,1
HH_35600,15,8,2
HH_35601,16,3,3
HH_35602,8,13,1
HH_35603,13,5,1
HH_35604,11,2,1
HH_35605,14,8,1
HH_35606,20,6,2
HH_35607,9,5,0
HH_35608,14,4,2
HH_35609,6,4,1
HH_35610,17,3,2
HH_35611,17,6,0
HH_35612,6,4,2
HH_35613,15,4,0
HH_35614,15,3,0
HH_35615,16,2,0
HH_35616,10,3,2
HH_35617,11,5,0
HH_35618,13,6,1
HH_35619,9,4,0
HH_35620,12,2,0
HH_35621,13,5,0
HH_35622,10,10,3
HH_35623,17,5,0
HH_35624,14,3,4
HH_35625,6,5,0
HH_35626,10,7,1
HH_35627,10,5,1
HH_35628,19,3,0
HH_35629,12,1,1
HH_35630,13,6,0
HH_35631,13,5,1
HH_35632,20,5,0
HH_35633,12,4,1
HH_35634,10,6,2
HH_35635,8,7,0
HH_35636,13,3,0
HH_35637,4,3,0
HH_35638,16,3,2
HH_35639,12,2,1
HH_35640,7,6,0
HH_35641,11,3,1
HH_35642,12,2,0
HH_35643,12,8,0
HH_35644,9,4,1
HH_35645,15,15,1
HH_35646,12,9,1
HH_35647,15,9,5
HH_35648,12,4,2
HH_35649,11,5,1
HH_35650,6,11,0
HH_35651,10,4,0
HH_35652,9,1,1
HH_35653,14,4,1
HH_35654,15,3,0
HH_35655,20,5,0
HH_35656,14,5,1
HH_35657,11,3,0
HH_35658,14,4,2
HH_35659,11,5,2
HH_35660,12,2,2
HH_35661,12,3,0
HH_35662,10,6,2
HH_35663,11,4,3
HH_35664,8,3,2
HH_35665,18,0,1
HH_35666,15,8,1
HH_35667,18,9,0
HH_35668,13,5,1
HH_35669,18,2,1
HH_35670,8,8,2
HH_35671,16,9,2
HH_35672,9,6,1
HH_35673,13,3,1
HH_35674,17,6,0
HH_35675,15,4,1
HH_35676,13,3,1
HH_35677,16,5,0
HH_35678,13,9,0
HH_35679,15,4,2
HH_35680,16,1,1
HH_35681,11,3,1
HH_35682,9,5,0
HH_35683,14,8,0
HH_35684,16,5,1
HH_35685,14,7,1
HH_35686,14,3,0
HH_35687,12,2,1
HH_35688,15,8,3
HH_35689,12,5,2
HH_35690,12,3,2
HH_35691,10,7,1
HH_35692,19,9,1
HH_35693,7,7,1
HH_35694,11,4,2
HH_35695,13,2,0
HH_35696,9,3,1
HH_35697,9,6,3
HH_35698,15,4,1
HH_35699,12,3,0
HH_35700,10,9,2
HH_35701,5,2,0
HH_35702,7,4,1
HH_35703,8,2,1
HH_35704,11,3,2
HH_35705,6,7,0
HH_35706,9,5,2
HH_35707,6,4,2
HH_35708,19,2,2
HH_35709,13,2,1
HH_35710,10,2,1
HH_35711,9,6,1
HH_35712,19,9,0
HH_35713,17,9,0
HH_35714,12,9,1
HH_35715,11,6,0
HH_35716,10,5,3
HH_35717,8,3,0
HH_35718,13,7,0
HH_35719,7,6,2
HH_35720,10,7,0
HH_35721,17,3,2
HH_35722,14,2,0
HH_35723,9,8,0
HH_35724,8,6,1
HH_35725,14,8,0
HH_35726,9,5,1
HH_35727,21,3,1
HH_35728,20,5,1
HH_35729,14,2,1
HH_35730,9,6,2
HH_35731,11,10,2
HH_35732,12,4,2
HH_35733,16,1,0
HH_35734,12,5,1
HH_35735,11,6,2
HH_35736,12,5,0
HH_35737,11,3,2
HH_35738,11,6,1
HH_35739,13,9,0
HH_35740,20,8,1
HH_35741,10,9,2
HH_35742,18,4,1
HH_35743,9,0,2
HH_35744,4,8,3
HH_35745,18,1,2
HH_35746,9,7,0
HH_35747,9,6,2
HH_35748,12,5,2
HH_35749,9,5,1
HH_35750,9,3,1
HH_35751,13,7,0
HH_35752,13,4,1
HH_35753,9,7,1
HH_35754,12,2,0
HH_35755,10,8,1
HH_35756,15,5,3
HH_35757,15,7,1
HH_35758,16,3,1
HH_35759,10,3,0
HH_35760,13,4,1
HH_35761,15,3,1
HH_35762,20,2,3
HH_35763,17,1,0
HH_35764,5,7,0
HH_35765,8,7,0
HH_35766,14,4,1
HH_35767,12,7,1
HH_35768,16,8,1
HH_35769,11,8,3
HH_35770,12,3,2
HH_35771,7,5,0
HH_35772,11,6,0
HH_35773,17,5,2
HH_35774,14,5,0
HH_35775,15,8,0
HH_35776,10,5,1
HH_35777,12,7,2
HH_35778,9,5,1
HH_35779,14,5,3
HH_35780,18,4,1
HH_35781,17,9,0
HH_35782,6,8,2
HH_35783,9,3,0
HH_35784,13,2,1
HH_35785,18,3,1
HH_35786,20,8,2
HH_35787,12,2,0
HH_35788,13,2,1
HH_35789,7,4,1
HH_35790,14,5,2
HH_35791,12,4,1
HH_35792,18,8,1
HH_35793,14,8,0
HH_35794,7,3,1
HH_35795,8,7,2
HH_35796,11,3,1
HH_35797,17,4,2
HH_35798,17,9,0
HH_35799,16,1,0
HH_35800,9,6,0
HH_35801,10,5,1
HH_35802,14,7,0
HH_35803,15,6,1
HH_35804,12,4,2
HH_35805,18,5,2
HH_35806,14,3,1
HH_35807,13,6,2
HH_35808,14,5,1
HH_35809,11,5,1
HH_35810,12,7,4
HH_35811,14,6,0
HH_35812,12,3,1
HH_35813,13,4,2
HH_35814,10,9,2
HH_35815,10,5,2
HH_35816,5,4,1
HH_35817,14,9,1
HH_35818,14,5,1
HH_35819,10,7,1
HH_35820,12,4,0
HH_35821,11,4,2
HH_35822,11,5,1
HH_35823,9,4,2
HH_35824,12,9,0
HH_35825,11,3,1
HH_35826,9,3,0
HH_35827,13,7,0
HH_35828,7,3,2
HH_35829,14,0,2
HH_35830,17,4,1
HH_35831,10,4,2
HH_35832,13,6,2
HH_35833,5,6,0
HH_35834,11,8,2
HH_35835,17,3,1
HH_35836,14,6,0
HH_35837,9,5,1
HH_35838,17,6,0
HH_35839,11,3,0
HH_35840,9,6,0
HH_35841,14,4,2
HH_35842,10,3,2
HH_35843,13,3,1
HH_35844,7,5,1
HH_35845,14,5,0
HH_35846,14,6,0
HH_35847,12,5,2
HH_35848,11,5,0
HH_35849,6,11,0
HH_35850,8,7,3
HH_35851,16,5,2
HH_35852,8,5,2
HH_35853,17,5,0
HH_35854,22,3,2
HH_35855,13,4,2
HH_35856,13,2,0
HH_35857,14,8,0
HH_35858,6,2,0
HH_35859,7,4,0
HH_35860,9,4,1
HH_35861,7,7,0
HH_35862,11,4,0
HH_35863,14,10,1
HH_35864,6,4,1
HH_35865,10,5,1
HH_35866,22,11,0
HH_35867,8,3,1
HH_35868,10,6,2
HH_35869,13,10,2
HH_35870,11,2,1
HH_35871,10,7,3
HH_35872,8,6,0
HH_35873,11,7,3
HH_35874,10,2,0
HH_35875,14,5,0
HH_35876,10,7,2
HH_35877,6,3,0
HH_35878,13,9,1
HH_35879,16,2,1
HH_35880,25,10,2
HH_35881,15,4,1
HH_35882,12,1,0
HH_35883,10,8,0
HH_35884,14,4,0
HH_35885,14,6,2
HH_35886,14,7,0
HH_35887,8,6,0
HH_35888,8,6,0
HH_35889,15,3,1
HH_35890,12,6,0
HH_35891,12,9,0
HH_35892,14,5,1
HH_35893,16,7,1
HH_35894,15,3,3
HH_35895,7,4,1
HH_35896,13,5,0
HH_35897,15,4,1
HH_35898,11,6,1
HH_35899,11,3,1
HH_35900,13,3,2
HH_35901,8,6,2
HH_35902,17,11,1
HH_35903,13,3,2
HH_35904,9,1,0
HH_35905,11,3,0
HH_35906,13,6,3
HH_35907,12,8,2
HH_35908,11,3,0
HH_35909,16,5,0
HH_35910,13,4,0
HH_35911,7,5,3
HH_35912,11,2,1
HH_35913,13,6,1
HH_35914,16,4,1
HH_35915,10,4,3
HH_35916,9,3,1
HH_35917,17,4,1
HH_35918,7,5,1
HH_35919,18,6,1
HH_35920,13,8,0
HH_35921,15,4,3
HH_35922,10,9,2
HH_35923,9,7,1
HH_35924,8,5,1
HH_35925,6,8,0
HH_35926,12,7,2
HH_35927,15,9,3
HH_35928,9,6,2
HH_35929,12,7,0
HH_35930,16,3,2
HH_35931,13,2,2
HH_35932,8,5,0
HH_35933,14,7,1
HH_35934,9,8,1
HH_35935,8,7,2
HH_35936,13,7,0
HH_35937,12,7,0
HH_35938,14,5,1
HH_35939,7,4,2
HH_35940,16,3,0
HH_35941,8,7,0
HH_35942,15,4,2
HH_35943,11,2,0
HH_35944,8,8,0
HH_35945,16,5,1
HH_35946,12,2,1
HH_35947,7,7,0
HH_35948,12,4,0
HH_35949,12,6,0
HH_35950,6,3,4
HH_35951,15,4,1
HH_35952,16,1,1
HH_35953,10,7,2
HH_35954,7,6,2
HH_35955,10,4,0
HH_35956,7,4,1
HH_35957,10,3,1
HH_35958,5,9,1
HH_35959,16,6,4
HH_35960,16,6,1
HH_35961,9,2,0
HH_35962,11,7,1
HH_35963,17,7,3
HH_35964,10,3,0
HH_35965,12,3,0
HH_35966,9,2,1
HH_35967,12,6,0
HH_35968,15,4,2
HH_35969,9,2,1
HH_35970,15,7,1
HH_35971,15,7,3
HH_35972,13,7,2
HH_35973,13,3,0
HH_35974,11,4,0
HH_35975,9,7,0
HH_35976,9,6,1
HH_35977,9,3,2
HH_35978,14,2,0
HH_35979,15,6,1
HH_35980,15,7,0
HH_35981,12,8,0
HH_35982,9,3,2
HH_35983,11,7,1
HH_35984,11,2,0
HH_35985,13,5,0
HH_35986,10,2,0
HH_35987,13,4,1
HH_35988,14,6,0
HH_35989,12,2,1
HH_35990,14,3,6
HH_35991,19,7,3
HH_35992,9,4,2
HH_35993,9,7,1
HH_35994,9,7,0
HH_35995,5,6,1
HH_35996,12,9,0
HH_35997,25,9,0
HH_35998,10,6,0
HH_35999,14,6,0
HH_36000,13,8,1
HH_36001,12,2,1
HH_36002,10,2,1
HH_36003,11,3,0
HH_36004,11,3,1
HH_36005,5,9,1
HH_36006,17,4,1
HH_36007,9,5,1
HH_36008,17,3,0
HH_36009,18,7,3
HH_36010,9,3,0
HH_36011,11,6,2
HH_36012,5,8,2
HH_36013,17,3,0
HH_36014,18,3,0
HH_36015,14,4,1
HH_36016,15,9,1
HH_36017,9,5,0
HH_36018,11,4,3
HH_36019,17,4,2
HH_36020,13,4,0
HH_36021,13,1,0
HH_36022,11,7,1
HH_36023,14,5,4
HH_36024,9,1,3
HH_36025,15,3,1
HH_36026,17,5,0
HH_36027,11,0,1
HH_36028,11,5,1
HH_36029,11,8,1
HH_36030,15,2,0
HH_36031,10,3,2
HH_36032,9,6,0
HH_36033,17,3,1
HH_36034,17,10,1
HH_36035,6,6,3
HH_36036,22,5,1
HH_36037,11,5,0
HH_36038,12,5,0
HH_36039,12,5,2
HH_36040,18,2,1
HH_36041,13,6,1
HH_36042,11,7,0
HH_36043,6,7,2
HH_36044,15,6,2
HH_36045,9,5,2
HH_36046,11,5,1
HH_36047,12,9,0
HH_36048,15,11,1
HH_36049,15,7,0
HH_36050,10,4,0
HH_36051,12,8,0
HH_36052,10,4,3
HH_36053,17,3,3
HH_36054,13,5,1
HH_36055,13,5,1
HH_36056,23,7,1
HH_36057,13,2,2
HH_36058,7,7,0
HH_36059,12,7,2
HH_36060,11,2,1
HH_36061,10,7,1
HH_36062,6,8,2
HH_36063,9,0,0
HH_36064,13,2,0
HH_36065,13,7,0
HH_36066,8,6,3
HH_36067,14,4,1
HH_36068,9,9,0
HH_36069,18,1,4
HH_36070,17,6,3
HH_36071,4,3,1
HH_36072,8,3,0
HH_36073,12,6,4
HH_36074,13,7,2
HH_36075,15,2,1
HH_36076,10,3,0
HH_36077,15,8,0
HH_36078,10,6,0
HH_36079,10,8,1
HH_36080,15,5,4
HH_36081,8,7,3
HH_36082,13,5,2
HH_36083,10,6,2
HH_36084,10,6,2
HH_36085,9,6,2
HH_36086,15,1,0
HH_36087,5,4,2
HH_36088,14,5,0
HH_36089,14,6,2
HH_36090,12,4,2
HH_36091,7,6,0
HH_36092,13,2,0
HH_36093,12,3,0
HH_36094,10,5,1
HH_36095,21,7,0
HH_36096,11,10,2
HH_36097,15,3,1
HH_36098,14,6,3
HH_36099,14,4,2
HH_36100,7,4,3
HH_36101,18,5,2
HH_36102,11,8,0
HH_36103,12,5,0
HH_36104,13,6,1
HH_36105,14,9,1
HH_36106,12,4,1
HH_36107,8,2,0
HH_36108,25,9,0
HH_36109,11,2,1
HH_36110,16,6,0
HH_36111,20,7,0
HH_36112,9,5,2
HH_36113,9,5,1
HH_36114,12,5,0
HH_36115,13,6,0
HH_36116,18,3,1
HH_36117,8,4,1
HH_36118,10,4,0
HH_36119,16,2,1
HH_36120,18,7,1
HH_36121,11,3,2
HH_36122,16,1,1
HH_36123,14,3,2
HH_36124,14,6,3
HH_36125,14,5,1
HH_36126,10,5,0
HH_36127,21,5,1
HH_36128,11,6,0
HH_36129,13,4,0
HH_36130,13,5,1
HH_36131,7,8,1
HH_36132,6,3,0
HH_36133,11,8,2
HH_36134,12,7,2
HH_36135,18,1,0
HH_36136,17,5,0
HH_36137,8,7,0
HH_36138,16,7,0
HH_36139,17,4,4
HH_36140,14,2,0
HH_36141,13,7,0
HH_36142,13,5,2
HH_36143,9,7,0
HH_36144,13,7,2
HH_36145,15,4,0
HH_36146,9,6,2
HH_36147,14,5,3
HH_36148,3,4,0
HH_36149,14,3,1
HH_36150,7,4,0
HH_36151,16,2,0
HH_36152,13,4,1
HH_36153,10,5,1
HH_36154,9,3,1
HH_36155,14,8,0
HH_36156,11,2,1
HH_36157,12,3,0
HH_36158,15,7,1
HH_36159,13,7,2
HH_36160,14,9,2
HH_36161,10,7,0
HH_36162,10,5,1
HH_36163,17,6,1
HH_36164,15,5,0
HH_36165,13,8,0
HH_36166,13,4,1
HH_36167,13,4,0
HH_36168,14,4,2
HH_36169,13,5,0
HH_36170,17,11,1
HH_36171,14,7,0
HH_36172,15,4,2
HH_36173,10,7,0
HH_36174,10,3,0
HH_36175,9,4,1
HH_36176,14,2,0
HH_36177,11,5,1
HH_36178,11,6,1
HH_36179,10,6,1
HH_36180,15,6,0
HH_36181,14,6,0
HH_36182,15,9,2
HH_36183,11,9,1
HH_36184,7,4,0
HH_36185,11,3,0
HH_36186,10,5,2
HH_36187,12,3,2
HH_36188,19,2,1
HH_36189,10,5,0
HH_36190,12,4,1
HH_36191,19,6,0
HH_36192,13,3,0
HH_36193,12,1,1
HH_36194,10,9,0
HH_36195,7,3,0
HH_36196,18,8,4
HH_36197,7,4,0
HH_36198,17,5,0
HH_36199,11,15,1
HH_36200,9,1,3
HH_36201,14,7,3
HH_36202,8,3,0
HH_36203,21,5,0
HH_36204,14,6,0
HH_36205,9,6,2
HH_36206,13,3,0
HH_36207,10,5,2
HH_36208,11,8,1
HH_36209,11,0,2
HH_36210,18,4,0
HH_36211,11,2,0
HH_36212,12,3,1
HH_36213,12,6,2
HH_36214,6,8,0
HH_36215,9,5,1
HH_36216,13,6,2
HH_36217,9,2,1
HH_36218,8,6,0
HH_36219,6,3,3
HH_36220,9,6,1
HH_36221,21,8,4
HH_36222,13,3,3
HH_36223,18,4,3
HH_36224,9,11,1
HH_36225,10,4,2
HH_36226,11,6,2
HH_36227,17,4,0
HH_36228,13,3,1
HH_36229,15,5,0
HH_36230,8,9,1
HH_36231,16,6,4
HH_36232,13,1,3
HH_36233,12,7,0
HH_36234,8,12,0
HH_36235,12,5,1
HH_36236,9,3,0
HH_36237,13,5,1
HH_36238,10,5,2
HH_36239,14,5,0
HH_36240,8,6,1
HH_36241,13,4,1
HH_36242,7,5,0
HH_36243,12,7,2
HH_36244,7,5,1
HH_36245,20,8,0
HH_36246,17,3,1
HH_36247,7,4,0
HH_36248,19,6,1
HH_36249,9,3,3
HH_36250,13,9,3
HH_36251,9,7,1
HH_36252,18,3,0
HH_36253,9,6,0
HH_36254,9,4,0
HH_36255,16,5,3
HH_36256,11,7,5
HH_36257,11,4,1
HH_36258,11,4,1
HH_36259,13,5,0
HH_36260,10,5,1
HH_36261,9,5,1
HH_36262,10,1,0
HH_36263,11,9,1
HH_36264,15,4,0
HH_36265,12,4,0
HH_36266,11,10,0
HH_36267,12,2,0
HH_36268,12,2,1
HH_36269,5,3,1
HH_36270,11,5,2
HH_36271,8,8,0
HH_36272,10,6,3
HH_36273,11,4,2
HH_36274,9,5,0
HH_36275,8,3,0
HH_36276,7,2,1
HH_36277,13,5,1
HH_36278,10,2,0
HH_36279,23,6,1
HH_36280,9,7,0
HH_36281,16,3,0
HH_36282,8,4,2
HH_36283,11,4,1
HH_36284,8,5,1
HH_36285,16,4,0
HH_36286,11,3,0
HH_36287,12,4,0
HH_36288,13,7,1
HH_36289,6,10,0
HH_36290,14,3,5
HH_36291,10,4,0
HH_36292,14,8,1
HH_36293,15,4,0
HH_36294,12,3,1
HH_36295,12,5,0
HH_36296,11,2,2
HH_36297,14,3,1
HH_36298,13,7,2
HH_36299,10,9,2
HH_36300,10,4,1
HH_36301,13,6,0
HH_36302,15,10,1
HH_36303,9,5,1
HH_36304,14,2,1
HH_36305,13,6,1
HH_36306,11,5,1
HH_36307,15,3,1
HH_36308,7,8,0
HH_36309,4,6,1
HH_36310,15,6,3
HH_36311,13,6,0
HH_36312,13,5,0
HH_36313,11,7,0
HH_36314,16,4,1
HH_36315,6,2,2
HH_36316,9,3,3
HH_36317,15,5,1
HH_36318,12,3,1
HH_36319,9,4,1
HH_36320,10,5,0
HH_36321,9,3,1
HH_36322,12,4,0
HH_36323,6,4,3
HH_36324,10,5,2
HH_36325,9,5,1
HH_36326,14,2,2
HH_36327,14,8,1
HH_36328,8,4,2
HH_36329,10,1,1
HH_36330,8,10,1
HH_36331,5,7,2
HH_36332,4,6,0
HH_36333,11,3,2
HH_36334,14,3,3
HH_36335,15,4,1
HH_36336,13,6,2
HH_36337,14,1,0
HH_36338,14,5,1
HH_36339,8,2,0
HH_36340,19,4,0
HH_36341,14,2,2
HH_36342,9,3,1
HH_36343,16,4,0
HH_36344,7,3,3
HH_36345,12,2,2
HH_36346,10,3,0
HH_36347,10,2,0
HH_36348,16,8,1
HH_36349,13,4,4
HH_36350,15,5,0
HH_36351,12,2,1
HH_36352,7,10,0
HH_36353,19,4,1
HH_36354,14,5,1
HH_36355,13,4,1
HH_36356,10,5,2
HH_36357,11,5,1
HH_36358,11,5,1
HH_36359,12,7,2
HH_36360,9,5,1
HH_36361,8,11,0
HH_36362,11,5,1
HH_36363,12,3,1
HH_36364,13,5,1
HH_36365,15,8,2
HH_36366,9,8,1
HH_36367,9,5,0
HH_36368,10,5,0
HH_36369,15,3,1
HH_36370,11,3,1
HH_36371,15,5,1
HH_36372,13,3,1
HH_36373,10,7,2
HH_36374,11,6,0
HH_36375,12,4,1
HH_36376,8,9,1
HH_36377,13,4,2
HH_36378,13,7,1
HH_36379,14,5,1
HH_36380,10,3,1
HH_36381,18,3,1
HH_36382,11,9,2
HH_36383,11,5,2
HH_36384,11,5,0
HH_36385,10,5,0
HH_36386,11,5,1
HH_36387,5,10,3
HH_36388,11,3,0
HH_36389,11,2,1
HH_36390,9,6,1
HH_36391,13,1,0
HH_36392,16,7,1
HH_36393,15,8,0
HH_36394,12,7,0
HH_36395,10,7,2
HH_36396,17,5,3
HH_36397,8,5,0
HH_36398,16,7,2
HH_36399,14,8,0
HH_36400,11,5,2
HH_36401,13,4,2
HH_36402,10,7,0
HH_36403,11,2,1
HH_36404,12,4,2
HH_36405,22,7,1
HH_36406,11,5,0
HH_36407,12,7,0
HH_36408,11,4,1
HH_36409,13,6,0
HH_36410,12,5,0
HH_36411,16,6,0
HH_36412,8,2,1
HH_36413,12,4,0
HH_36414,11,4,2
HH_36415,15,8,0
HH_36416,10,8,1
HH_36417,14,3,0
HH_36418,10,7,3
HH_36419,19,1,1
HH_36420,8,4,1
HH_36421,14,7,2
HH_36422,19,3,1
HH_36423,16,9,1
HH_36424,8,2,3
HH_36425,14,8,1
HH_36426,16,3,1
HH_36427,8,3,0
HH_36428,13,4,1
HH_36429,12,8,1
HH_36430,8,4,1
HH_36431,8,4,0
HH_36432,10,9,0
HH_36433,17,5,1
HH_36434,9,2,1
HH_36435,13,2,1
HH_36436,12,4,0
HH_36437,11,5,0
HH_36438,12,8,0
HH_36439,13,4,0
HH_36440,15,5,1
HH_36441,13,6,0
HH_36442,12,2,3
HH_36443,12,5,0
HH_36444,9,3,0
HH_36445,11,3,1
HH_36446,10,6,0
HH_36447,9,2,1
HH_36448,14,4,1
HH_36449,11,6,0
HH_36450,13,4,1
HH_36451,9,4,0
HH_36452,16,7,1
HH_36453,10,1,0
HH_36454,11,3,1
HH_36455,10,3,1
HH_36456,7,3,0
HH_36457,12,6,2
HH_36458,14,2,2
HH_36459,11,6,0
HH_36460,15,2,1
HH_36461,8,6,3
HH_36462,17,3,3
HH_36463,8,1,2
HH_36464,11,1,0
HH_36465,17,6,0
HH_36466,13,4,0
HH_36467,16,6,2
HH_36468,11,6,2
HH_36469,12,3,0
HH_36470,18,7,1
HH_36471,13,2,0
HH_36472,7,2,1
HH_36473,7,8,0
HH_36474,11,9,3
HH_36475,12,8,1
HH_36476,13,4,2
HH_36477,13,7,2
HH_36478,17,2,0
HH_36479,12,2,3
HH_36480,9,10,1
HH_36481,14,5,3
HH_36482,11,4,1
HH_36483,17,4,1
HH_36484,4,2,1
HH_36485,6,6,1
HH_36486,14,7,0
HH_36487,14,7,1
HH_36488,10,3,0
HH_36489,15,4,1
HH_36490,12,5,1
HH_36491,13,6,1
HH_36492,4,4,2
HH_36493,12,10,1
HH_36494,13,6,1
HH_36495,6,8,2
HH_36496,14,5,0
HH_36497,10,8,1
HH_36498,16,5,1
HH_36499,16,9,0
HH_36500,9,6,1
HH_36501,14,5,0
HH_36502,10,6,1
HH_36503,6,3,0
HH_36504,11,3,1
HH_36505,8,3,0
HH_36506,11,2,0
HH_36507,11,5,1
HH_36508,6,3,1
HH_36509,19,7,1
HH_36510,12,3,2
HH_36511,9,5,1
HH_36512,10,2,1
HH_36513,14,4,1
HH_36514,15,5,1
HH_36515,13,4,1
HH_36516,11,4,1
HH_36517,17,5,0
HH_36518,14,4,2
HH_36519,14,2,1
HH_36520,15,3,1
HH_36521,17,3,5
HH_36522,11,1,2
HH_36523,14,9,1
HH_36524,11,11,2
HH_36525,10,6,1
HH_36526,14,0,2
HH_36527,11,11,0
HH_36528,18,4,0
HH_36529,14,3,1
HH_36530,10,3,1
HH_36531,16,1,3
HH_36532,13,3,3
HH_36533,10,9,1
HH_36534,11,7,2
HH_36535,16,2,0
HH_36536,12,4,1
HH_36537,10,4,0
HH_36538,15,4,1
HH_36539,16,5,1
HH_36540,12,5,2
HH_36541,7,8,0
HH_36542,15,4,4
HH_36543,11,2,1
HH_36544,12,4,0
HH_36545,8,4,1
HH_36546,7,5,3
HH_36547,12,5,0
HH_36548,13,6,2
HH_36549,9,3,0
HH_36550,10,8,3
HH_36551,15,4,0
HH_36552,15,7,2
HH_36553,14,4,0
HH_36554,5,5,0
HH_36555,15,3,1
HH_36556,12,3,3
HH_36557,12,7,0
HH_36558,20,10,0
HH_36559,10,9,2
HH_36560,13,3,2
HH_36561,12,5,0
HH_36562,14,5,2
HH_36563,9,6,3
HH_36564,15,2,0
HH_36565,18,4,1
HH_36566,9,6,2
HH_36567,10,7,0
HH_36568,7,3,0
HH_36569,11,5,0
HH_36570,14,10,2
HH_36571,4,6,0
HH_36572,8,10,0
HH_36573,9,4,1
HH_36574,12,7,1
HH_36575,12,11,1
HH_36576,10,10,0
HH_36577,15,3,0
HH_36578,15,5,0
HH_36579,17,6,1
HH_36580,12,8,0
HH_36581,10,5,1
HH_36582,10,3,0
HH_36583,12,5,3
HH_36584,8,4,1
HH_36585,12,8,1
HH_36586,17,3,1
HH_36587,13,8,1
HH_36588,10,4,3
HH_36589,11,3,1
HH_36590,6,4,1
HH_36591,16,5,3
HH_36592,13,3,0
HH_36593,14,3,3
HH_36594,10,3,3
HH_36595,8,7,1
HH_36596,13,4,2
HH_36597,8,9,1
HH_36598,11,5,1
HH_36599,16,2,0
HH_36600,20,7,1
HH_36601,11,4,2
HH_36602,11,8,1
HH_36603,10,6,0
HH_36604,14,3,1
HH_36605,9,3,0
HH_36606,11,2,0
HH_36607,16,12,0
HH_36608,13,4,2
HH_36609,12,6,1
HH_36610,8,3,2
HH_36611,18,3,3
HH_36612,13,7,1
HH_36613,7,2,2
HH_36614,7,5,0
HH_36615,6,3,2
HH_36616,15,3,3
HH_36617,12,7,1
HH_36618,9,4,2
HH_36619,12,5,1
HH_36620,14,4,3
HH_36621,10,5,1
HH_36622,9,3,1
HH_36623,12,9,0
HH_36624,11,6,0
HH_36625,9,1,1
HH_36626,8,7,0
HH_36627,10,7,2
HH_36628,15,7,2
HH_36629,11,6,1
HH_36630,16,5,1
HH_36631,10,3,2
HH_36632,14,2,0
HH_36633,12,5,0
HH_36634,7,8,0
HH_36635,12,9,1
HH_36636,14,3,1
HH_36637,9,4,1
HH_36638,11,8,0
HH_36639,14,4,0
HH_36640,14,6,1
HH_36641,13,2,2
HH_36642,8,3,0
HH_36643,14,5,1
HH_36644,15,3,2
HH_36645,16,3,1
HH_36646,14,9,1
HH_36647,10,6,0
HH_36648,9,3,1
HH_36649,18,10,0
HH_36650,19,6,1
HH_36651,8,7,2
HH_36652,11,6,2
HH_36653,22,11,0
HH_36654,8,3,0
HH_36655,11,8,1
HH_36656,14,1,0
HH_36657,8,5,2
HH_36658,15,9,0
HH_36659,13,9,0
HH_36660,12,6,1
HH_36661,10,6,1
HH_36662,7,2,1
HH_36663,11,5,0
HH_36664,9,3,1
HH_36665,22,5,0
HH_36666,15,3,2
HH_36667,11,2,0
HH_36668,14,4,1
HH_36669,5,3,1
HH_36670,13,3,0
HH_36671,11,6,1
HH_36672,9,6,1
HH_36673,11,6,0
HH_36674,15,7,0
HH_36675,15,3,2
HH_36676,18,5,0
HH_36677,11,5,0
HH_36678,13,5,2
HH_36679,12,3,1
HH_36680,10,7,1
HH_36681,12,4,1
HH_36682,12,6,0
HH_36683,13,4,0
HH_36684,10,11,0
HH_36685,13,9,0
HH_36686,11,4,1
HH_36687,12,7,2
HH_36688,15,5,1
HH_36689,10,2,0
HH_36690,11,4,0
HH_36691,10,2,2
HH_36692,11,5,1
HH_36693,7,8,1
HH_36694,13,5,0
HH_36695,9,8,1
HH_36696,16,6,2
HH_36697,17,9,0
HH_36698,19,5,2
HH_36699,9,2,0
HH_36700,10,8,0
HH_36701,11,2,2
HH_36702,6,6,0
HH_36703,9,4,2
HH_36704,11,1,0
HH_36705,9,4,1
HH_36706,7,3,0
HH_36707,8,3,2
HH_36708,14,2,0
HH_36709,14,3,0
HH_36710,10,1,1
HH_36711,10,6,0
HH_36712,13,1,2
HH_36713,15,8,2
HH_36714,15,9,2
HH_36715,18,2,1
HH_36716,18,4,1
HH_36717,17,4,1
HH_36718,13,6,0
HH_36719,10,9,1
HH_36720,21,7,0
HH_36721,14,3,1
HH_36722,13,3,0
HH_36723,11,4,0
HH_36724,14,3,1
HH_36725,11,4,1
HH_36726,9,4,2
HH_36727,11,2,2
HH_36728,19,5,3
HH_36729,8,3,1
HH_36730,9,4,1
HH_36731,13,5,0
HH_36732,16,7,0
HH_36733,11,9,2
HH_36734,16,1,2
HH_36735,11,3,2
HH_36736,14,7,0
HH_36737,13,7,1
HH_36738,12,6,0
HH_36739,10,5,1
HH_36740,23,7,1
HH_36741,8,5,0
HH_36742,9,4,2
HH_36743,13,4,0
HH_36744,13,8,1
HH_36745,8,4,1
HH_36746,10,5,2
HH_36747,7,4,2
HH_36748,12,9,2
HH_36749,10,9,0
HH_36750,10,4,1
HH_36751,15,4,1
HH_36752,13,5,0
HH_36753,14,4,3
HH_36754,15,11,0
HH_36755,10,8,0
HH_36756,13,6,1
HH_36757,6,2,0
HH_36758,8,7,0
HH_36759,11,5,1
HH_36760,8,6,0
HH_36761,17,7,0
HH_36762,15,4,0
HH_36763,5,3,0
HH_36764,14,5,1
HH_36765,10,3,1
HH_36766,10,7,0
HH_36767,13,5,0
HH_36768,16,3,2
HH_36769,8,2,0
HH_36770,11,8,1
HH_36771,10,6,0
HH_36772,8,3,1
HH_36773,15,2,0
HH_36774,11,10,0
HH_36775,7,4,0
HH_36776,12,8,1
HH_36777,14,1,1
HH_36778,12,11,0
HH_36779,9,4,1
HH_36780,9,4,3
HH_36781,18,4,1
HH_36782,10,5,0
HH_36783,16,3,1
HH_36784,9,5,0
HH_36785,12,4,0
HH_36786,10,3,2
HH_36787,5,6,1
HH_36788,9,8,0
HH_36789,10,3,1
HH_36790,13,4,0
HH_36791,7,2,0
HH_36792,13,6,0
HH_36793,10,4,0
HH_36794,13,6,1
HH_36795,14,1,2
HH_36796,13,6,1
HH_36797,14,2,0
HH_36798,13,4,2
HH_36799,17,6,0
HH_36800,12,7,1
HH_36801,6,4,1
HH_36802,12,4,0
HH_36803,10,6,0
HH_36804,15,2,3
HH_36805,9,11,1
HH_36806,12,6,1
HH_36807,5,5,1
HH_36808,11,6,2
HH_36809,8,7,1
HH_36810,9,2,0
HH_36811,14,6,1
HH_36812,14,2,0
HH_36813,11,9,0
HH_36814,21,8,0
HH_36815,11,4,0
HH_36816,14,2,0
HH_36817,13,14,2
HH_36818,23,2,1
HH_36819,12,6,0
HH_36820,12,6,0
HH_36821,21,10,0
HH_36822,14,8,1
HH_36823,9,6,0
HH_36824,13,1,1
HH_36825,9,6,0
HH_36826,5,3,2
HH_36827,7,3,1
HH_36828,15,7,2
HH_36829,13,3,0
HH_36830,10,6,3
HH_36831,9,1,0
HH_36832,17,3,0
HH_36833,13,6,1
HH_36834,14,7,0
HH_36835,12,7,2
HH_36836,13,4,1
HH_36837,12,3,0
HH_36838,5,7,2
HH_36839,9,2,1
HH_36840,10,9,2
HH_36841,14,9,4
HH_36842,18,4,3
HH_36843,9,5,1
HH_36844,10,6,1
HH_36845,15,9,5
HH_36846,17,5,1
HH_36847,9,7,1
HH_36848,12,7,1
HH_36849,17,3,0
HH_36850,13,3,1
HH_36851,14,3,0
HH_36852,11,6,2
HH_36853,10,5,1
HH_36854,18,2,3
HH_36855,9,6,0
HH_36856,20,5,2
HH_36857,10,5,1
HH_36858,12,2,0
HH_36859,12,9,1
HH_36860,20,4,1
HH_36861,16,5,1
HH_36862,16,4,2
HH_36863,6,7,0
HH_36864,10,8,2
HH_36865,17,6,1
HH_36866,11,5,1
HH_36867,13,7,2
HH_36868,11,5,0
HH_36869,9,0,1
HH_36870,22,2,0
HH_36871,16,3,0
HH_36872,17,7,2
HH_36873,11,4,1
HH_36874,9,7,3
HH_36875,21,7,1
HH_36876,10,5,3
HH_36877,12,5,1
HH_36878,12,6,1
HH_36879,19,4,1
HH_36880,14,4,1
HH_36881,16,8,1
HH_36882,16,1,1
HH_36883,17,4,3
HH_36884,9,7,2
HH_36885,17,2,1
HH_36886,11,6,0
HH_36887,7,4,1
HH_36888,15,5,0
HH_36889,12,9,2
HH_36890,14,9,2
HH_36891,13,5,1
HH_36892,14,7,0
HH_36893,8,10,1
HH_36894,12,5,0
HH_36895,9,7,4
HH_36896,16,9,0
HH_36897,19,9,2
HH_36898,9,7,4
HH_36899,9,6,2
HH_36900,9,7,4
HH_36901,14,3,0
HH_36902,9,4,2
HH_36903,19,7,1
HH_36904,12,7,1
HH_36905,18,0,1
HH_36906,13,3,0
HH_36907,9,8,0
HH_36908,12,4,1
HH_36909,11,9,1
HH_36910,9,9,0
HH_36911,10,6,3
HH_36912,9,5,1
HH_36913,12,6,0
HH_36914,13,4,1
HH_36915,18,4,0
HH_36916,8,6,0
HH_36917,13,8,1
HH_36918,8,2,2
HH_36919,11,4,1
HH_36920,15,3,2
HH_36921,14,7,1
HH_36922,11,5,1
HH_36923,18,4,3
HH_36924,10,5,2
HH_36925,11,5,0
HH_36926,11,4,1
HH_36927,16,13,0
HH_36928,12,7,0
HH_36929,9,6,2
HH_36930,10,7,2
HH_36931,16,2,1
HH_36932,11,9,1
HH_36933,11,4,2
HH_36934,18,3,1
HH_36935,8,6,0
HH_36936,15,9,1
HH_36937,21,4,1
HH_36938,16,6,0
HH_36939,10,5,0
HH_36940,6,11,1
HH_36941,12,5,1
HH_36942,13,6,1
HH_36943,12,8,1
HH_36944,14,8,1
HH_36945,8,4,0
HH_36946,10,8,3
HH_36947,11,4,0
HH_36948,10,9,1
HH_36949,13,7,3
HH_36950,19,3,0
HH_36951,16,4,1
HH_36952,13,10,0
HH_36953,7,6,1
HH_36954,15,7,0
HH_36955,15,5,1
HH_36956,18,3,0
HH_36957,11,6,0
HH_36958,13,9,0
HH_36959,14,5,0
HH_36960,16,6,3
HH_36961,14,2,1
HH_36962,16,4,1
HH_36963,9,7,1
HH_36964,11,4,0
HH_36965,10,5,1
HH_36966,8,4,0
HH_36967,11,6,3
HH_36968,17,5,0
HH_36969,13,3,0
HH_36970,13,0,1
HH_36971,10,2,0
HH_36972,8,0,0
HH_36973,11,3,0
HH_36974,12,5,0
HH_36975,17,7,1
HH_36976,14,1,0
HH_36977,8,3,0
HH_36978,9,7,0
HH_36979,14,4,0
HH_36980,16,4,0
HH_36981,14,8,0
HH_36982,12,3,1
HH_36983,5,5,0
HH_36984,16,6,0
HH_36985,16,5,0
HH_36986,11,4,0
HH_36987,16,1,1
HH_36988,14,3,1
HH_36989,14,3,0
HH_36990,12,6,1
HH_36991,12,7,1
HH_36992,15,10,0
HH_36993,16,6,1
HH_36994,13,5,2
HH_36995,10,8,1
HH_36996,9,3,0
HH_36997,10,4,0
HH_36998,9,5,0
HH_36999,8,3,2
HH_37000,14,5,1
HH_37001,8,9,0
HH_37002,14,5,0
HH_37003,21,4,0
HH_37004,17,6,2
HH_37005,12,4,0
HH_37006,15,10,0
HH_37007,9,4,0
HH_37008,14,2,1
HH_37009,11,4,0
HH_37010,11,5,0
HH_37011,17,8,1
HH_37012,7,3,0
HH_37013,16,5,3
HH_37014,8,4,0
HH_37015,10,3,0
HH_37016,10,5,2
HH_37017,10,9,1
HH_37018,15,0,1
HH_37019,8,7,0
HH_37020,13,4,1
HH_37021,14,3,2
HH_37022,6,7,1
HH_37023,14,3,1
HH_37024,12,7,1
HH_37025,7,3,1
HH_37026,15,4,0
HH_37027,12,3,0
HH_37028,4,7,0
HH_37029,8,6,0
HH_37030,12,5,0
HH_37031,14,6,1
HH_37032,9,7,0
HH_37033,12,9,0
HH_37034,11,6,1
HH_37035,11,5,2
HH_37036,19,6,1
HH_37037,15,5,1
HH_37038,9,10,1
HH_37039,7,4,3
HH_37040,8,1,2
HH_37041,12,4,1
HH_37042,17,4,0
HH_37043,8,4,2
HH_37044,15,4,1
HH_37045,13,10,0
HH_37046,5,10,0
HH_37047,9,6,2
HH_37048,6,3,0
HH_37049,14,2,0
HH_37050,8,0,0
HH_37051,14,10,2
HH_37052,14,4,0
HH_37053,15,4,1
HH_37054,21,5,2
HH_37055,17,5,1
HH_37056,17,3,0
HH_37057,15,5,1
HH_37058,12,2,2
HH_37059,10,3,0
HH_37060,16,4,0
HH_37061,10,8,0
HH_37062,10,3,1
HH_37063,19,4,1
HH_37064,14,4,0
HH_37065,20,2,1
HH_37066,16,1,0
HH_37067,10,4,1
HH_37068,14,5,0
HH_37069,18,2,0
HH_37070,13,9,1
HH_37071,12,5,1
HH_37072,12,7,1
HH_37073,7,3,1
HH_37074,17,3,0
HH_37075,10,4,0
HH_37076,10,6,0
HH_37077,15,2,0
HH_37078,12,3,1
HH_37079,4,6,0
HH_37080,12,1,1
HH_37081,8,6,0
HH_37082,10,7,1
HH_37083,11,5,0
HH_37084,6,5,1
HH_37085,9,4,0
HH_37086,10,6,3
HH_37087,10,5,0
HH_37088,12,5,1
HH_37089,11,6,3
HH_37090,14,4,1
HH_37091,15,8,1
HH_37092,15,4,0
HH_37093,17,5,3
HH_37094,14,3,1
HH_37095,12,4,0
HH_37096,11,5,1
HH_37097,12,6,1
HH_37098,11,5,0
HH_37099,11,6,0
HH_37100,8,5,1
HH_37101,14,5,1
HH_37102,7,4,0
HH_37103,11,3,0
HH_37104,10,4,1
HH_37105,10,3,1
HH_37106,9,10,1
HH_37107,21,2,0
HH_37108,18,7,0
HH_37109,14,4,2
HH_37110,10,4,2
HH_37111,11,9,0
HH_37112,12,6,0
HH_37113,13,4,1
HH_37114,12,3,1
HH_37115,15,7,0
HH_37116,12,7,0
HH_37117,9,3,2
HH_37118,11,5,0
HH_37119,11,5,1
HH_37120,8,5,4
HH_37121,10,4,2
HH_37122,11,6,1
HH_37123,11,4,1
HH_37124,10,7,2
HH_37125,21,4,1
HH_37126,7,4,1
HH_37127,8,4,2
HH_37128,14,2,0
HH_37129,14,8,1
HH_37130,10,5,1
HH_37131,10,5,0
HH_37132,12,4,0
HH_37133,11,4,3
HH_37134,12,7,3
HH_37135,4,8,0
HH_37136,10,4,0
HH_37137,8,4,0
HH_37138,4,6,0
HH_37139,20,4,4
HH_37140,7,7,2
HH_37141,10,6,2
HH_37142,17,3,2
HH_37143,4,8,0
HH_37144,14,7,3
HH_37145,9,3,1
HH_37146,15,6,0
HH_37147,14,5,0
HH_37148,8,4,1
HH_37149,11,5,2
HH_37150,8,9,2
HH_37151,11,7,2
HH_37152,7,4,2
HH_37153,16,6,0
HH_37154,12,2,1
HH_37155,15,6,2
HH_37156,14,8,1
HH_37157,14,4,0
HH_37158,10,4,1
HH_37159,8,4,3
HH_37160,18,5,2
HH_37161,13,2,0
HH_37162,11,6,0
HH_37163,12,7,0
HH_37164,17,3,0
HH_37165,10,2,1
HH_37166,18,5,0
HH_37167,14,5,1
HH_37168,10,4,4
HH_37169,13,3,1
HH_37170,15,0,0
HH_37171,8,5,0
HH_37172,9,3,0
HH_37173,6,5,3
HH_37174,12,5,1
HH_37175,6,12,2
HH_37176,14,3,0
HH_37177,10,5,0
HH_37178,11,6,1
HH_37179,11,7,0
HH_37180,15,8,1
HH_37181,11,3,2
HH_37182,12,1,2
HH_37183,7,4,1
HH_37184,8,2,0
HH_37185,15,7,1
HH_37186,16,9,5
HH_37187,14,5,0
HH_37188,8,5,1
HH_37189,13,8,1
HH_37190,15,5,1
HH_37191,8,7,0
HH_37192,17,4,1
HH_37193,14,11,1
HH_37194,9,7,1
HH_37195,21,4,1
HH_37196,17,4,2
HH_37197,11,4,5
HH_37198,17,8,0
HH_37199,14,4,2
HH_37200,10,8,1
HH_37201,10,3,0
HH_37202,10,3,1
HH_37203,14,4,0
HH_37204,12,5,2
HH_37205,19,3,1
HH_37206,9,7,1
HH_37207,11,4,1
HH_37208,18,8,2
HH_37209,9,5,2
HH_37210,10,6,0
HH_37211,9,7,0
HH_37212,12,4,0
HH_37213,6,6,2
HH_37214,22,3,0
HH_37215,11,5,1
HH_37216,12,6,0
HH_37217,7,7,1
HH_37218,11,6,1
HH_37219,9,5,1
HH_37220,20,6,0
HH_37221,12,3,1
HH_37222,10,1,1
HH_37223,19,2,0
HH_37224,12,6,0
HH_37225,15,3,1
HH_37226,9,3,0
HH_37227,4,4,2
HH_37228,17,6,1
HH_37229,8,1,1
HH_37230,13,4,1
HH_37231,11,1,0
HH_37232,11,4,0
HH_37233,9,2,0
HH_37234,5,5,1
HH_37235,15,5,1
HH_37236,7,6,1
HH_37237,13,4,1
HH_37238,16,1,0
HH_37239,12,2,1
HH_37240,15,1,1
HH_37241,14,2,1
HH_37242,17,3,1
HH_37243,10,6,2
HH_37244,13,5,0
HH_37245,11,6,1
HH_37246,14,5,0
HH_37247,14,4,0
HH_37248,9,8,1
HH_37249,11,7,0
HH_37250,16,4,1
HH_37251,9,8,1
HH_37252,15,7,1
HH_37253,10,3,4
HH_37254,10,6,1
HH_37255,16,4,0
HH_37256,12,3,0
HH_37257,8,6,0
HH_37258,12,4,1
HH_37259,18,6,2
HH_37260,14,6,2
HH_37261,14,4,0
HH_37262,17,3,1
HH_37263,11,4,2
HH_37264,8,5,3
HH_37265,11,6,2
HH_37266,14,3,0
HH_37267,13,1,3
HH_37268,16,6,2
HH_37269,11,4,3
HH_37270,11,6,2
HH_37271,13,5,2
HH_37272,18,3,1
HH_37273,9,4,1
HH_37274,15,6,1
HH_37275,4,6,0
HH_37276,14,5,1
HH_37277,11,7,2
HH_37278,9,2,0
HH_37279,10,13,0
HH_37280,12,8,0
HH_37281,7,5,0
HH_37282,10,4,2
HH_37283,14,5,1
HH_37284,7,5,4
HH_37285,14,10,2
HH_37286,15,4,2
HH_37287,12,6,1
HH_37288,16,4,0
HH_37289,13,7,1
HH_37290,8,3,1
HH_37291,17,7,0
HH_37292,17,2,0
HH_37293,8,8,2
HH_37294,10,7,1
HH_37295,14,6,0
HH_37296,18,2,3
HH_37297,8,8,0
HH_37298,10,2,4
HH_37299,9,2,1
HH_37300,14,4,0
HH_37301,18,9,3
HH_37302,15,5,1
HH_37303,10,5,1
HH_37304,11,3,2
HH_37305,9,6,4
HH_37306,12,5,0
HH_37307,20,8,2
HH_37308,10,5,0
HH_37309,16,6,0
HH_37310,13,2,0
HH_37311,12,9,0
HH_37312,10,4,1
HH_37313,10,7,0
HH_37314,8,5,0
HH_37315,10,7,1
HH_37316,12,4,2
HH_37317,17,5,2
HH_37318,14,2,0
HH_37319,17,5,1
HH_37320,11,3,0
HH_37321,19,4,1
HH_37322,13,1,0
HH_37323,10,4,1
HH_37324,14,8,2
HH_37325,11,5,0
HH_37326,13,12,4
HH_37327,4,6,1
HH_37328,12,6,1
HH_37329,18,6,2
HH_37330,12,4,1
HH_37331,15,1,3
HH_37332,10,2,2
HH_37333,10,7,0
HH_37334,18,3,2
HH_37335,16,7,0
HH_37336,7,3,1
HH_37337,9,5,0
HH_37338,24,8,1
HH_37339,11,6,2
HH_37340,11,1,0
HH_37341,14,8,0
HH_37342,8,9,0
HH_37343,19,8,2
HH_37344,10,2,1
HH_37345,10,8,1
HH_37346,13,3,1
HH_37347,8,6,1
HH_37348,9,7,2
HH_37349,9,6,0
HH_37350,11,2,1
HH_37351,15,7,2
HH_37352,9,3,0
HH_37353,14,4,1
HH_37354,12,6,1
HH_37355,10,5,3
HH_37356,13,5,0
HH_37357,8,0,1
HH_37358,10,5,1
HH_37359,17,6,1
HH_37360,18,6,1
HH_37361,4,3,0
HH_37362,7,3,5
HH_37363,8,2,2
HH_37364,17,7,0
HH_37365,13,2,1
HH_37366,8,3,0
HH_37367,17,7,3
HH_37368,11,8,0
HH_37369,16,4,0
HH_37370,16,5,1
HH_37371,12,8,1
HH_37372,19,5,1
HH_37373,12,10,0
HH_37374,10,5,3
HH_37375,9,6,1
HH_37376,9,2,1
HH_37377,14,11,2
HH_37378,15,5,0
HH_37379,9,5,1
HH_37380,10,2,1
HH_37381,9,6,0
HH_37382,11,4,1
HH_37383,11,6,2
HH_37384,15,6,2
HH_37385,9,2,2
HH_37386,12,7,0
HH_37387,8,6,0
HH_37388,14,6,0
HH_37389,15,2,2
HH_37390,13,5,2
HH_37391,15,0,0
HH_37392,8,5,2
HH_37393,10,4,0
HH_37394,21,10,1
HH_37395,10,3,3
HH_37396,12,8,2
HH_37397,12,4,0
HH_37398,13,3,0
HH_37399,6,5,0
HH_37400,11,5,0
HH_37401,11,8,1
HH_37402,14,8,2
HH_37403,16,3,1
HH_37404,14,2,1
HH_37405,12,4,0
HH_37406,8,5,0
HH_37407,6,5,2
HH_37408,9,3,0
HH_37409,13,5,1
HH_37410,9,6,0
HH_37411,12,6,3
HH_37412,11,5,0
HH_37413,14,0,0
HH_37414,9,9,1
HH_37415,12,6,1
HH_37416,7,3,0
HH_37417,8,6,3
HH_37418,16,8,0
HH_37419,11,0,1
HH_37420,11,5,0
HH_37421,11,4,1
HH_37422,4,3,0
HH_37423,12,10,1
HH_37424,12,8,1
HH_37425,9,5,0
HH_37426,19,5,0
HH_37427,14,4,0
HH_37428,15,3,1
HH_37429,11,3,1
HH_37430,16,4,3
HH_37431,9,6,1
HH_37432,11,3,2
HH_37433,17,7,0
HH_37434,9,6,1
HH_37435,14,1,0
HH_37436,10,3,0
HH_37437,16,5,0
HH_37438,13,5,3
HH_37439,7,5,2
HH_37440,18,7,2
HH_37441,13,3,1
HH_37442,8,6,2
HH_37443,17,4,1
HH_37444,6,5,1
HH_37445,15,7,0
HH_37446,13,5,0
HH_37447,11,3,3
HH_37448,9,3,0
HH_37449,14,5,1
HH_37450,17,4,1
HH_37451,11,5,1
HH_37452,9,10,0
HH_37453,8,5,3
HH_37454,8,6,1
HH_37455,15,9,1
HH_37456,11,3,0
HH_37457,9,6,3
HH_37458,11,7,1
HH_37459,16,8,0
HH_37460,15,6,1
HH_37461,13,2,0
HH_37462,18,8,2
HH_37463,7,5,0
HH_37464,13,5,2
HH_37465,14,4,2
HH_37466,6,1,0
HH_37467,14,8,1
HH_37468,9,4,2
HH_37469,9,5,1
HH_37470,12,9,0
HH_37471,10,3,0
HH_37472,4,3,2
HH_37473,10,5,0
HH_37474,15,4,0
HH_37475,15,5,0
HH_37476,14,8,0
HH_37477,9,5,1
HH_37478,10,4,2
HH_37479,10,5,0
HH_37480,16,6,0
HH_37481,12,6,1
HH_37482,13,3,0
HH_37483,13,6,1
HH_37484,11,3,1
HH_37485,13,6,1
HH_37486,9,4,0
HH_37487,6,5,1
HH_37488,10,3,1
HH_37489,11,11,0
HH_37490,8,10,1
HH_37491,11,2,2
HH_37492,9,2,0
HH_37493,10,8,2
HH_37494,11,2,4
HH_37495,12,3,0
HH_37496,13,3,0
HH_37497,8,4,0
HH_37498,11,4,0
HH_37499,11,5,0
HH_37500,7,7,2
HH_37501,11,6,1
HH_37502,9,5,1
HH_37503,15,4,3
HH_37504,12,7,0
HH_37505,14,7,1
HH_37506,12,2,1
HH_37507,4,1,1
HH_37508,7,5,1
HH_37509,10,6,2
HH_37510,9,5,1
HH_37511,12,4,2
HH_37512,10,5,1
HH_37513,10,7,0
HH_37514,13,3,0
HH_37515,11,2,1
HH_37516,4,4,1
HH_37517,14,2,1
HH_37518,10,10,0
HH_37519,13,5,0
HH_37520,16,4,2
HH_37521,8,4,1
HH_37522,10,6,1
HH_37523,23,2,2
HH_37524,13,6,0
HH_37525,5,5,1
HH_37526,11,7,2
HH_37527,11,4,1
HH_37528,14,6,1
HH_37529,9,8,1
HH_37530,12,11,1
HH_37531,17,6,3
HH_37532,16,2,1
HH_37533,10,1,1
HH_37534,11,4,2
HH_37535,16,6,0
HH_37536,14,6,3
HH_37537,16,3,1
HH_37538,18,8,2
HH_37539,9,5,0
HH_37540,6,1,2
HH_37541,11,5,0
HH_37542,14,5,0
HH_37543,10,4,1
HH_37544,12,4,0
HH_37545,10,2,0
HH_37546,10,7,0
HH_37547,14,4,0
HH_37548,9,5,1
HH_37549,10,5,2
HH_37550,8,3,1
HH_37551,12,2,4
HH_37552,10,7,1
HH_37553,16,5,1
HH_37554,12,5,0
HH_37555,9,2,2
HH_37556,16,5,2
HH_37557,16,5,1
HH_37558,13,8,1
HH_37559,11,7,0
HH_37560,12,3,0
HH_37561,11,10,0
HH_37562,7,7,1
HH_37563,16,7,0
HH_37564,12,4,1
HH_37565,14,4,2
HH_37566,7,9,1
HH_37567,12,5,1
HH_37568,14,9,0
HH_37569,6,6,1
HH_37570,11,2,0
HH_37571,22,5,2
HH_37572,14,7,2
HH_37573,10,9,0
HH_37574,13,5,1
HH_37575,12,7,1
HH_37576,15,5,1
HH_37577,13,3,1
HH_37578,11,5,0
HH_37579,13,5,0
HH_37580,10,5,0
HH_37581,17,6,1
HH_37582,14,7,0
HH_37583,15,5,0
HH_37584,11,3,0
HH_37585,12,2,1
HH_37586,15,7,0
HH_37587,16,2,1
HH_37588,22,11,0
HH_37589,9,2,1
HH_37590,17,7,0
HH_37591,10,10,1
HH_37592,11,4,0
HH_37593,10,3,1
HH_37594,9,4,0
HH_37595,11,4,2
HH_37596,16,3,4
HH_37597,17,2,0
HH_37598,11,7,0
HH_37599,13,4,1
HH_37600,14,5,1
HH_37601,10,10,0
HH_37602,12,5,0
HH_37603,11,7,0
HH_37604,12,7,0
HH_37605,13,7,1
HH_37606,8,4,4
HH_37607,9,5,2
HH_37608,11,3,0
HH_37609,11,4,3
HH_37610,11,6,0
HH_37611,13,3,0
HH_37612,10,6,0
HH_37613,12,1,0
HH_37614,10,7,2
HH_37615,11,3,1
HH_37616,11,3,0
HH_37617,11,2,0
HH_37618,12,11,2
HH_37619,12,4,2
HH_37620,11,13,2
HH_37621,14,5,0
HH_37622,10,4,1
HH_37623,7,8,1
HH_37624,12,2,0
HH_37625,8,5,1
HH_37626,16,7,1
HH_37627,10,6,4
HH_37628,9,5,2
HH_37629,8,2,3
HH_37630,9,0,0
HH_37631,10,3,4
HH_37632,13,4,1
HH_37633,13,3,1
HH_37634,13,3,0
HH_37635,16,3,0
HH_37636,8,4,1
HH_37637,9,5,3
HH_37638,8,4,2
HH_37639,9,5,0
HH_37640,11,2,0
HH_37641,8,7,0
HH_37642,15,5,2
HH_37643,13,3,1
HH_37644,16,9,0
HH_37645,10,6,0
HH_37646,16,8,3
HH_37647,16,6,1
HH_37648,15,3,3
HH_37649,11,3,1
HH_37650,11,4,0
HH_37651,11,6,1
HH_37652,16,8,0
HH_37653,10,4,2
HH_37654,19,3,0
HH_37655,16,5,1
HH_37656,15,7,2
HH_37657,14,7,0
HH_37658,10,6,0
HH_37659,12,7,0
HH_37660,13,7,6
HH_37661,10,8,0
HH_37662,14,3,1
HH_37663,20,3,0
HH_37664,13,6,1
HH_37665,8,7,3
HH_37666,14,9,0
HH_37667,12,8,2
HH_37668,14,5,0
HH_37669,14,4,2
HH_37670,11,3,2
HH_37671,14,5,1
HH_37672,14,2,1
HH_37673,9,2,0
HH_37674,14,4,1
HH_37675,17,4,1
HH_37676,15,8,0
HH_37677,12,4,2
HH_37678,14,3,0
HH_37679,14,2,1
HH_37680,11,2,2
HH_37681,7,5,1
HH_37682,10,9,0
HH_37683,10,4,1
HH_37684,9,6,1
HH_37685,9,5,2
HH_37686,14,5,0
HH_37687,18,2,0
HH_37688,16,4,1
HH_37689,17,5,2
HH_37690,11,1,1
HH_37691,9,3,2
HH_37692,14,4,0
HH_37693,7,9,0
HH_37694,16,4,0
HH_37695,17,8,1
HH_37696,16,8,0
HH_37697,12,4,0
HH_37698,11,8,2
HH_37699,12,5,2
HH_37700,9,9,0
HH_37701,12,8,2
HH_37702,11,0,2
HH_37703,18,7,1
HH_37704,16,8,0
HH_37705,14,3,0
HH_37706,12,9,1
HH_37707,14,6,1
HH_37708,15,3,1
HH_37709,13,6,0
HH_37710,16,4,0
HH_37711,10,5,1
HH_37712,13,6,0
HH_37713,11,4,1
HH_37714,9,10,1
HH_37715,11,3,1
HH_37716,14,6,0
HH_37717,7,8,0
HH_37718,18,5,1
HH_37719,11,3,4
HH_37720,13,4,1
HH_37721,12,4,0
HH_37722,14,2,1
HH_37723,14,6,2
HH_37724,12,2,0
HH_37725,15,5,0
HH_37726,13,6,1
HH_37727,16,3,1
HH_37728,16,8,3
HH_37729,17,3,1
HH_37730,11,10,3
HH_37731,10,5,2
HH_37732,13,7,0
HH_37733,15,7,2
HH_37734,15,0,0
HH_37735,8,3,0
HH_37736,11,6,1
HH_37737,9,5,0
HH_37738,14,5,1
HH_37739,11,5,0
HH_37740,13,5,0
HH_37741,13,3,0
HH_37742,13,5,1
HH_37743,14,7,1
HH_37744,12,5,0
HH_37745,12,6,1
HH_37746,11,4,2
HH_37747,8,4,1
HH_37748,10,4,1
HH_37749,11,8,1
HH_37750,8,3,2
HH_37751,7,4,1
HH_37752,11,1,0
HH_37753,18,5,2
HH_37754,13,6,0
HH_37755,12,4,2
HH_37756,11,4,0
HH_37757,13,6,0
HH_37758,7,3,1
HH_37759,13,6,2
HH_37760,12,3,1
HH_37761,7,1,0
HH_37762,16,9,1
HH_37763,12,5,0
HH_37764,13,5,1
HH_37765,14,8,2
HH_37766,14,3,5
HH_37767,11,4,0
HH_37768,14,3,2
HH_37769,5,5,0
HH_37770,15,9,0
HH_37771,6,5,0
HH_37772,11,5,0
HH_37773,11,6,0
HH_37774,16,3,2
HH_37775,10,7,1
HH_37776,8,6,0
HH_37777,9,6,2
HH_37778,12,5,0
HH_37779,15,3,4
HH_37780,18,5,2
HH_37781,13,8,1
HH_37782,17,4,0
HH_37783,18,2,0
HH_37784,10,5,2
HH_37785,10,2,0
HH_37786,12,5,1
HH_37787,23,3,2
HH_37788,6,6,1
HH_37789,14,7,0
HH_37790,10,4,2
HH_37791,10,8,2
HH_37792,8,5,1
HH_37793,12,5,1
HH_37794,13,5,1
HH_37795,8,4,1
HH_37796,12,6,1
HH_37797,13,4,0
HH_37798,8,9,2
HH_37799,13,7,0
HH_37800,18,6,0
HH_37801,8,6,2
HH_37802,11,6,1
HH_37803,16,7,1
HH_37804,10,9,1
HH_37805,14,10,1
HH_37806,12,4,1
HH_37807,14,2,0
HH_37808,13,4,1
HH_37809,12,7,4
HH_37810,12,6,0
HH_37811,12,6,1
HH_37812,10,4,1
HH_37813,14,7,1
HH_37814,11,6,0
HH_37815,8,1,0
HH_37816,10,7,0
HH_37817,11,7,0
HH_37818,11,2,1
HH_37819,10,6,1
HH_37820,7,5,3
HH_37821,10,5,2
HH_37822,8,4,1
HH_37823,12,4,1
HH_37824,9,8,0
HH_37825,11,2,1
HH_37826,16,5,0
HH_37827,15,3,1
HH_37828,10,9,2
HH_37829,9,4,2
HH_37830,6,3,0
HH_37831,14,3,0
HH_37832,8,9,1
HH_37833,13,2,1
HH_37834,11,3,1
HH_37835,11,7,2
HH_37836,12,7,2
HH_37837,19,6,1
HH_37838,11,5,1
HH_37839,16,6,3
HH_37840,11,4,1
HH_37841,17,5,0
HH_37842,10,2,0
HH_37843,10,2,0
HH_37844,13,3,3
HH_37845,9,4,0
HH_37846,10,4,2
HH_37847,15,9,3
HH_37848,7,4,2
HH_37849,9,6,3
HH_37850,7,2,0
HH_37851,12,4,0
HH_37852,11,4,0
HH_37853,13,2,0
HH_37854,9,5,0
HH_37855,11,2,1
HH_37856,13,4,3
HH_37857,10,5,1
HH_37858,17,2,1
HH_37859,8,10,3
HH_37860,8,5,0
HH_37861,13,6,3
HH_37862,15,3,3
HH_37863,11,5,1
HH_37864,15,6,1
HH_37865,6,4,0
HH_37866,13,6,1
HH_37867,12,3,2
HH_37868,12,6,1
HH_37869,16,4,0
HH_37870,9,4,1
HH_37871,15,4,0
HH_37872,10,6,1
HH_37873,17,5,3
HH_37874,14,7,0
HH_37875,15,8,0
HH_37876,10,6,1
HH_37877,9,9,2
HH_37878,11,5,1
HH_37879,10,7,2
HH_37880,10,2,1
HH_37881,20,6,1
HH_37882,14,6,1
HH_37883,12,3,0
HH_37884,15,2,2
HH_37885,18,7,1
HH_37886,10,7,3
HH_37887,18,2,1
HH_37888,10,4,1
HH_37889,11,7,1
HH_37890,15,5,1
HH_37891,14,10,1
HH_37892,10,8,0
HH_37893,10,2,0
HH_37894,10,8,1
HH_37895,20,7,0
HH_37896,12,5,1
HH_37897,9,5,1
HH_37898,10,2,1
HH_37899,12,4,2
HH_37900,15,5,3
HH_37901,11,6,2
HH_37902,12,2,2
HH_37903,18,3,0
HH_37904,11,4,1
HH_37905,15,2,2
HH_37906,9,5,2
HH_37907,10,2,1
HH_37908,12,7,1
HH_37909,9,4,5
HH_37910,14,5,1
HH_37911,13,7,0
HH_37912,15,5,0
HH_37913,16,8,1
HH_37914,13,4,1
HH_37915,12,4,1
HH_37916,11,4,0
HH_37917,14,5,1
HH_37918,9,1,0
HH_37919,15,2,1
HH_37920,12,1,1
HH_37921,12,3,1
HH_37922,8,7,0
HH_37923,12,5,1
HH_37924,8,6,3
HH_37925,13,2,0
HH_37926,17,2,1
HH_37927,12,5,1
HH_37928,11,5,3
HH_37929,11,7,2
HH_37930,12,7,2
HH_37931,14,4,1
HH_37932,9,6,1
HH_37933,17,0,0
HH_37934,11,6,0
HH_37935,11,7,1
HH_37936,16,7,0
HH_37937,12,6,1
HH_37938,13,6,2
HH_37939,11,0,4
HH_37940,9,5,0
HH_37941,11,5,0
HH_37942,11,3,1
HH_37943,7,4,0
HH_37944,4,3,1
HH_37945,16,5,0
HH_37946,11,3,1
HH_37947,6,3,1
HH_37948,16,6,1
HH_37949,13,6,0
HH_37950,10,4,1
HH_37951,13,4,2
HH_37952,10,2,1
HH_37953,4,7,2
HH_37954,10,3,1
HH_37955,7,6,0
HH_37956,7,5,0
HH_37957,7,3,0
HH_37958,11,4,1
HH_37959,12,8,1
HH_37960,11,7,1
HH_37961,14,5,0
HH_37962,13,4,1
HH_37963,14,4,1
HH_37964,13,5,0
HH_37965,16,10,3
HH_37966,18,4,0
HH_37967,15,4,0
HH_37968,15,4,1
HH_37969,13,6,0
HH_37970,15,4,1
HH_37971,12,4,2
HH_37972,6,5,3
HH_37973,7,4,2
HH_37974,12,10,1
HH_37975,10,3,1
HH_37976,10,8,1
HH_37977,13,6,0
HH_37978,8,2,1
HH_37979,13,5,0
HH_37980,10,7,0
HH_37981,11,6,1
HH_37982,9,5,2
HH_37983,15,6,1
HH_37984,13,6,0
HH_37985,13,4,0
HH_37986,15,4,3
HH_37987,15,5,0
HH_37988,13,10,0
HH_37989,7,4,1
HH_37990,14,4,0
HH_37991,12,7,1
HH_37992,10,6,0
HH_37993,11,4,0
HH_37994,12,3,2
HH_37995,11,5,4
HH_37996,11,6,0
HH_37997,9,3,0
HH_37998,9,8,1
HH_37999,14,2,0
HH_38000,6,5,0
HH_38001,18,4,1
HH_38002,16,3,1
HH_38003,12,6,0
HH_38004,14,1,3
HH_38005,8,8,0
HH_38006,16,5,1
HH_38007,13,7,1
HH_38008,17,3,1
HH_38009,7,8,1
HH_38010,11,6,1
HH_38011,12,3,2
HH_38012,12,6,1
HH_38013,11,3,1
HH_38014,12,5,2
HH_38015,10,3,0
HH_38016,15,10,1
HH_38017,5,7,0
HH_38018,15,3,1
HH_38019,12,3,0
HH_38020,8,6,0
HH_38021,13,7,1
HH_38022,11,6,0
HH_38023,10,5,1
HH_38024,10,4,1
HH_38025,10,6,0
HH_38026,16,5,2
HH_38027,16,5,0
HH_38028,18,2,1
HH_38029,15,9,2
HH_38030,10,5,2
HH_38031,11,5,1
HH_38032,10,5,0
HH_38033,11,6,0
HH_38034,12,5,2
HH_38035,18,5,1
HH_38036,10,10,2
HH_38037,5,1,1
HH_38038,12,5,1
HH_38039,6,8,1
HH_38040,12,6,1
HH_38041,15,4,0
HH_38042,14,9,0
HH_38043,17,6,1
HH_38044,19,3,2
HH_38045,8,4,2
HH_38046,16,6,0
HH_38047,15,8,1
HH_38048,9,3,0
HH_38049,17,5,2
HH_38050,12,5,0
HH_38051,19,7,0
HH_38052,9,8,0
HH_38053,13,5,2
HH_38054,13,6,0
HH_38055,13,7,1
HH_38056,14,2,1
HH_38057,16,7,0
HH_38058,9,6,2
HH_38059,16,7,2
HH_38060,17,7,0
HH_38061,9,7,0
HH_38062,8,4,2
HH_38063,11,8,1
HH_38064,16,7,2
HH_38065,18,5,0
HH_38066,18,6,0
HH_38067,10,1,0
HH_38068,11,8,0
HH_38069,16,5,1
HH_38070,10,6,2
HH_38071,11,5,2
HH_38072,14,8,1
HH_38073,12,6,3
HH_38074,16,3,0
HH_38075,11,5,0
HH_38076,14,1,0
HH_38077,14,9,2
HH_38078,12,4,1
HH_38079,10,5,0
HH_38080,15,5,0
HH_38081,10,4,1
HH_38082,10,2,2
HH_38083,8,2,0
HH_38084,13,2,3
HH_38085,9,4,2
HH_38086,10,8,0
HH_38087,5,4,0
HH_38088,8,3,2
HH_38089,10,5,3
HH_38090,18,7,2
HH_38091,12,2,1
HH_38092,9,7,0
HH_38093,12,6,0
HH_38094,5,3,0
HH_38095,13,4,3
HH_38096,15,6,0
HH_38097,19,3,2
HH_38098,16,7,0
HH_38099,11,8,2
HH_38100,13,3,0
HH_38101,7,7,0
HH_38102,14,6,4
HH_38103,12,5,0
HH_38104,5,11,0
HH_38105,10,4,1
HH_38106,9,6,1
HH_38107,11,5,1
HH_38108,10,7,1
HH_38109,8,9,2
HH_38110,16,5,0
HH_38111,11,3,0
HH_38112,9,5,1
HH_38113,14,6,1
HH_38114,6,5,0
HH_38115,11,2,1
HH_38116,12,5,3
HH_38117,10,7,3
HH_38118,9,5,0
HH_38119,16,4,0
HH_38120,12,2,1
HH_38121,12,5,0
HH_38122,11,7,3
HH_38123,11,9,1
HH_38124,11,7,5
HH_38125,11,8,0
HH_38126,9,4,1
HH_38127,12,7,1
HH_38128,11,9,0
HH_38129,15,4,0
HH_38130,18,5,2
HH_38131,9,7,1
HH_38132,9,4,1
HH_38133,11,3,0
HH_38134,15,4,0
HH_38135,11,9,1
HH_38136,23,4,1
HH_38137,10,4,2
HH_38138,17,6,1
HH_38139,4,6,1
HH_38140,9,3,1
HH_38141,17,6,2
HH_38142,11,5,0
HH_38143,13,8,1
HH_38144,12,5,1
HH_38145,10,3,1
HH_38146,13,5,2
HH_38147,16,2,1
HH_38148,16,10,1
HH_38149,13,4,1
HH_38150,12,5,1
HH_38151,11,2,0
HH_38152,13,11,3
HH_38153,16,6,5
HH_38154,19,7,1
HH_38155,13,5,1
HH_38156,16,5,0
HH_38157,11,1,1
HH_38158,13,7,3
HH_38159,13,3,0
HH_38160,8,2,0
HH_38161,8,5,0
HH_38162,15,8,5
HH_38163,9,4,1
HH_38164,9,2,0
HH_38165,11,7,1
HH_38166,9,8,1
HH_38167,14,5,1
HH_38168,19,5,0
HH_38169,12,5,2
HH_38170,10,4,0
HH_38171,8,4,1
HH_38172,14,5,0
HH_38173,13,5,0
HH_38174,10,5,1
HH_38175,12,7,1
HH_38176,7,2,0
HH_38177,9,6,2
HH_38178,8,3,0
HH_38179,11,11,2
HH_38180,11,3,1
HH_38181,7,9,1
HH_38182,13,2,1
HH_38183,13,4,1
HH_38184,15,6,0
HH_38185,17,1,1
HH_38186,5,1,0
HH_38187,15,4,0
HH_38188,14,4,1
HH_38189,10,4,2
HH_38190,14,3,2
HH_38191,6,3,0
HH_38192,10,6,2
HH_38193,10,7,0
HH_38194,14,1,0
HH_38195,15,1,1
HH_38196,10,4,0
HH_38197,12,7,1
HH_38198,15,5,3
HH_38199,8,3,0
HH_38200,11,6,2
HH_38201,12,6,3
HH_38202,18,5,0
HH_38203,11,6,1
HH_38204,16,1,0
HH_38205,13,5,0
HH_38206,13,6,0
HH_38207,10,2,2
HH_38208,9,3,0
HH_38209,9,6,0
HH_38210,13,0,2
HH_38211,17,5,1
HH_38212,12,6,0
HH_38213,12,5,0
HH_38214,9,2,1
HH_38215,8,3,0
HH_38216,13,3,0
HH_38217,17,7,0
HH_38218,12,4,2
HH_38219,14,5,0
HH_38220,9,8,1
HH_38221,9,4,3
HH_38222,16,3,1
HH_38223,16,13,1
HH_38224,8,8,1
HH_38225,15,7,3
HH_38226,16,3,3
HH_38227,18,4,3
HH_38228,12,4,1
HH_38229,13,5,2
HH_38230,14,7,0
HH_38231,15,8,2
HH_38232,11,6,2
HH_38233,6,7,0
HH_38234,13,2,1
HH_38235,10,2,1
HH_38236,17,5,0
HH_38237,14,5,1
HH_38238,8,4,0
HH_38239,10,9,0
HH_38240,16,4,1
HH_38241,11,12,0
HH_38242,10,4,0
HH_38243,7,3,1
HH_38244,8,2,2
HH_38245,16,5,3
HH_38246,16,6,1
HH_38247,11,1,0
HH_38248,10,6,1
HH_38249,10,8,3
HH_38250,16,4,2
HH_38251,11,4,0
HH_38252,7,4,1
HH_38253,15,3,2
HH_38254,13,6,0
HH_38255,7,7,1
HH_38256,16,10,0
HH_38257,9,2,0
HH_38258,13,4,1
HH_38259,11,4,0
HH_38260,13,6,2
HH_38261,9,3,2
HH_38262,10,1,1
HH_38263,18,5,2
HH_38264,12,2,2
HH_38265,12,2,0
HH_38266,16,6,2
HH_38267,13,3,0
HH_38268,12,2,2
HH_38269,21,9,1
HH_38270,11,8,3
HH_38271,11,3,1
HH_38272,10,5,3
HH_38273,14,2,3
HH_38274,18,5,1
HH_38275,20,5,3
HH_38276,12,1,0
HH_38277,13,2,1
HH_38278,16,3,0
HH_38279,11,4,2
HH_38280,9,4,4
HH_38281,18,2,0
HH_38282,8,6,1
HH_38283,8,5,2
HH_38284,13,3,0
HH_38285,19,5,0
HH_38286,16,2,1
HH_38287,12,10,0
HH_38288,14,5,0
HH_38289,20,11,0
HH_38290,20,6,1
HH_38291,12,2,1
HH_38292,6,9,1
HH_38293,9,9,0
HH_38294,8,3,1
HH_38295,6,2,1
HH_38296,10,3,1
HH_38297,15,6,2
HH_38298,14,5,1
HH_38299,8,9,1
HH_38300,14,6,2
HH_38301,12,9,1
HH_38302,8,3,1
HH_38303,13,9,0
HH_38304,14,7,1
HH_38305,13,7,1
HH_38306,13,4,1
HH_38307,15,7,1
HH_38308,12,3,0
HH_38309,16,5,1
HH_38310,15,8,0
HH_38311,9,3,1
HH_38312,12,7,1
HH_38313,10,1,3
HH_38314,11,9,1
HH_38315,10,6,0
HH_38316,12,5,1
HH_38317,21,5,1
HH_38318,10,4,0
HH_38319,20,4,0
HH_38320,14,6,3
HH_38321,10,3,0
HH_38322,7,2,2
HH_38323,10,5,1
HH_38324,15,7,1
HH_38325,12,3,0
HH_38326,11,7,0
HH_38327,10,8,1
HH_38328,10,7,0
HH_38329,13,5,1
HH_38330,16,5,2
HH_38331,12,3,2
HH_38332,4,2,0
HH_38333,13,5,1
HH_38334,11,5,0
HH_38335,6,6,0
HH_38336,13,4,1
HH_38337,9,7,1
HH_38338,13,4,0
HH_38339,12,3,1
HH_38340,8,5,2
HH_38341,10,7,0
HH_38342,14,6,1
HH_38343,13,7,2
HH_38344,13,2,0
HH_38345,10,5,1
HH_38346,13,6,3
HH_38347,11,6,2
HH_38348,15,7,0
HH_38349,10,3,2
HH_38350,14,5,0
HH_38351,7,3,1
HH_38352,8,7,1
HH_38353,13,3,0
HH_38354,11,3,2
HH_38355,8,6,1
HH_38356,20,7,2
HH_38357,15,1,1
HH_38358,11,5,2
HH_38359,11,9,1
HH_38360,14,2,0
HH_38361,9,5,1
HH_38362,8,3,0
HH_38363,19,7,2
HH_38364,14,1,4
HH_38365,16,4,1
HH_38366,11,6,3
HH_38367,8,2,0
HH_38368,19,6,1
HH_38369,20,2,1
HH_38370,7,5,1
HH_38371,11,3,0
HH_38372,17,4,2
HH_38373,9,11,4
HH_38374,13,3,0
HH_38375,15,3,0
HH_38376,16,3,3
HH_38377,20,12,1
HH_38378,13,2,0
HH_38379,9,4,2
HH_38380,14,4,1
HH_38381,14,5,1
HH_38382,17,9,1
HH_38383,15,6,1
HH_38384,13,3,0
HH_38385,15,6,0
HH_38386,8,3,0
HH_38387,16,5,0
HH_38388,10,2,0
HH_38389,3,3,0
HH_38390,10,8,0
HH_38391,20,5,1
HH_38392,6,2,0
HH_38393,14,4,2
HH_38394,8,8,1
HH_38395,14,3,2
HH_38396,8,6,0
HH_38397,14,8,2
HH_38398,12,1,3
HH_38399,9,4,0
HH_38400,13,3,0
HH_38401,8,6,1
HH_38402,12,3,1
HH_38403,7,2,0
HH_38404,10,2,0
HH_38405,6,7,1
HH_38406,12,4,1
HH_38407,12,4,1
HH_38408,14,3,2
HH_38409,13,6,2
HH_38410,13,2,0
HH_38411,11,7,0
HH_38412,11,6,0
HH_38413,7,5,1
HH_38414,17,7,0
HH_38415,19,3,3
HH_38416,15,3,0
HH_38417,10,6,2
HH_38418,16,5,0
HH_38419,9,3,0
HH_38420,6,5,2
HH_38421,9,1,0
HH_38422,13,6,0
HH_38423,10,3,0
HH_38424,11,2,1
HH_38425,20,6,2
HH_38426,10,8,1
HH_38427,12,4,1
HH_38428,18,3,2
HH_38429,22,8,0
HH_38430,15,9,1
HH_38431,9,4,3
HH_38432,8,6,2
HH_38433,10,2,0
HH_38434,6,2,0
HH_38435,13,4,4
HH_38436,8,5,1
HH_38437,10,4,1
HH_38438,4,5,1
HH_38439,14,4,1
HH_38440,12,2,1
HH_38441,15,5,1
HH_38442,13,5,1
HH_38443,16,5,0
HH_38444,19,5,0
HH_38445,9,3,1
HH_38446,10,0,1
HH_38447,14,6,1
HH_38448,17,7,0
HH_38449,11,4,2
HH_38450,16,5,0
HH_38451,9,2,1
HH_38452,17,7,1
HH_38453,16,9,3
HH_38454,11,8,3
HH_38455,10,1,0
HH_38456,11,6,0
HH_38457,10,5,0
HH_38458,10,7,0
HH_38459,19,8,0
HH_38460,16,5,1
HH_38461,11,6,1
HH_38462,16,5,1
HH_38463,16,5,2
HH_38464,11,5,1
HH_38465,13,4,0
HH_38466,9,6,1
HH_38467,11,4,1
HH_38468,12,8,0
HH_38469,11,3,2
HH_38470,10,9,1
HH_38471,9,8,1
HH_38472,15,5,1
HH_38473,11,2,0
HH_38474,15,6,0
HH_38475,12,3,2
HH_38476,15,4,0
HH_38477,10,3,1
HH_38478,15,2,0
HH_38479,12,3,2
HH_38480,8,0,1
HH_38481,9,11,2
HH_38482,2,3,0
HH_38483,13,7,1
HH_38484,11,7,1
HH_38485,13,6,0
HH_38486,10,4,1
HH_38487,12,3,1
HH_38488,6,5,0
HH_38489,5,4,0
HH_38490,16,2,1
HH_38491,15,2,0
HH_38492,14,4,0
HH_38493,14,3,4
HH_38494,11,8,1
HH_38495,12,5,1
HH_38496,9,3,2
HH_38497,8,7,0
HH_38498,14,3,1
HH_38499,11,4,3
HH_38500,16,2,1
HH_38501,9,2,0
HH_38502,11,7,0
HH_38503,12,4,0
HH_38504,8,4,2
HH_38505,10,7,0
HH_38506,17,6,2
HH_38507,8,5,0
HH_38508,8,3,1
HH_38509,10,8,0
HH_38510,16,6,0
HH_38511,9,4,1
HH_38512,19,9,2
HH_38513,9,4,1
HH_38514,9,3,1
HH_38515,9,6,1
HH_38516,9,5,0
HH_38517,6,2,1
HH_38518,12,5,0
HH_38519,10,4,1
HH_38520,12,1,0
HH_38521,12,7,1
HH_38522,12,6,0
HH_38523,18,3,2
HH_38524,12,9,2
HH_38525,7,5,0
HH_38526,10,4,0
HH_38527,10,6,2
HH_38528,13,2,0
HH_38529,10,8,1
HH_38530,17,5,3
HH_38531,2,9,1
HH_38532,20,10,0
HH_38533,14,10,1
HH_38534,16,8,0
HH_38535,14,6,0
HH_38536,11,7,3
HH_38537,14,4,0
HH_38538,10,2,2
HH_38539,17,6,0
HH_38540,15,4,1
HH_38541,8,5,0
HH_38542,18,4,2
HH_38543,10,6,1
HH_38544,17,3,1
HH_38545,7,7,1
HH_38546,11,5,1
HH_38547,8,5,0
HH_38548,17,5,1
HH_38549,14,2,1
HH_38550,15,4,1
HH_38551,17,7,2
HH_38552,8,3,0
HH_38553,12,7,0
HH_38554,6,5,0
HH_38555,14,8,0
HH_38556,5,5,0
HH_38557,9,2,1
HH_38558,10,2,0
HH_38559,15,6,1
HH_38560,11,7,1
HH_38561,11,6,2
HH_38562,8,2,3
HH_38563,9,3,1
HH_38564,13,8,2
HH_38565,11,3,2
HH_38566,10,6,2
HH_38567,12,7,1
HH_38568,9,4,1
HH_38569,18,9,4
HH_38570,13,3,1
HH_38571,5,1,2
HH_38572,10,5,2
HH_38573,6,9,0
HH_38574,13,6,1
HH_38575,12,6,2
HH_38576,10,4,1
HH_38577,18,7,0
HH_38578,11,2,0
HH_38579,10,8,4
HH_38580,11,2,0
HH_38581,12,1,0
HH_38582,13,5,2
HH_38583,12,4,1
HH_38584,8,8,0
HH_38585,14,5,1
HH_38586,11,5,1
HH_38587,16,2,1
HH_38588,13,3,1
HH_38589,13,6,2
HH_38590,10,9,1
HH_38591,16,3,1
HH_38592,10,5,0
HH_38593,9,5,0
HH_38594,14,6,1
HH_38595,14,10,0
HH_38596,14,9,2
HH_38597,17,4,0
HH_38598,9,4,1
HH_38599,13,10,2
HH_38600,10,2,0
HH_38601,15,6,2
HH_38602,9,6,0
HH_38603,17,4,2
HH_38604,16,10,0
HH_38605,12,9,0
HH_38606,15,5,1
HH_38607,7,6,1
HH_38608,15,3,0
HH_38609,7,8,0
HH_38610,13,9,0
HH_38611,6,5,1
HH_38612,15,9,0
HH_38613,11,10,1
HH_38614,6,4,1
HH_38615,13,3,1
HH_38616,11,6,2
HH_38617,8,4,2
HH_38618,5,3,0
HH_38619,12,6,1
HH_38620,7,6,2
HH_38621,16,8,1
HH_38622,13,5,0
HH_38623,13,2,1
HH_38624,4,4,1
HH_38625,17,5,1
HH_38626,12,8,0
HH_38627,6,5,2
HH_38628,14,4,2
HH_38629,12,6,0
HH_38630,17,6,0
HH_38631,9,4,0
HH_38632,8,1,2
HH_38633,11,6,0
HH_38634,13,5,0
HH_38635,13,2,0
HH_38636,17,5,0
HH_38637,9,7,1
HH_38638,16,4,0
HH_38639,7,5,0
HH_38640,14,4,2
HH_38641,13,9,5
HH_38642,12,6,3
HH_38643,11,5,1
HH_38644,15,2,0
HH_38645,9,4,0
HH_38646,11,5,0
HH_38647,18,5,2
HH_38648,13,6,1
HH_38649,12,6,0
HH_38650,11,7,2
HH_38651,13,2,1
HH_38652,14,1,3
HH_38653,12,4,2
HH_38654,14,1,2
HH_38655,15,4,1
HH_38656,10,1,1
HH_38657,13,3,2
HH_38658,13,5,1
HH_38659,10,6,1
HH_38660,11,5,1
HH_38661,12,9,0
HH_38662,14,5,1
HH_38663,7,1,0
HH_38664,9,8,4
HH_38665,11,2,0
HH_38666,9,5,1
HH_38667,11,3,1
HH_38668,15,3,0
HH_38669,9,4,0
HH_38670,10,4,1
HH_38671,10,5,0
HH_38672,16,4,0
HH_38673,9,3,1
HH_38674,20,6,0
HH_38675,7,4,1
HH_38676,12,4,1
HH_38677,17,3,1
HH_38678,7,4,1
HH_38679,9,9,3
HH_38680,9,4,1
HH_38681,8,5,0
HH_38682,19,3,1
HH_38683,12,8,3
HH_38684,12,4,1
HH_38685,15,2,1
HH_38686,20,2,1
HH_38687,8,3,1
HH_38688,8,5,0
HH_38689,8,2,0
HH_38690,9,5,1
HH_38691,11,3,1
HH_38692,15,3,1
HH_38693,11,5,0
HH_38694,13,4,2
HH_38695,14,2,1
HH_38696,13,8,0
HH_38697,19,6,0
HH_38698,10,5,0
HH_38699,9,5,1
HH_38700,14,3,1
HH_38701,19,8,3
HH_38702,12,6,1
HH_38703,9,5,0
HH_38704,10,5,0
HH_38705,17,2,0
HH_38706,9,7,1
HH_38707,10,6,1
HH_38708,14,4,0
HH_38709,13,2,1
HH_38710,8,5,0
HH_38711,17,10,1
HH_38712,14,6,0
HH_38713,14,5,1
HH_38714,9,3,0
HH_38715,15,4,1
HH_38716,13,4,0
HH_38717,10,5,0
HH_38718,14,1,2
HH_38719,9,8,0
HH_38720,14,11,0
HH_38721,12,7,1
HH_38722,13,4,1
HH_38723,14,3,2
HH_38724,12,5,1
HH_38725,9,4,1
HH_38726,12,8,0
HH_38727,15,2,2
HH_38728,9,4,0
HH_38729,11,6,1
HH_38730,15,1,0
HH_38731,4,3,2
HH_38732,16,3,0
HH_38733,18,6,0
HH_38734,11,7,0
HH_38735,12,6,0
HH_38736,12,6,2
HH_38737,8,2,0
HH_38738,9,4,1
HH_38739,16,5,0
HH_38740,16,6,0
HH_38741,15,7,0
HH_38742,10,10,0
HH_38743,21,5,1
HH_38744,16,6,1
HH_38745,9,5,2
HH_38746,9,7,2
HH_38747,7,7,0
HH_38748,8,5,2
HH_38749,14,3,0
HH_38750,7,6,0
HH_38751,17,7,1
HH_38752,18,3,0
HH_38753,11,4,0
HH_38754,13,6,0
HH_38755,14,5,1
HH_38756,10,2,2
HH_38757,12,10,2
HH_38758,10,6,2
HH_38759,13,5,1
HH_38760,12,13,1
HH_38761,16,6,0
HH_38762,14,3,0
HH_38763,9,4,5
HH_38764,11,6,2
HH_38765,6,7,2
HH_38766,10,2,5
HH_38767,5,4,3
HH_38768,7,4,1
HH_38769,13,4,1
HH_38770,12,8,1
HH_38771,13,7,1
HH_38772,8,6,1
HH_38773,9,4,2
HH_38774,8,2,1
HH_38775,13,5,3
HH_38776,14,9,1
HH_38777,18,4,0
HH_38778,11,2,1
HH_38779,11,7,2
HH_38780,10,4,1
HH_38781,12,3,0
HH_38782,7,5,0
HH_38783,11,6,1
HH_38784,8,5,1
HH_38785,12,5,1
HH_38786,15,4,1
HH_38787,14,4,1
HH_38788,11,10,2
HH_38789,15,1,3
HH_38790,15,5,1
HH_38791,13,4,1
HH_38792,8,10,2
HH_38793,8,5,0
HH_38794,13,6,0
HH_38795,11,2,1
HH_38796,15,2,1
HH_38797,10,5,1
HH_38798,16,5,2
HH_38799,9,4,1
HH_38800,12,1,1
HH_38801,13,4,1
HH_38802,9,4,0
HH_38803,11,8,1
HH_38804,14,9,0
HH_38805,9,4,0
HH_38806,10,3,1
HH_38807,9,2,0
HH_38808,10,10,3
HH_38809,6,5,1
HH_38810,8,6,2
HH_38811,10,4,3
HH_38812,10,4,1
HH_38813,15,3,0
HH_38814,11,2,1
HH_38815,13,9,1
HH_38816,11,8,1
HH_38817,12,5,1
HH_38818,11,4,1
HH_38819,14,4,1
HH_38820,10,4,1
HH_38821,11,3,1
HH_38822,11,5,0
HH_38823,13,5,1
HH_38824,10,4,3
HH_38825,12,6,1
HH_38826,9,3,0
HH_38827,20,7,0
HH_38828,12,4,0
HH_38829,10,3,1
HH_38830,13,4,0
HH_38831,14,9,0
HH_38832,11,4,3
HH_38833,13,5,0
HH_38834,9,8,4
HH_38835,8,3,0
HH_38836,10,8,2
HH_38837,14,7,3
HH_38838,6,10,2
HH_38839,12,8,3
HH_38840,12,3,2
HH_38841,15,4,2
HH_38842,7,5,0
HH_38843,10,6,2
HH_38844,17,8,1
HH_38845,11,3,1
HH_38846,11,4,2
HH_38847,9,5,0
HH_38848,12,2,2
HH_38849,15,4,0
HH_38850,9,5,1
HH_38851,12,1,3
HH_38852,10,4,1
HH_38853,14,4,2
HH_38854,12,6,4
HH_38855,13,5,2
HH_38856,13,4,4
HH_38857,8,2,1
HH_38858,14,7,0
HH_38859,5,2,0
HH_38860,10,4,0
HH_38861,5,5,2
HH_38862,20,3,0
HH_38863,8,6,2
HH_38864,10,3,1
HH_38865,17,5,1
HH_38866,7,10,0
HH_38867,5,8,0
HH_38868,14,5,1
HH_38869,9,2,2
HH_38870,9,5,0
HH_38871,9,7,0
HH_38872,12,7,0
HH_38873,17,7,0
HH_38874,13,2,0
HH_38875,12,7,3
HH_38876,13,6,1
HH_38877,16,6,1
HH_38878,13,6,1
HH_38879,13,5,0
HH_38880,15,6,0
HH_38881,13,4,1
HH_38882,9,5,2
HH_38883,14,4,1
HH_38884,17,6,1
HH_38885,20,6,0
HH_38886,14,7,0
HH_38887,11,7,1
HH_38888,15,5,1
HH_38889,21,4,3
HH_38890,4,7,1
HH_38891,12,3,1
HH_38892,17,5,1
HH_38893,16,8,1
HH_38894,19,4,1
HH_38895,5,11,1
HH_38896,15,4,1
HH_38897,11,3,0
HH_38898,10,6,0
HH_38899,12,5,1
HH_38900,18,1,0
HH_38901,10,3,0
HH_38902,10,10,1
HH_38903,11,8,1
HH_38904,13,5,0
HH_38905,9,7,1
HH_38906,14,5,0
HH_38907,11,3,0
HH_38908,11,6,2
HH_38909,7,6,2
HH_38910,11,4,1
HH_38911,10,3,1
HH_38912,13,8,1
HH_38913,13,1,0
HH_38914,16,6,1
HH_38915,12,9,3
HH_38916,8,2,2
HH_38917,8,4,0
HH_38918,14,6,1
HH_38919,13,5,0
HH_38920,11,5,0
HH_38921,12,2,1
HH_38922,7,7,3
HH_38923,15,6,1
HH_38924,15,3,0
HH_38925,7,6,1
HH_38926,13,2,1
HH_38927,6,2,2
HH_38928,7,6,2
HH_38929,10,5,1
HH_38930,9,1,0
HH_38931,13,8,0
HH_38932,11,3,1
HH_38933,17,3,0
HH_38934,12,7,0
HH_38935,15,4,2
HH_38936,10,4,0
HH_38937,8,2,0
HH_38938,9,8,1
HH_38939,16,3,1
HH_38940,8,7,2
HH_38941,12,5,1
HH_38942,6,3,2
HH_38943,10,4,1
HH_38944,15,7,3
HH_38945,16,2,2
HH_38946,12,5,1
HH_38947,22,0,2
HH_38948,13,2,1
HH_38949,9,4,1
HH_38950,21,2,1
HH_38951,11,3,2
HH_38952,14,8,2
HH_38953,8,3,1
HH_38954,19,3,1
HH_38955,13,1,1
HH_38956,17,7,0
HH_38957,11,6,0
HH_38958,16,8,0
HH_38959,5,2,2
HH_38960,19,4,1
HH_38961,16,5,0
HH_38962,15,6,0
HH_38963,16,7,2
HH_38964,12,5,1
HH_38965,18,3,0
HH_38966,13,3,3
HH_38967,13,2,2
HH_38968,13,4,3
HH_38969,13,6,0
HH_38970,11,3,1
HH_38971,14,5,1
HH_38972,14,6,3
HH_38973,11,4,0
HH_38974,8,4,0
HH_38975,10,3,0
HH_38976,10,5,1
HH_38977,23,3,3
HH_38978,19,5,0
HH_38979,13,3,0
HH_38980,13,4,0
HH_38981,8,5,1
HH_38982,16,4,1
HH_38983,11,4,2
HH_38984,12,5,1
HH_38985,13,2,0
HH_38986,8,1,1
HH_38987,12,1,1
HH_38988,20,7,0
HH_38989,20,2,1
HH_38990,17,3,0
HH_38991,13,3,2
HH_38992,15,4,3
HH_38993,18,7,0
HH_38994,12,3,1
HH_38995,16,5,1
HH_38996,16,2,2
HH_38997,12,5,1
HH_38998,11,7,0
HH_38999,4,3,0
HH_39000,14,7,0
HH_39001,11,6,1
HH_39002,9,9,3
HH_39003,17,5,0
HH_39004,6,5,1
HH_39005,11,4,1
HH_39006,12,5,0
HH_39007,9,2,0
HH_39008,8,4,3
HH_39009,10,4,1
HH_39010,10,3,1
HH_39011,14,6,1
HH_39012,11,9,0
HH_39013,10,3,0
HH_39014,3,5,3
HH_39015,12,4,1
HH_39016,13,5,1
HH_39017,12,3,0
HH_39018,16,6,1
HH_39019,13,8,1
HH_39020,12,6,0
HH_39021,8,4,1
HH_39022,16,4,3
HH_39023,9,3,0
HH_39024,20,6,1
HH_39025,14,5,0
HH_39026,13,8,2
HH_39027,7,3,1
HH_39028,15,5,0
HH_39029,10,0,1
HH_39030,12,12,1
HH_39031,12,4,0
HH_39032,10,2,1
HH_39033,9,9,1
HH_39034,11,4,0
HH_39035,17,3,1
HH_39036,6,3,0
HH_39037,13,6,1
HH_39038,11,6,2
HH_39039,11,4,0
HH_39040,9,3,2
HH_39041,15,4,0
HH_39042,12,7,2
HH_39043,11,1,0
HH_39044,11,3,1
HH_39045,10,3,1
HH_39046,10,12,2
HH_39047,9,4,0
HH_39048,9,7,0
HH_39049,17,3,1
HH_39050,15,3,1
HH_39051,11,2,0
HH_39052,7,6,1
HH_39053,12,2,0
HH_39054,15,5,1
HH_39055,9,4,3
HH_39056,14,7,1
HH_39057,19,4,0
HH_39058,12,5,3
HH_39059,12,3,1
HH_39060,14,6,0
HH_39061,10,12,0
HH_39062,7,11,2
HH_39063,10,6,1
HH_39064,11,8,1
HH_39065,13,4,0
HH_39066,6,7,1
HH_39067,19,4,1
HH_39068,9,5,0
HH_39069,13,4,3
HH_39070,15,5,2
HH_39071,13,6,2
HH_39072,11,4,3
HH_39073,14,6,0
HH_39074,12,6,1
HH_39075,10,6,0
HH_39076,14,1,0
HH_39077,10,6,0
HH_39078,13,3,1
HH_39079,14,4,2
HH_39080,14,9,0
HH_39081,8,4,0
HH_39082,6,11,1
HH_39083,19,4,0
HH_39084,10,2,2
HH_39085,14,6,1
HH_39086,12,2,0
HH_39087,15,4,1
HH_39088,8,4,0
HH_39089,9,11,0
HH_39090,13,5,1
HH_39091,10,5,2
HH_39092,10,4,1
HH_39093,11,8,0
HH_39094,9,4,0
HH_39095,12,5,1
HH_39096,10,7,1
HH_39097,14,1,0
HH_39098,14,3,1
HH_39099,15,5,3
HH_39100,12,8,1
HH_39101,16,3,1
HH_39102,9,5,4
HH_39103,18,5,2
HH_39104,15,4,2
HH_39105,15,9,1
HH_39106,14,4,1
HH_39107,16,6,1
HH_39108,16,7,1
HH_39109,10,5,2
HH_39110,13,7,0
HH_39111,9,5,1
HH_39112,15,7,1
HH_39113,15,4,0
HH_39114,7,5,0
HH_39115,16,10,3
HH_39116,11,4,0
HH_39117,10,9,0
HH_39118,7,11,0
HH_39119,13,2,0
HH_39120,16,6,4
HH_39121,17,3,1
HH_39122,15,9,2
HH_39123,7,3,1
HH_39124,5,4,2
HH_39125,8,6,2
HH_39126,12,12,1
HH_39127,9,9,0
HH_39128,10,5,0
HH_39129,11,4,1
HH_39130,18,5,1
HH_39131,16,2,1
HH_39132,18,4,0
HH_39133,9,7,0
HH_39134,12,6,1
HH_39135,18,3,0
HH_39136,10,6,0
HH_39137,10,2,2
HH_39138,9,3,3
HH_39139,16,8,2
HH_39140,5,3,0
HH_39141,16,7,3
HH_39142,10,7,0
HH_39143,14,6,0
HH_39144,13,8,1
HH_39145,11,5,0
HH_39146,11,5,0
HH_39147,17,5,2
HH_39148,11,3,2
HH_39149,9,0,0
HH_39150,11,4,1
HH_39151,14,5,1
HH_39152,17,3,1
HH_39153,9,6,0
HH_39154,11,5,0
HH_39155,9,4,1
HH_39156,9,3,0
HH_39157,18,6,0
HH_39158,10,3,1
HH_39159,14,5,0
HH_39160,13,5,1
HH_39161,9,5,2
HH_39162,16,2,0
HH_39163,6,4,0
HH_39164,15,11,1
HH_39165,17,5,2
HH_39166,15,3,4
HH_39167,13,5,1
HH_39168,13,9,1
HH_39169,8,3,0
HH_39170,12,7,0
HH_39171,19,9,4
HH_39172,12,5,1
HH_39173,11,1,1
HH_39174,10,7,0
HH_39175,10,2,1
HH_39176,5,7,0
HH_39177,18,6,0
HH_39178,7,10,0
HH_39179,8,5,1
HH_39180,16,6,3
HH_39181,13,8,1
HH_39182,10,4,0
HH_39183,13,6,1
HH_39184,7,8,0
HH_39185,7,3,2
HH_39186,8,7,2
HH_39187,12,3,0
HH_39188,11,5,1
HH_39189,12,4,1
HH_39190,17,4,1
HH_39191,14,4,0
HH_39192,13,8,0
HH_39193,19,3,0
HH_39194,9,2,3
HH_39195,16,4,2
HH_39196,9,0,0
HH_39197,10,5,1
HH_39198,11,4,2
HH_39199,12,3,2
HH_39200,13,4,2
HH_39201,9,5,2
HH_39202,10,7,0
HH_39203,9,5,1
HH_39204,16,5,0
HH_39205,13,1,1
HH_39206,8,8,1
HH_39207,10,2,1
HH_39208,11,5,1
HH_39209,9,6,2
HH_39210,14,4,0
HH_39211,12,2,1
HH_39212,11,0,0
HH_39213,11,10,2
HH_39214,13,4,1
HH_39215,15,5,0
HH_39216,12,6,0
HH_39217,9,6,2
HH_39218,12,5,4
HH_39219,11,3,0
HH_39220,16,4,2
HH_39221,19,2,3
HH_39222,12,6,0
HH_39223,16,2,2
HH_39224,11,4,1
HH_39225,10,6,3
HH_39226,17,3,0
HH_39227,11,4,1
HH_39228,12,5,1
HH_39229,7,1,2
HH_39230,11,5,1
HH_39231,13,13,1
HH_39232,12,3,1
HH_39233,9,3,2
HH_39234,12,4,1
HH_39235,9,4,1
HH_39236,4,6,0
HH_39237,11,3,1
HH_39238,9,6,0
HH_39239,18,9,0
HH_39240,16,3,3
HH_39241,13,4,0
HH_39242,12,2,0
HH_39243,11,6,0
HH_39244,11,2,0
HH_39245,10,13,2
HH_39246,14,4,0
HH_39247,10,5,0
HH_39248,6,9,0
HH_39249,12,3,0
HH_39250,10,6,1
HH_39251,10,1,2
HH_39252,13,6,1
HH_39253,19,6,0
HH_39254,12,2,0
HH_39255,10,2,1
HH_39256,9,4,1
HH_39257,10,7,0
HH_39258,21,7,2
HH_39259,13,6,0
HH_39260,11,4,0
HH_39261,13,2,2
HH_39262,10,8,0
HH_39263,12,3,0
HH_39264,6,9,1
HH_39265,17,5,2
HH_39266,9,9,1
HH_39267,12,3,0
HH_39268,11,8,0
HH_39269,12,4,0
HH_39270,10,6,1
HH_39271,9,8,2
HH_39272,16,5,1
HH_39273,13,10,2
HH_39274,13,4,2
HH_39275,17,8,0
HH_39276,11,8,3
HH_39277,14,7,0
HH_39278,14,4,1
HH_39279,10,8,1
HH_39280,14,10,2
HH_39281,12,4,1
HH_39282,21,5,0
HH_39283,14,4,0
HH_39284,8,4,0
HH_39285,6,6,1
HH_39286,13,6,1
HH_39287,9,3,3
HH_39288,7,7,0
HH_39289,12,4,0
HH_39290,11,7,1
HH_39291,12,4,1
HH_39292,16,1,2
HH_39293,6,4,2
HH_39294,18,6,0
HH_39295,16,9,0
HH_39296,16,3,0
HH_39297,9,5,0
HH_39298,7,4,2
HH_39299,9,8,1
HH_39300,7,5,0
HH_39301,15,5,1
HH_39302,14,5,0
HH_39303,11,5,1
HH_39304,16,5,2
HH_39305,13,6,0
HH_39306,15,6,1
HH_39307,10,5,1
HH_39308,7,5,0
HH_39309,9,4,2
HH_39310,6,3,0
HH_39311,13,3,1
HH_39312,14,3,0
HH_39313,10,7,0
HH_39314,15,3,0
HH_39315,21,5,2
HH_39316,12,6,1
HH_39317,12,2,2
HH_39318,13,4,1
HH_39319,17,4,1
HH_39320,12,6,4
HH_39321,10,7,1
HH_39322,11,7,0
HH_39323,19,6,0
HH_39324,7,5,1
HH_39325,11,2,1
HH_39326,9,4,0
HH_39327,14,2,0
HH_39328,16,9,1
HH_39329,15,3,1
HH_39330,9,6,1
HH_39331,15,7,0
HH_39332,14,6,0
HH_39333,17,2,1
HH_39334,9,5,2
HH_39335,7,4,2
HH_39336,13,7,0
HH_39337,16,4,0
HH_39338,12,2,0
HH_39339,10,4,1
HH_39340,7,8,1
HH_39341,10,2,1
HH_39342,12,5,2
HH_39343,7,3,1
HH_39344,13,3,0
HH_39345,10,3,3
HH_39346,8,5,2
HH_39347,10,8,1
HH_39348,9,4,1
HH_39349,11,6,0
HH_39350,16,6,1
HH_39351,7,3,2
HH_39352,6,2,0
HH_39353,19,9,0
HH_39354,8,3,0
HH_39355,9,6,1
HH_39356,6,5,1
HH_39357,11,8,0
HH_39358,13,9,1
HH_39359,10,4,1
HH_39360,14,6,2
HH_39361,13,7,1
HH_39362,15,5,0
HH_39363,13,7,1
HH_39364,16,6,1
HH_39365,10,8,0
HH_39366,15,7,0
HH_39367,17,4,0
HH_39368,10,4,0
HH_39369,3,10,1
HH_39370,9,6,2
HH_39371,4,7,3
HH_39372,11,7,0
HH_39373,13,6,1
HH_39374,13,6,1
HH_39375,10,7,2
HH_39376,14,6,4
HH_39377,9,7,0
HH_39378,11,4,1
HH_39379,23,10,1
HH_39380,10,4,1
HH_39381,6,8,0
HH_39382,12,4,1
HH_39383,13,9,0
HH_39384,9,2,2
HH_39385,8,4,1
HH_39386,13,4,0
HH_39387,16,5,3
HH_39388,15,7,1
HH_39389,13,9,1
HH_39390,9,7,1
HH_39391,18,7,0
HH_39392,10,10,0
HH_39393,17,3,0
HH_39394,13,10,1
HH_39395,13,7,1
HH_39396,12,4,1
HH_39397,17,7,0
HH_39398,13,6,0
HH_39399,17,3,1
HH_39400,13,13,1
HH_39401,10,4,0
HH_39402,11,6,1
HH_39403,20,5,3
HH_39404,13,7,1
HH_39405,10,4,0
HH_39406,13,7,2
HH_39407,19,4,1
HH_39408,6,4,2
HH_39409,11,10,2
HH_39410,13,5,0
HH_39411,9,2,3
HH_39412,8,3,0
HH_39413,16,4,2
HH_39414,8,7,0
HH_39415,15,3,0
HH_39416,7,3,0
HH_39417,18,4,0
HH_39418,13,5,1
HH_39419,14,3,3
HH_39420,6,9,2
HH_39421,6,8,1
HH_39422,15,8,1
HH_39423,17,8,1
HH_39424,7,5,1
HH_39425,8,2,3
HH_39426,15,4,1
HH_39427,8,4,1
HH_39428,9,10,1
HH_39429,9,4,1
HH_39430,17,4,0
HH_39431,17,4,2
HH_39432,17,5,0
HH_39433,9,4,0
HH_39434,9,7,2
HH_39435,11,5,1
HH_39436,11,3,3
HH_39437,8,4,0
HH_39438,9,0,3
HH_39439,13,5,4
HH_39440,10,4,0
HH_39441,9,3,2
HH_39442,13,6,1
HH_39443,17,4,1
HH_39444,11,3,1
HH_39445,13,2,0
HH_39446,19,7,1
HH_39447,8,5,1
HH_39448,9,2,1
HH_39449,16,3,1
HH_39450,8,6,1
HH_39451,15,4,0
HH_39452,14,5,2
HH_39453,10,10,1
HH_39454,11,3,0
HH_39455,5,8,1
HH_39456,8,5,4
HH_39457,17,6,2
HH_39458,5,5,2
HH_39459,15,6,1
HH_39460,10,6,1
HH_39461,16,9,3
HH_39462,10,4,2
HH_39463,9,1,1
HH_39464,11,2,0
HH_39465,19,6,0
HH_39466,7,5,0
HH_39467,12,10,2
HH_39468,15,4,2
HH_39469,13,8,1
HH_39470,15,2,3
HH_39471,7,6,1
HH_39472,9,7,2
HH_39473,6,1,2
HH_39474,12,4,0
HH_39475,11,5,1
HH_39476,16,4,1
HH_39477,16,7,0
HH_39478,12,2,0
HH_39479,14,3,0
HH_39480,13,4,1
HH_39481,15,9,2
HH_39482,14,6,1
HH_39483,9,7,3
HH_39484,19,4,2
HH_39485,11,2,1
HH_39486,12,4,1
HH_39487,11,5,0
HH_39488,14,6,3
HH_39489,11,3,0
HH_39490,9,1,1
HH_39491,11,4,0
HH_39492,9,5,0
HH_39493,10,5,2
HH_39494,10,2,2
HH_39495,13,8,0
HH_39496,11,4,3
HH_39497,10,6,1
HH_39498,13,4,2
HH_39499,13,2,1
HH_39500,10,3,1
HH_39501,13,7,3
HH_39502,13,1,0
HH_39503,6,6,1
HH_39504,13,2,1
HH_39505,14,5,0
HH_39506,15,4,2
HH_39507,8,7,1
HH_39508,10,2,3
HH_39509,14,4,1
HH_39510,17,5,3
HH_39511,25,6,1
HH_39512,13,6,2
HH_39513,13,4,2
HH_39514,13,4,0
HH_39515,12,9,2
HH_39516,13,1,1
HH_39517,10,7,3
HH_39518,11,8,1
HH_39519,12,6,0
HH_39520,10,5,2
HH_39521,9,2,2
HH_39522,8,2,1
HH_39523,13,6,1
HH_39524,14,3,1
HH_39525,11,7,1
HH_39526,8,4,1
HH_39527,14,2,1
HH_39528,14,5,0
HH_39529,12,6,2
HH_39530,6,3,0
HH_39531,17,7,1
HH_39532,11,3,1
HH_39533,12,5,3
HH_39534,12,4,0
HH_39535,12,1,2
HH_39536,13,10,1
HH_39537,15,4,2
HH_39538,13,7,0
HH_39539,6,4,0
HH_39540,9,5,0
HH_39541,16,2,4
HH_39542,10,14,1
HH_39543,14,5,0
HH_39544,16,1,3
HH_39545,9,5,2
HH_39546,13,7,1
HH_39547,16,2,1
HH_39548,9,3,1
HH_39549,13,1,4
HH_39550,18,8,1
HH_39551,10,7,1
HH_39552,12,5,1
HH_39553,9,2,0
HH_39554,12,6,0
HH_39555,14,0,1
HH_39556,16,5,2
HH_39557,14,7,0
HH_39558,13,6,1
HH_39559,11,8,1
HH_39560,16,5,0
HH_39561,12,9,0
HH_39562,12,3,1
HH_39563,17,5,0
HH_39564,13,5,1
HH_39565,9,4,1
HH_39566,11,6,2
HH_39567,16,3,1
HH_39568,16,7,3
HH_39569,18,4,1
HH_39570,5,5,0
HH_39571,12,4,0
HH_39572,17,4,0
HH_39573,8,6,0
HH_39574,18,5,0
HH_39575,16,5,2
HH_39576,11,8,1
HH_39577,8,3,2
HH_39578,9,5,2
HH_39579,9,5,1
HH_39580,11,4,1
HH_39581,13,7,2
HH_39582,11,5,1
HH_39583,12,2,2
HH_39584,10,6,2
HH_39585,20,8,2
HH_39586,15,8,1
HH_39587,11,12,3
HH_39588,12,7,0
HH_39589,15,3,1
HH_39590,17,4,1
HH_39591,14,5,2
HH_39592,9,4,1
HH_39593,14,8,1
HH_39594,18,6,1
HH_39595,10,7,0
HH_39596,15,4,0
HH_39597,11,8,2
HH_39598,6,6,0
HH_39599,15,10,1
HH_39600,9,8,2
HH_39601,13,4,3
HH_39602,10,2,1
HH_39603,10,8,0
HH_39604,14,5,1
HH_39605,13,4,1
HH_39606,8,7,1
HH_39607,8,3,1
HH_39608,20,3,1
HH_39609,11,3,2
HH_39610,13,6,0
HH_39611,8,8,0
HH_39612,12,5,2
HH_39613,8,5,0
HH_39614,8,4,2
HH_39615,17,3,1
HH_39616,16,9,2
HH_39617,10,3,2
HH_39618,8,3,0
HH_39619,13,5,1
HH_39620,10,5,1
HH_39621,11,7,2
HH_39622,13,6,2
HH_39623,12,5,4
HH_39624,11,4,0
HH_39625,6,7,1
HH_39626,19,2,0
HH_39627,10,1,1
HH_39628,6,4,0
HH_39629,15,4,0
HH_39630,10,8,0
HH_39631,6,8,1
HH_39632,13,7,2
HH_39633,10,5,1
HH_39634,8,8,0
HH_39635,24,5,0
HH_39636,11,2,0
HH_39637,9,4,0
HH_39638,13,4,1
HH_39639,14,0,2
HH_39640,14,3,0
HH_39641,9,4,3
HH_39642,4,0,0
HH_39643,11,3,2
HH_39644,9,0,0
HH_39645,10,5,1
HH_39646,15,6,1
HH_39647,20,3,0
HH_39648,14,4,2
HH_39649,13,4,2
HH_39650,14,8,0
HH_39651,12,7,0
HH_39652,7,5,2
HH_39653,15,1,0
HH_39654,10,5,1
HH_39655,14,6,2
HH_39656,12,3,2
HH_39657,15,4,2
HH_39658,17,4,0
HH_39659,13,2,3
HH_39660,22,8,1
HH_39661,11,6,2
HH_39662,14,2,1
HH_39663,10,6,0
HH_39664,17,6,1
HH_39665,10,5,0
HH_39666,6,6,0
HH_39667,15,8,0
HH_39668,14,3,2
HH_39669,12,3,1
HH_39670,12,3,0
HH_39671,10,10,2
HH_39672,20,4,0
HH_39673,15,4,0
HH_39674,16,2,0
HH_39675,19,6,4
HH_39676,11,4,1
HH_39677,15,3,1
HH_39678,19,6,0
HH_39679,14,4,1
HH_39680,16,7,0
HH_39681,13,9,0
HH_39682,13,9,1
HH_39683,14,8,1
HH_39684,11,4,1
HH_39685,10,3,0
HH_39686,15,4,3
HH_39687,13,8,0
HH_39688,11,2,0
HH_39689,19,6,1
HH_39690,10,4,1
HH_39691,15,6,3
HH_39692,13,3,1
HH_39693,11,3,0
HH_39694,16,3,0
HH_39695,18,6,1
HH_39696,11,2,2
HH_39697,13,6,1
HH_39698,14,4,0
HH_39699,9,5,1
HH_39700,15,7,0
HH_39701,5,5,0
HH_39702,9,11,0
HH_39703,15,1,2
HH_39704,8,2,0
HH_39705,11,6,2
HH_39706,10,11,1
HH_39707,12,3,0
HH_39708,15,2,3
HH_39709,11,9,0
HH_39710,9,6,0
HH_39711,20,4,3
HH_39712,15,2,2
HH_39713,9,8,1
HH_39714,16,4,1
HH_39715,18,2,0
HH_39716,12,3,0
HH_39717,15,4,0
HH_39718,10,6,0
HH_39719,9,4,1
HH_39720,14,7,1
HH_39721,11,1,0
HH_39722,13,7,1
HH_39723,7,4,0
HH_39724,12,5,2
HH_39725,9,2,2
HH_39726,9,6,0
HH_39727,10,9,0
HH_39728,9,6,4
HH_39729,10,4,3
HH_39730,12,3,2
HH_39731,14,5,0
HH_39732,8,7,2
HH_39733,8,4,1
HH_39734,10,4,1
HH_39735,17,4,0
HH_39736,12,5,0
HH_39737,22,3,0
HH_39738,9,4,0
HH_39739,16,3,0
HH_39740,9,5,0
HH_39741,17,7,1
HH_39742,10,3,2
HH_39743,19,3,1
HH_39744,10,5,2
HH_39745,13,4,0
HH_39746,9,4,1
HH_39747,17,5,2
HH_39748,12,8,1
HH_39749,14,5,1
HH_39750,17,3,0
HH_39751,12,10,2
HH_39752,8,7,1
HH_39753,16,9,1
HH_39754,20,2,1
HH_39755,19,5,1
HH_39756,12,6,0
HH_39757,12,14,2
HH_39758,12,4,3
HH_39759,5,9,1
HH_39760,16,3,0
HH_39761,16,2,0
HH_39762,12,6,1
HH_39763,15,9,3
HH_39764,13,2,2
HH_39765,11,3,2
HH_39766,10,1,2
HH_39767,14,7,1
HH_39768,14,4,0
HH_39769,9,5,1
HH_39770,5,11,2
HH_39771,6,5,1
HH_39772,11,2,3
HH_39773,13,7,0
HH_39774,13,3,0
HH_39775,15,5,3
HH_39776,12,4,1
HH_39777,10,7,1
HH_39778,12,4,0
HH_39779,12,5,1
HH_39780,12,4,3
HH_39781,14,5,2
HH_39782,14,3,2
HH_39783,14,1,0
HH_39784,8,8,1
HH_39785,9,6,1
HH_39786,12,5,4
HH_39787,13,6,2
HH_39788,9,0,0
HH_39789,16,4,1
HH_39790,9,4,1
HH_39791,16,5,1
HH_39792,12,3,3
HH_39793,12,11,0
HH_39794,6,5,1
HH_39795,13,8,0
HH_39796,9,5,1
HH_39797,11,6,2
HH_39798,11,1,0
HH_39799,9,8,2
HH_39800,15,5,2
HH_39801,7,7,1
HH_39802,7,9,2
HH_39803,9,6,2
HH_39804,15,3,0
HH_39805,12,6,0
HH_39806,13,5,1
HH_39807,17,7,0
HH_39808,7,8,4
HH_39809,9,5,0
HH_39810,15,5,2
HH_39811,11,8,0
HH_39812,12,5,0
HH_39813,18,4,1
HH_39814,14,4,1
HH_39815,21,8,0
HH_39816,17,5,0
HH_39817,11,6,0
HH_39818,5,7,0
HH_39819,9,5,0
HH_39820,8,3,3
HH_39821,16,8,2
HH_39822,10,4,0
HH_39823,13,5,1
HH_39824,13,7,3
HH_39825,15,4,0
HH_39826,10,6,1
HH_39827,10,6,2
HH_39828,9,3,1
HH_39829,16,4,0
HH_39830,8,6,1
HH_39831,18,6,3
HH_39832,12,4,1
HH_39833,15,3,1
HH_39834,16,4,1
HH_39835,11,1,1
HH_39836,7,5,0
HH_39837,8,6,1
HH_39838,9,6,1
HH_39839,14,7,0
HH_39840,13,4,0
HH_39841,10,4,0
HH_39842,14,7,0
HH_39843,14,5,0
HH_39844,10,6,0
HH_39845,13,6,1
HH_39846,8,7,1
HH_39847,7,5,3
HH_39848,12,6,0
HH_39849,16,5,1
HH_39850,4,6,3
HH_39851,9,1,0
HH_39852,16,3,1
HH_39853,14,5,2
HH_39854,7,3,0
HH_39855,6,3,0
HH_39856,20,1,1
HH_39857,9,6,1
HH_39858,12,9,2
HH_39859,15,6,0
HH_39860,12,6,0
HH_39861,8,4,1
HH_39862,15,3,3
HH_39863,7,3,0
HH_39864,5,4,1
HH_39865,8,4,2
HH_39866,15,1,2
HH_39867,10,10,0
HH_39868,11,3,3
HH_39869,11,2,0
HH_39870,16,7,1
HH_39871,12,1,2
HH_39872,8,2,2
HH_39873,20,2,1
HH_39874,15,4,0
HH_39875,10,2,1
HH_39876,8,6,1
HH_39877,12,5,2
HH_39878,8,2,1
HH_39879,11,5,1
HH_39880,14,4,2
HH_39881,15,8,0
HH_39882,15,7,1
HH_39883,16,4,0
HH_39884,7,7,0
HH_39885,12,6,1
HH_39886,10,7,2
HH_39887,11,7,0
HH_39888,16,6,0
HH_39889,12,5,2
HH_39890,13,7,1
HH_39891,11,5,2
HH_39892,10,10,0
HH_39893,13,6,1
HH_39894,13,7,1
HH_39895,9,3,1
HH_39896,13,4,0
HH_39897,15,8,1
HH_39898,7,5,1
HH_39899,10,2,1
HH_39900,13,4,0
HH_39901,9,3,1
HH_39902,6,8,2
HH_39903,9,4,1
HH_39904,15,1,0
HH_39905,10,10,4
HH_39906,9,5,2
HH_39907,18,4,0
HH_39908,10,1,0
HH_39909,10,3,0
HH_39910,14,6,1
HH_39911,13,5,0
HH_39912,12,4,0
HH_39913,11,5,1
HH_39914,15,2,2
HH_39915,14,5,0
HH_39916,7,10,2
HH_39917,12,6,0
HH_39918,9,5,0
HH_39919,14,7,1
HH_39920,8,7,1
HH_39921,14,1,1
HH_39922,18,4,3
HH_39923,15,4,0
HH_39924,19,3,2
HH_39925,12,5,2
HH_39926,19,6,0
HH_39927,8,5,1
HH_39928,14,7,2
HH_39929,16,8,0
HH_39930,6,8,2
HH_39931,14,5,1
HH_39932,14,6,1
HH_39933,20,6,1
HH_39934,11,3,0
HH_39935,10,4,1
HH_39936,15,5,1
HH_39937,16,7,0
HH_39938,13,5,0
HH_39939,13,7,2
HH_39940,9,11,3
HH_39941,9,8,1
HH_39942,18,5,0
HH_39943,12,5,1
HH_39944,8,0,2
HH_39945,14,6,1
HH_39946,10,6,1
HH_39947,12,3,1
HH_39948,12,5,1
HH_39949,10,5,0
HH_39950,9,4,0
HH_39951,10,5,0
HH_39952,15,2,0
HH_39953,21,4,1
HH_39954,9,4,0
HH_39955,12,7,2
HH_39956,7,3,2
HH_39957,11,7,0
HH_39958,6,6,1
HH_39959,10,9,1
HH_39960,13,4,1
HH_39961,11,4,2
HH_39962,13,5,0
HH_39963,10,5,1
HH_39964,12,5,1
HH_39965,17,3,1
HH_39966,11,3,1
HH_39967,12,3,2
HH_39968,10,6,2
HH_39969,12,2,1
HH_39970,14,6,1
HH_39971,11,5,2
HH_39972,17,2,1
HH_39973,6,2,2
HH_39974,9,2,1
HH_39975,12,7,0
HH_39976,14,1,0
HH_39977,10,4,1
HH_39978,14,5,0
HH_39979,17,3,1
HH_39980,13,4,0
HH_39981,9,4,1
HH_39982,11,3,1
HH_39983,6,5,2
HH_39984,13,8,1
HH_39985,10,4,1
HH_39986,12,8,0
HH_39987,10,5,1
HH_39988,17,1,1
HH_39989,10,4,0
HH_39990,12,2,2
HH_39991,16,11,2
HH_39992,6,9,1
HH_39993,15,2,1
HH_39994,11,9,1
HH_39995,11,11,1
HH_39996,15,7,1
HH_39997,9,2,0
HH_39998,16,5,1
HH_39999,11,7,2
HH_40000,14,3,2
HH_40001,8,2,1
HH_40002,9,2,3
HH_40003,5,7,2
HH_40004,13,4,2
HH_40005,8,4,2
HH_40006,16,6,0
HH_40007,23,5,0
HH_40008,13,5,1
HH_40009,19,7,3
HH_40010,15,6,0
HH_40011,13,2,5
HH_40012,10,2,1
HH_40013,11,2,1
HH_40014,12,5,1
HH_40015,14,1,2
HH_40016,7,4,2
HH_40017,16,3,1
HH_40018,14,3,0
HH_40019,11,4,0
HH_40020,14,5,1
HH_40021,9,4,1
HH_40022,12,4,1
HH_40023,9,5,1
HH_40024,10,6,3
HH_40025,7,4,0
HH_40026,5,7,2
HH_40027,11,5,1
HH_40028,9,8,1
HH_40029,8,4,1
HH_40030,6,5,0
HH_40031,9,2,0
HH_40032,10,4,0
HH_40033,17,3,1
HH_40034,11,7,1
HH_40035,12,2,0
HH_40036,12,6,0
HH_40037,8,7,3
HH_40038,10,3,1
HH_40039,13,4,1
HH_40040,15,6,1
HH_40041,14,5,1
HH_40042,9,5,2
HH_40043,13,3,0
HH_40044,10,5,4
HH_40045,16,6,0
HH_40046,16,3,0
HH_40047,13,7,0
HH_40048,12,5,0
HH_40049,9,2,0
HH_40050,13,2,0
HH_40051,13,6,4
HH_40052,10,5,0
HH_40053,11,7,1
HH_40054,11,7,1
HH_40055,14,8,2
HH_40056,12,7,0
HH_40057,13,2,0
HH_40058,9,6,0
HH_40059,10,4,2
HH_40060,15,2,0
HH_40061,9,4,0
HH_40062,15,2,0
HH_40063,11,5,1
HH_40064,12,2,1
HH_40065,9,6,2
HH_40066,12,3,2
HH_40067,14,4,0
HH_40068,15,4,2
HH_40069,14,4,0
HH_40070,4,3,0
HH_40071,11,3,0
HH_40072,21,5,0
HH_40073,11,5,1
HH_40074,11,9,1
HH_40075,10,5,2
HH_40076,16,6,0
HH_40077,11,5,0
HH_40078,16,5,0
HH_40079,11,3,1
HH_40080,16,1,1
HH_40081,12,5,0
HH_40082,12,7,1
HH_40083,18,4,0
HH_40084,16,4,0
HH_40085,2,4,0
HH_40086,12,5,0
HH_40087,20,5,1
HH_40088,10,3,2
HH_40089,7,6,1
HH_40090,7,5,0
HH_40091,17,4,2
HH_40092,10,5,1
HH_40093,15,6,2
HH_40094,8,8,0
HH_40095,12,3,2
HH_40096,10,3,1
HH_40097,13,3,2
HH_40098,6,8,1
HH_40099,9,5,0
HH_40100,7,8,2
HH_40101,8,5,2
HH_40102,8,5,1
HH_40103,12,6,3
HH_40104,10,5,1
HH_40105,13,8,2
HH_40106,11,7,0
HH_40107,7,2,1
HH_40108,13,9,1
HH_40109,12,2,0
HH_40110,15,7,0
HH_40111,11,5,3
HH_40112,17,8,0
HH_40113,15,6,0
HH_40114,15,4,1
HH_40115,14,5,0
HH_40116,11,5,0
HH_40117,10,9,0
HH_40118,13,4,0
HH_40119,10,6,1
HH_40120,13,3,1
HH_40121,12,5,1
HH_40122,16,2,3
HH_40123,8,4,2
HH_40124,6,4,1
HH_40125,19,7,0
HH_40126,15,6,0
HH_40127,11,1,0
HH_40128,11,4,0
HH_40129,12,3,1
HH_40130,17,5,1
HH_40131,11,6,1
HH_40132,15,2,1
HH_40133,13,6,0
HH_40134,15,7,1
HH_40135,8,6,1
HH_40136,13,1,1
HH_40137,9,8,0
HH_40138,13,5,1
HH_40139,5,12,2
HH_40140,15,6,0
HH_40141,9,2,0
HH_40142,9,7,1
HH_40143,10,3,0
HH_40144,13,4,1
HH_40145,19,5,0
HH_40146,8,1,0
HH_40147,6,7,1
HH_40148,11,3,0
HH_40149,10,6,1
HH_40150,18,1,2
HH_40151,9,4,0
HH_40152,14,5,0
HH_40153,10,8,0
HH_40154,15,3,1
HH_40155,12,3,0
HH_40156,7,7,1
HH_40157,9,6,0
HH_40158,10,3,0
HH_40159,10,3,0
HH_40160,11,2,0
HH_40161,11,5,1
HH_40162,11,4,2
HH_40163,17,7,1
HH_40164,5,2,3
HH_40165,14,6,0
HH_40166,14,7,3
HH_40167,15,3,0
HH_40168,16,6,2
HH_40169,15,3,1
HH_40170,13,4,1
HH_40171,15,5,2
HH_40172,17,2,1
HH_40173,19,3,0
HH_40174,14,4,1
HH_40175,11,4,0
HH_40176,16,2,2
HH_40177,11,3,0
HH_40178,14,4,1
HH_40179,7,5,0
HH_40180,11,4,3
HH_40181,11,8,2
HH_40182,11,5,2
HH_40183,14,5,1
HH_40184,14,5,0
HH_40185,21,5,0
HH_40186,18,4,3
HH_40187,12,0,1
HH_40188,12,8,0
HH_40189,12,7,2
HH_40190,18,6,2
HH_40191,20,8,0
HH_40192,11,3,2
HH_40193,15,0,1
HH_40194,15,6,2
HH_40195,12,5,0
HH_40196,13,6,1
HH_40197,17,5,0
HH_40198,11,5,0
HH_40199,12,7,2
HH_40200,7,3,0
HH_40201,17,7,1
HH_40202,11,6,1
HH_40203,13,7,0
HH_40204,15,2,2
HH_40205,6,5,3
HH_40206,18,5,0
HH_40207,5,3,1
HH_40208,14,1,1
HH_40209,9,4,2
HH_40210,13,7,2
HH_40211,10,6,1
HH_40212,11,6,1
HH_40213,14,5,1
HH_40214,13,3,1
HH_40215,14,11,0
HH_40216,10,5,1
HH_40217,12,4,2
HH_40218,4,4,2
HH_40219,11,6,0
HH_40220,10,5,0
HH_40221,14,5,1
HH_40222,7,4,1
HH_40223,11,4,1
HH_40224,10,7,0
HH_40225,10,3,2
HH_40226,13,7,1
HH_40227,13,4,1
HH_40228,10,2,1
HH_40229,15,10,0
HH_40230,22,4,3
HH_40231,8,4,0
HH_40232,9,7,0
HH_40233,7,5,1
HH_40234,6,3,2
HH_40235,12,6,0
HH_40236,18,4,1
HH_40237,13,3,0
HH_40238,16,3,1
HH_40239,11,2,3
HH_40240,14,5,0
HH_40241,8,2,0
HH_40242,16,5,2
HH_40243,11,5,0
HH_40244,4,5,2
HH_40245,16,7,0
HH_40246,15,7,0
HH_40247,9,4,0
HH_40248,10,5,0
HH_40249,12,9,0
HH_40250,8,3,0
HH_40251,12,9,2
HH_40252,15,3,1
HH_40253,10,3,0
HH_40254,17,5,1
HH_40255,11,3,1
HH_40256,15,8,1
HH_40257,8,7,2
HH_40258,9,4,1
HH_40259,11,2,1
HH_40260,12,7,1
HH_40261,11,3,0
HH_40262,8,3,1
HH_40263,11,5,1
HH_40264,11,9,1
HH_40265,12,1,3
HH_40266,12,7,2
HH_40267,14,5,0
HH_40268,11,6,1
HH_40269,18,6,1
HH_40270,13,7,1
HH_40271,12,4,1
HH_40272,6,5,1
HH_40273,12,5,1
HH_40274,12,5,0
HH_40275,9,6,0
HH_40276,14,6,0
HH_40277,12,6,1
HH_40278,10,7,0
HH_40279,8,3,1
HH_40280,12,5,0
HH_40281,8,0,1
HH_40282,13,2,1
HH_40283,14,4,1
HH_40284,17,2,0
HH_40285,13,7,1
HH_40286,17,4,0
HH_40287,10,4,1
HH_40288,13,4,1
HH_40289,9,5,2
HH_40290,13,5,2
HH_40291,12,5,1
HH_40292,13,6,2
HH_40293,10,4,2
HH_40294,18,8,2
HH_40295,13,3,0
HH_40296,11,6,1
HH_40297,8,5,1
HH_40298,14,7,3
HH_40299,15,6,2
HH_40300,14,7,5
HH_40301,15,4,1
HH_40302,11,2,1
HH_40303,11,6,1
HH_40304,18,4,0
HH_40305,12,10,3
HH_40306,11,10,1
HH_40307,8,8,1
HH_40308,11,3,1
HH_40309,18,2,0
HH_40310,13,5,0
HH_40311,5,5,0
HH_40312,11,8,0
HH_40313,17,5,1
HH_40314,10,4,0
HH_40315,11,5,1
HH_40316,9,8,2
HH_40317,11,4,0
HH_40318,8,5,1
HH_40319,7,1,0
HH_40320,12,5,1
HH_40321,14,8,2
HH_40322,15,6,0
HH_40323,15,4,1
HH_40324,8,4,1
HH_40325,8,7,2
HH_40326,10,7,0
HH_40327,13,6,2
HH_40328,12,4,1
HH_40329,13,7,0
HH_40330,8,3,2
HH_40331,16,3,0
HH_40332,9,6,0
HH_40333,10,5,2
HH_40334,5,5,1
HH_40335,10,5,1
HH_40336,10,4,2
HH_40337,13,5,1
HH_40338,12,9,1
HH_40339,9,2,1
HH_40340,20,6,0
HH_40341,16,4,1
HH_40342,13,5,1
HH_40343,10,4,0
HH_40344,12,4,0
HH_40345,16,10,0
HH_40346,6,5,3
HH_40347,7,8,0
HH_40348,15,6,3
HH_40349,11,4,0
HH_40350,8,5,0
HH_40351,15,6,0
HH_40352,9,7,2
HH_40353,19,8,1
HH_40354,20,7,1
HH_40355,13,5,2
HH_40356,13,7,2
HH_40357,16,7,1
HH_40358,9,4,2
HH_40359,19,5,3
HH_40360,23,3,0
HH_40361,15,7,1
HH_40362,7,5,0
HH_40363,12,4,1
HH_40364,14,7,2
HH_40365,8,7,1
HH_40366,10,1,1
HH_40367,9,7,3
HH_40368,12,7,1
HH_40369,15,4,1
HH_40370,11,5,3
HH_40371,9,7,5
HH_40372,16,3,2
HH_40373,11,2,0
HH_40374,16,5,0
HH_40375,8,6,3
HH_40376,7,6,2
HH_40377,8,7,0
HH_40378,10,5,2
HH_40379,9,3,1
HH_40380,15,7,0
HH_40381,6,2,0
HH_40382,13,12,4
HH_40383,20,3,0
HH_40384,19,7,1
HH_40385,21,5,2
HH_40386,16,7,1
HH_40387,15,4,2
HH_40388,12,6,1
HH_40389,12,6,1
HH_40390,14,3,1
HH_40391,8,5,2
HH_40392,10,5,0
HH_40393,9,6,0
HH_40394,9,5,1
HH_40395,7,5,1
HH_40396,13,7,0
HH_40397,10,8,0
HH_40398,11,6,1
HH_40399,12,3,1
HH_40400,17,2,0
HH_40401,15,5,2
HH_40402,16,8,0
HH_40403,18,5,4
HH_40404,8,9,2
HH_40405,13,7,0
HH_40406,11,2,1
HH_40407,10,3,2
HH_40408,15,5,1
HH_40409,14,5,0
HH_40410,22,5,1
HH_40411,7,7,0
HH_40412,7,7,1
HH_40413,14,5,1
HH_40414,11,8,3
HH_40415,6,7,2
HH_40416,14,9,1
HH_40417,11,2,2
HH_40418,13,7,0
HH_40419,15,3,1
HH_40420,10,3,1
HH_40421,11,9,0
HH_40422,15,2,0
HH_40423,8,3,0
HH_40424,11,3,2
HH_40425,8,2,2
HH_40426,13,5,0
HH_40427,5,5,1
HH_40428,13,5,0
HH_40429,11,3,0
HH_40430,13,2,1
HH_40431,5,4,0
HH_40432,9,2,1
HH_40433,9,5,3
HH_40434,5,5,3
HH_40435,12,5,0
HH_40436,8,3,0
HH_40437,15,6,2
HH_40438,14,1,1
HH_40439,12,3,0
HH_40440,8,2,0
HH_40441,12,3,1
HH_40442,13,5,0
HH_40443,16,5,0
HH_40444,13,3,0
HH_40445,12,9,0
HH_40446,14,5,2
HH_40447,15,2,0
HH_40448,12,7,0
HH_40449,10,7,2
HH_40450,9,7,2
HH_40451,14,6,0
HH_40452,10,3,3
HH_40453,11,7,4
HH_40454,8,7,0
HH_40455,13,4,1
HH_40456,13,4,3
HH_40457,16,6,2
HH_40458,8,2,1
HH_40459,12,7,1
HH_40460,14,3,2
HH_40461,9,7,1
HH_40462,13,4,0
HH_40463,10,6,0
HH_40464,9,9,3
HH_40465,13,1,1
HH_40466,12,2,2
HH_40467,17,5,0
HH_40468,13,4,3
HH_40469,8,3,3
HH_40470,13,5,0
HH_40471,15,5,1
HH_40472,14,8,0
HH_40473,14,5,6
HH_40474,7,6,2
HH_40475,16,11,1
HH_40476,10,2,2
HH_40477,17,5,2
HH_40478,11,3,2
HH_40479,8,8,2
HH_40480,11,6,2
HH_40481,16,4,1
HH_40482,11,8,1
HH_40483,6,4,1
HH_40484,13,5,1
HH_40485,9,8,1
HH_40486,15,5,0
HH_40487,10,5,0
HH_40488,18,2,1
HH_40489,9,3,1
HH_40490,10,5,1
HH_40491,16,2,0
HH_40492,7,1,0
HH_40493,12,4,0
HH_40494,12,5,0
HH_40495,7,4,0
HH_40496,12,4,0
HH_40497,12,4,3
HH_40498,10,7,2
HH_40499,14,4,0
HH_40500,15,3,0
HH_40501,9,7,1
HH_40502,12,5,1
HH_40503,14,3,0
HH_40504,11,4,3
HH_40505,12,1,2
HH_40506,11,4,1
HH_40507,13,5,0
HH_40508,11,1,1
HH_40509,20,2,1
HH_40510,13,4,0
HH_40511,6,4,0
HH_40512,10,6,2
HH_40513,14,3,3
HH_40514,14,4,0
HH_40515,7,7,0
HH_40516,9,5,0
HH_40517,11,5,0
HH_40518,13,5,1
HH_40519,9,5,2
HH_40520,8,4,0
HH_40521,10,11,2
HH_40522,12,8,0
HH_40523,13,4,0
HH_40524,14,4,3
HH_40525,8,2,0
HH_40526,16,3,0
HH_40527,8,3,0
HH_40528,12,4,0
HH_40529,16,6,0
HH_40530,12,5,1
HH_40531,11,2,1
HH_40532,14,3,1
HH_40533,7,6,0
HH_40534,13,3,1
HH_40535,11,6,0
HH_40536,9,3,1
HH_40537,10,7,2
HH_40538,9,5,2
HH_40539,13,5,2
HH_40540,11,1,2
HH_40541,5,5,0
HH_40542,13,4,0
HH_40543,19,5,0
HH_40544,14,4,0
HH_40545,9,7,0
HH_40546,11,5,2
HH_40547,9,3,1
HH_40548,8,6,0
HH_40549,10,5,5
HH_40550,14,4,2
HH_40551,5,9,3
HH_40552,3,3,0
HH_40553,16,3,2
HH_40554,11,4,0
HH_40555,18,3,0
HH_40556,10,7,2
HH_40557,9,8,1
HH_40558,11,10,0
HH_40559,19,6,4
HH_40560,17,4,0
HH_40561,9,7,3
HH_40562,9,7,0
HH_40563,14,1,2
HH_40564,10,2,1
HH_40565,11,6,2
HH_40566,9,7,1
HH_40567,20,3,1
HH_40568,13,3,1
HH_40569,13,2,0
HH_40570,9,5,1
HH_40571,10,7,3
HH_40572,8,5,2
HH_40573,15,2,1
HH_40574,11,3,0
HH_40575,12,1,1
HH_40576,9,8,3
HH_40577,4,3,0
HH_40578,15,7,1
HH_40579,9,0,0
HH_40580,14,2,2
HH_40581,11,7,1
HH_40582,13,4,2
HH_40583,12,4,3
HH_40584,17,4,1
HH_40585,5,2,0
HH_40586,16,11,2
HH_40587,8,4,3
HH_40588,10,4,2
HH_40589,17,4,0
HH_40590,4,7,0
HH_40591,7,4,0
HH_40592,8,2,1
HH_40593,9,9,0
HH_40594,12,3,1
HH_40595,10,9,1
HH_40596,8,4,0
HH_40597,12,9,0
HH_40598,14,3,3
HH_40599,13,5,0
HH_40600,4,2,1
HH_40601,12,6,1
HH_40602,9,1,1
HH_40603,16,4,0
HH_40604,11,4,0
HH_40605,10,7,0
HH_40606,11,9,2
HH_40607,15,4,0
HH_40608,11,2,0
HH_40609,15,6,1
HH_40610,13,9,4
HH_40611,13,7,1
HH_40612,10,6,0
HH_40613,11,6,1
HH_40614,15,5,2
HH_40615,13,5,1
HH_40616,13,5,0
HH_40617,15,3,0
HH_40618,5,5,2
HH_40619,16,8,1
HH_40620,12,3,0
HH_40621,16,6,3
HH_40622,9,5,1
HH_40623,12,7,0
HH_40624,10,9,1
HH_40625,12,4,1
HH_40626,9,5,0
HH_40627,13,2,3
HH_40628,13,7,1
HH_40629,17,6,1
HH_40630,12,4,0
HH_40631,20,4,0
HH_40632,8,5,1
HH_40633,15,5,0
HH_40634,11,3,0
HH_40635,16,6,0
HH_40636,17,6,0
HH_40637,10,6,1
HH_40638,9,4,1
HH_40639,11,2,0
HH_40640,8,7,1
HH_40641,11,3,1
HH_40642,9,7,1
HH_40643,15,5,1
HH_40644,14,4,0
HH_40645,13,6,1
HH_40646,11,7,0
HH_40647,6,6,1
HH_40648,18,6,0
HH_40649,7,5,2
HH_40650,13,2,1
HH_40651,5,6,0
HH_40652,12,1,0
HH_40653,10,0,1
HH_40654,10,6,0
HH_40655,20,8,0
HH_40656,11,7,0
HH_40657,16,2,1
HH_40658,17,3,0
HH_40659,13,3,3
HH_40660,12,3,1
HH_40661,10,4,2
HH_40662,10,7,2
HH_40663,10,8,0
HH_40664,15,6,1
HH_40665,12,5,1
HH_40666,14,6,1
HH_40667,18,8,0
HH_40668,15,3,1
HH_40669,14,4,2
HH_40670,13,2,2
HH_40671,19,3,2
HH_40672,8,2,1
HH_40673,13,2,0
HH_40674,13,9,0
HH_40675,9,10,0
HH_40676,9,8,0
HH_40677,12,6,1
HH_40678,10,6,0
HH_40679,13,4,0
HH_40680,17,5,1
HH_40681,13,6,0
HH_40682,11,4,2
HH_40683,11,6,2
HH_40684,14,5,1
HH_40685,13,2,1
HH_40686,7,7,0
HH_40687,6,7,2
HH_40688,13,2,3
HH_40689,17,4,0
HH_40690,13,7,2
HH_40691,9,6,1
HH_40692,12,4,1
HH_40693,10,6,0
HH_40694,16,7,3
HH_40695,11,4,0
HH_40696,11,3,0
HH_40697,8,6,1
HH_40698,8,1,1
HH_40699,14,5,2
HH_40700,7,8,1
HH_40701,8,1,1
HH_40702,12,4,0
HH_40703,11,3,0
HH_40704,11,6,0
HH_40705,11,5,1
HH_40706,6,9,1
HH_40707,16,2,1
HH_40708,5,4,4
HH_40709,12,6,1
HH_40710,16,6,0
HH_40711,16,3,3
HH_40712,14,6,0
HH_40713,12,3,1
HH_40714,22,4,2
HH_40715,16,4,0
HH_40716,15,2,1
HH_40717,13,3,0
HH_40718,12,9,0
HH_40719,11,7,2
HH_40720,14,6,1
HH_40721,9,7,1
HH_40722,11,7,0
HH_40723,15,5,2
HH_40724,8,4,0
HH_40725,19,4,1
HH_40726,17,8,0
HH_40727,14,6,1
HH_40728,10,5,0
HH_40729,7,3,0
HH_40730,9,5,2
HH_40731,13,8,2
HH_40732,14,4,1
HH_40733,10,3,0
HH_40734,8,6,0
HH_40735,9,8,0
HH_40736,15,5,1
HH_40737,6,5,2
HH_40738,14,6,2
HH_40739,16,7,0
HH_40740,10,5,1
HH_40741,17,2,0
HH_40742,24,8,1
HH_40743,12,8,0
HH_40744,10,6,0
HH_40745,20,3,2
HH_40746,10,4,0
HH_40747,12,4,1
HH_40748,12,3,2
HH_40749,16,3,1
HH_40750,15,7,0
HH_40751,14,5,0
HH_40752,15,3,1
HH_40753,14,5,1
HH_40754,10,7,1
HH_40755,13,5,1
HH_40756,19,5,1
HH_40757,8,6,1
HH_40758,12,6,1
HH_40759,10,3,2
HH_40760,11,6,2
HH_40761,5,4,2
HH_40762,17,4,1
HH_40763,6,7,0
HH_40764,15,6,2
HH_40765,9,4,1
HH_40766,10,5,2
HH_40767,5,5,2
HH_40768,7,4,1
HH_40769,12,2,1
HH_40770,9,5,0
HH_40771,15,7,0
HH_40772,13,5,1
HH_40773,13,3,0
HH_40774,13,3,1
HH_40775,14,4,1
HH_40776,13,3,1
HH_40777,15,6,0
HH_40778,13,7,1
HH_40779,14,4,0
HH_40780,9,6,0
HH_40781,19,3,1
HH_40782,6,2,0
HH_40783,20,9,1
HH_40784,19,6,1
HH_40785,9,7,1
HH_40786,18,7,1
HH_40787,15,2,0
HH_40788,8,4,0
HH_40789,14,5,2
HH_40790,14,9,1
HH_40791,12,2,0
HH_40792,8,5,0
HH_40793,10,8,0
HH_40794,14,4,1
HH_40795,12,7,0
HH_40796,16,6,1
HH_40797,12,6,0
HH_40798,11,8,0
HH_40799,18,6,0
HH_40800,6,6,0
HH_40801,13,4,2
HH_40802,12,8,1
HH_40803,9,6,2
HH_40804,9,7,1
HH_40805,9,6,1
HH_40806,7,2,1
HH_40807,7,6,0
HH_40808,12,5,0
HH_40809,12,6,2
HH_40810,15,8,1
HH_40811,14,2,1
HH_40812,7,4,4
HH_40813,11,1,2
HH_40814,6,3,1
HH_40815,16,4,1
HH_40816,5,5,0
HH_40817,12,4,1
HH_40818,10,10,0
HH_40819,12,3,1
HH_40820,14,7,0
HH_40821,14,3,1
HH_40822,10,8,2
HH_40823,5,8,1
HH_40824,10,6,1
HH_40825,8,8,2
HH_40826,10,4,1
HH_40827,10,10,1
HH_40828,12,8,0
HH_40829,7,5,0
HH_40830,14,8,2
HH_40831,9,4,1
HH_40832,11,6,0
HH_40833,13,3,0
HH_40834,12,5,3
HH_40835,10,4,0
HH_40836,18,12,1
HH_40837,15,7,3
HH_40838,18,9,1
HH_40839,9,4,2
HH_40840,13,4,0
HH_40841,8,4,1
HH_40842,10,4,0
HH_40843,11,3,1
HH_40844,14,5,0
HH_40845,13,4,1
HH_40846,10,5,2
HH_40847,14,7,1
HH_40848,12,1,3
HH_40849,14,6,2
HH_40850,10,3,0
HH_40851,11,7,2
HH_40852,11,3,0
HH_40853,11,11,2
HH_40854,10,7,0
HH_40855,7,8,1
HH_40856,16,3,0
HH_40857,5,5,1
HH_40858,11,1,3
HH_40859,9,5,3
HH_40860,11,11,1
HH_40861,11,6,0
HH_40862,16,9,1
HH_40863,16,3,0
HH_40864,13,2,2
HH_40865,13,4,4
HH_40866,13,8,4
HH_40867,13,7,2
HH_40868,10,3,1
HH_40869,14,6,2
HH_40870,17,3,0
HH_40871,7,3,1
HH_40872,13,7,2
HH_40873,10,8,5
HH_40874,11,1,1
HH_40875,14,9,0
HH_40876,13,7,1
HH_40877,10,2,3
HH_40878,15,2,2
HH_40879,11,7,1
HH_40880,14,10,3
HH_40881,14,5,2
HH_40882,11,8,1
HH_40883,13,8,1
HH_40884,15,4,0
HH_40885,11,10,2
HH_40886,13,3,0
HH_40887,14,3,3
HH_40888,11,4,0
HH_40889,19,4,1
HH_40890,16,8,1
HH_40891,16,1,0
HH_40892,10,6,0
HH_40893,10,7,0
HH_40894,9,4,0
HH_40895,15,7,2
HH_40896,17,3,1
HH_40897,24,8,2
HH_40898,8,4,2
HH_40899,14,4,1
HH_40900,13,4,0
HH_40901,9,6,2
HH_40902,19,5,1
HH_40903,13,12,0
HH_40904,12,6,0
HH_40905,13,2,2
HH_40906,11,3,0
HH_40907,12,5,2
HH_40908,16,10,2
HH_40909,13,1,1
HH_40910,12,2,2
HH_40911,9,7,3
HH_40912,9,5,1
HH_40913,17,6,0
HH_40914,11,2,0
HH_40915,5,1,0
HH_40916,13,5,2
HH_40917,13,3,0
HH_40918,9,4,1
HH_40919,13,4,1
HH_40920,14,6,1
HH_40921,15,4,0
HH_40922,13,5,0
HH_40923,13,5,1
HH_40924,13,8,1
HH_40925,17,6,1
HH_40926,9,2,0
HH_40927,12,5,0
HH_40928,11,2,1
HH_40929,11,4,1
HH_40930,11,3,3
HH_40931,10,5,0
HH_40932,19,3,0
HH_40933,11,7,2
HH_40934,11,5,0
HH_40935,13,4,2
HH_40936,11,4,2
HH_40937,8,1,1
HH_40938,13,4,1
HH_40939,14,5,0
HH_40940,25,8,0
HH_40941,13,6,1
HH_40942,14,6,1
HH_40943,11,6,0
HH_40944,8,4,2
HH_40945,9,7,1
HH_40946,8,2,1
HH_40947,7,6,1
HH_40948,18,4,1
HH_40949,12,5,2
HH_40950,14,3,1
HH_40951,14,4,0
HH_40952,10,7,1
HH_40953,12,3,1
HH_40954,11,3,0
HH_40955,12,5,1
HH_40956,14,5,1
HH_40957,18,2,0
HH_40958,15,6,1
HH_40959,18,5,1
HH_40960,9,3,1
HH_40961,8,4,0
HH_40962,16,3,0
HH_40963,9,4,0
HH_40964,19,4,0
HH_40965,13,3,2
HH_40966,14,5,1
HH_40967,10,3,0
HH_40968,10,3,1
HH_40969,15,6,0
HH_40970,12,2,1
HH_40971,10,5,1
HH_40972,10,4,1
HH_40973,10,4,1
HH_40974,11,3,0
HH_40975,18,2,0
HH_40976,20,7,1
HH_40977,11,4,0
HH_40978,11,4,0
HH_40979,9,5,1
HH_40980,15,6,1
HH_40981,8,7,0
HH_40982,14,4,0
HH_40983,10,6,2
HH_40984,15,2,1
HH_40985,15,4,1
HH_40986,8,7,0
HH_40987,8,2,0
HH_40988,4,5,1
HH_40989,11,4,1
HH_40990,20,6,0
HH_40991,12,6,1
HH_40992,10,4,2
HH_40993,10,3,3
HH_40994,15,7,0
HH_40995,15,5,0
HH_40996,16,9,2
HH_40997,8,5,0
HH_40998,9,7,2
HH_40999,6,4,0
HH_41000,8,2,0
HH_41001,13,8,0
HH_41002,11,6,0
HH_41003,13,3,1
HH_41004,16,6,0
HH_41005,11,6,2
HH_41006,17,4,0
HH_41007,8,5,0
HH_41008,11,8,2
HH_41009,16,6,0
HH_41010,16,2,1
HH_41011,11,5,0
HH_41012,15,4,3
HH_41013,16,2,2
HH_41014,9,5,1
HH_41015,10,5,3
HH_41016,13,3,1
HH_41017,14,6,0
HH_41018,12,3,2
HH_41019,8,4,2
HH_41020,10,3,1
HH_41021,15,6,0
HH_41022,13,3,2
HH_41023,8,4,0
HH_41024,14,6,1
HH_41025,12,4,2
HH_41026,14,6,0
HH_41027,10,5,2
HH_41028,12,3,1
HH_41029,15,2,0
HH_41030,13,4,2
HH_41031,12,6,3
HH_41032,12,4,1
HH_41033,11,6,0
HH_41034,11,4,0
HH_41035,13,8,1
HH_41036,7,7,0
HH_41037,13,7,3
HH_41038,11,4,0
HH_41039,10,8,2
HH_41040,14,3,1
HH_41041,11,2,1
HH_41042,12,8,1
HH_41043,9,3,0
HH_41044,13,6,1
HH_41045,12,5,0
HH_41046,7,3,1
HH_41047,9,3,1
HH_41048,10,8,2
HH_41049,5,5,1
HH_41050,12,7,0
HH_41051,11,3,2
HH_41052,13,5,2
HH_41053,9,12,0
HH_41054,10,2,0
HH_41055,7,6,1
HH_41056,13,3,1
HH_41057,10,8,0
HH_41058,7,2,0
HH_41059,11,7,0
HH_41060,11,4,2
HH_41061,7,4,2
HH_41062,11,6,0
HH_41063,16,4,1
HH_41064,10,8,2
HH_41065,14,6,1
HH_41066,12,6,1
HH_41067,6,8,0
HH_41068,14,3,2
HH_41069,14,8,0
HH_41070,13,6,1
HH_41071,12,4,2
HH_41072,12,3,1
HH_41073,9,10,1
HH_41074,12,13,2
HH_41075,12,4,0
HH_41076,11,2,4
HH_41077,16,3,3
HH_41078,19,8,1
HH_41079,10,3,0
HH_41080,12,5,0
HH_41081,9,9,1
HH_41082,17,4,1
HH_41083,16,4,1
HH_41084,8,5,2
HH_41085,13,5,0
HH_41086,13,8,1
HH_41087,12,1,1
HH_41088,10,3,1
HH_41089,7,7,1
HH_41090,11,3,3
HH_41091,12,4,2
HH_41092,16,2,0
HH_41093,19,4,1
HH_41094,12,5,1
HH_41095,10,4,1
HH_41096,12,5,2
HH_41097,11,6,0
HH_41098,13,5,0
HH_41099,9,5,1
HH_41100,14,3,0
HH_41101,9,7,1
HH_41102,11,5,1
HH_41103,12,4,0
HH_41104,10,3,3
HH_41105,17,4,2
HH_41106,10,4,2
HH_41107,8,7,1
HH_41108,14,2,1
HH_41109,15,6,1
HH_41110,17,7,1
HH_41111,13,5,1
HH_41112,12,3,0
HH_41113,11,4,0
HH_41114,13,9,0
HH_41115,9,3,0
HH_41116,12,8,3
HH_41117,17,4,2
HH_41118,8,2,1
HH_41119,11,7,1
HH_41120,6,3,3
HH_41121,15,3,5
HH_41122,13,5,1
HH_41123,15,8,2
HH_41124,14,5,0
HH_41125,11,6,2
HH_41126,5,8,0
HH_41127,8,1,2
HH_41128,11,5,1
HH_41129,8,5,1
HH_41130,14,4,2
HH_41131,16,3,0
HH_41132,12,1,1
HH_41133,16,4,1
HH_41134,7,5,0
HH_41135,10,6,2
HH_41136,7,3,2
HH_41137,11,2,2
HH_41138,14,5,0
HH_41139,14,4,0
HH_41140,12,10,2
HH_41141,12,7,0
HH_41142,12,1,0
HH_41143,14,5,0
HH_41144,15,6,1
HH_41145,8,6,0
HH_41146,14,4,2
HH_41147,10,9,2
HH_41148,13,6,1
HH_41149,15,2,2
HH_41150,8,3,0
HH_41151,7,4,0
HH_41152,16,1,0
HH_41153,11,9,0
HH_41154,17,4,1
HH_41155,14,3,1
HH_41156,14,5,1
HH_41157,8,5,1
HH_41158,8,8,1
HH_41159,6,5,0
HH_41160,13,7,1
HH_41161,17,5,0
HH_41162,12,5,0
HH_41163,11,6,1
HH_41164,12,5,1
HH_41165,17,1,4
HH_41166,14,3,1
HH_41167,11,5,0
HH_41168,5,3,1
HH_41169,14,10,0
HH_41170,13,5,2
HH_41171,14,5,2
HH_41172,10,2,3
HH_41173,12,2,1
HH_41174,9,3,0
HH_41175,10,5,2
HH_41176,12,9,0
HH_41177,12,5,0
HH_41178,16,5,2
HH_41179,8,6,0
HH_41180,7,5,0
HH_41181,10,4,1
HH_41182,10,8,2
HH_41183,10,4,0
HH_41184,8,3,0
HH_41185,11,4,1
HH_41186,13,8,2
HH_41187,13,7,1
